No,抽選日,当選数字,口数[ストレート],口数[ボックス],口数[セット・ストレート],口数[セット・ボックス],口数[ミニ],金額[ストレート],金額[ボックス],金額[セット・ストレート],金額[セット・ボックス],金額[ミニ],販売実績
1,1994/10/07,191,0,0,0,0,0,119800,39900,79800,19900,11900,0
2,1994/10/14,988,0,0,0,0,0,333500,111100,222300,55500,33300,0
3,1994/10/21,194,0,0,0,0,0,71700,11900,41800,5900,7100,0
4,1994/10/28,105,0,0,0,0,0,57200,9500,33300,4700,5700,0
5,1994/11/04,592,0,0,0,0,0,113400,18900,66100,9400,11300,0
6,1994/11/11,792,0,0,0,0,0,102600,17100,59800,8500,10200,0
7,1994/11/18,708,0,0,0,0,0,149100,24800,86900,12400,14900,0
8,1994/11/25,234,0,0,0,0,0,58200,9700,33900,4800,5800,0
9,1994/12/02,243,0,0,0,0,0,83600,13900,48700,6900,8300,0
10,1994/12/09,340,0,0,0,0,0,154600,25700,90100,12800,15400,0
11,1994/12/16,326,0,0,0,0,0,47500,7900,27700,3900,4700,0
12,1994/12/23,247,0,0,0,0,0,45800,7600,26700,3800,4500,0
13,1994/12/30,229,0,0,0,0,0,112700,37500,75100,18700,11200,0
14,1995/01/06,743,0,0,0,0,0,91400,15200,53300,7600,9100,0
15,1995/01/10,019,0,0,0,0,0,62000,10300,36100,5100,6200,0
16,1995/01/13,179,0,0,0,0,0,78900,13100,46000,6500,7800,0
17,1995/01/17,475,0,0,0,0,0,110900,18400,64600,9200,11000,0
18,1995/01/20,291,0,0,0,0,0,63400,10500,36900,5200,6300,0
19,1995/01/24,852,0,0,0,0,0,49300,8200,28700,4100,4900,0
20,1995/01/27,502,0,0,0,0,0,78800,13100,45900,6500,7800,0
21,1995/01/31,558,0,0,0,0,0,250100,83300,166700,41600,25000,0
22,1995/02/03,951,0,0,0,0,0,88000,14600,51300,7300,8800,0
23,1995/02/07,912,0,0,0,0,0,61900,10300,36100,5100,6100,0
24,1995/02/10,039,0,0,0,0,0,97600,16200,56900,8100,9700,0
25,1995/02/14,458,0,0,0,0,0,110700,18400,64500,9200,11000,0
26,1995/02/17,984,0,0,0,0,0,190100,31600,110800,15800,19000,0
27,1995/02/21,917,0,0,0,0,0,69500,11500,40500,5700,6900,0
28,1995/02/24,789,0,0,0,0,0,90300,15000,52600,7500,9000,0
29,1995/02/28,589,0,0,0,0,0,91500,15200,53300,7600,9100,0
30,1995/03/03,725,0,0,0,0,0,48300,8000,28100,4000,4800,0
31,1995/03/07,073,0,0,0,0,0,94600,15700,55100,7800,9400,0
32,1995/03/10,547,0,0,0,0,0,96000,16000,56000,8000,9600,0
33,1995/03/14,063,0,0,0,0,0,98700,16400,57500,8200,9800,0
34,1995/03/17,634,0,0,0,0,0,84500,14000,49200,7000,8400,0
35,1995/03/21,333,0,0,0,0,0,65500,0,0,0,6500,0
36,1995/03/24,405,0,0,0,0,0,97600,16200,56900,8100,9700,0
37,1995/03/28,168,0,0,0,0,0,86400,14400,50400,7200,8600,0
38,1995/03/31,389,0,0,0,0,0,103700,17200,60400,8600,10300,0
39,1995/04/04,587,0,0,0,0,0,116100,19300,67700,9600,11600,0
40,1995/04/07,304,0,0,0,0,0,102400,17000,59700,8500,10200,0
41,1995/04/11,048,0,0,0,0,0,82800,13800,48300,6900,8200,0
42,1995/04/14,228,0,0,0,0,0,69700,23200,46400,11600,6900,0
43,1995/04/18,922,0,0,0,0,0,111600,37200,74400,18600,11100,0
44,1995/04/21,697,0,0,0,0,0,199500,33200,116300,16600,19900,0
45,1995/04/25,970,0,0,0,0,0,186600,31100,108800,15500,18600,0
46,1995/04/28,298,0,0,0,0,0,73700,12200,42900,6100,7300,0
47,1995/05/02,989,0,0,0,0,0,110400,36800,73600,18400,11000,0
48,1995/05/05,202,0,0,0,0,0,137400,45800,91600,22900,13700,0
49,1995/05/09,476,0,0,0,0,0,118400,19700,69000,9800,11800,0
50,1995/05/12,042,0,0,0,0,0,95800,15900,55800,7900,9500,0
51,1995/05/16,802,0,0,0,0,0,86500,14400,50400,7200,8600,0
52,1995/05/19,717,0,0,0,0,0,106600,35500,71000,17700,10600,0
53,1995/05/23,889,0,0,0,0,0,120000,40000,80000,20000,12000,0
54,1995/05/26,226,0,0,0,0,0,61000,20300,40600,10100,6100,0
55,1995/05/30,728,0,0,0,0,0,66500,11000,38700,5500,6600,0
56,1995/06/02,929,0,0,0,0,0,70900,23600,47200,11800,7000,0
57,1995/06/06,836,0,0,0,0,0,105600,17600,61600,8800,10500,0
58,1995/06/09,383,0,0,0,0,0,131200,43700,87400,21800,13100,0
59,1995/06/13,410,0,0,0,0,0,81000,13500,47200,6700,8100,0
60,1995/06/16,980,0,0,0,0,0,109600,18200,63900,9100,10900,0
61,1995/06/20,542,0,0,0,0,0,99700,16600,58100,8300,9900,0
62,1995/06/23,725,0,0,0,0,0,57300,9500,33400,4700,5700,0
63,1995/06/27,251,0,0,0,0,0,68800,11400,40100,5700,6800,0
64,1995/06/30,260,0,0,0,0,0,122700,20400,71500,10200,12200,0
65,1995/07/04,588,0,0,0,0,0,149400,49800,99600,24900,14900,0
66,1995/07/07,512,0,0,0,0,0,61600,10200,35900,5100,6100,0
67,1995/07/11,512,0,0,0,0,0,48900,8100,28500,4000,4800,0
68,1995/07/14,750,0,0,0,0,0,144400,24000,84200,12000,14400,0
69,1995/07/18,902,0,0,0,0,0,69900,11600,40700,5800,6900,0
70,1995/07/21,963,0,0,0,0,0,97100,16100,56600,8000,9700,0
71,1995/07/25,661,0,0,0,0,0,145000,48300,96600,24100,14500,0
72,1995/07/28,879,0,0,0,0,0,120200,20000,70100,10000,12000,0
73,1995/08/01,452,0,0,0,0,0,89500,14900,52200,7400,8900,0
74,1995/08/04,174,0,0,0,0,0,78900,13100,46000,6500,7800,0
75,1995/08/08,283,0,0,0,0,0,86400,14400,50400,7200,8600,0
76,1995/08/11,238,0,0,0,0,0,55600,9200,32400,4600,5500,0
77,1995/08/15,972,0,0,0,0,0,78000,13000,45500,6500,7800,0
78,1995/08/18,241,0,0,0,0,0,77300,12800,45000,6400,7700,0
79,1995/08/22,310,0,0,0,0,0,67300,11200,39200,5600,6700,0
80,1995/08/25,882,0,0,0,0,0,85700,28500,57100,14200,8500,0
81,1995/08/29,269,0,0,0,0,0,83100,13800,48400,6900,8300,0
82,1995/09/01,144,0,0,0,0,0,161600,53800,107700,26900,16100,0
83,1995/09/05,174,0,0,0,0,0,65900,10900,38400,5400,6500,0
84,1995/09/08,882,0,0,0,0,0,81600,27200,54400,13600,8100,0
85,1995/09/12,307,0,0,0,0,0,92600,15400,54000,7700,9200,0
86,1995/09/15,864,0,0,0,0,0,123300,20500,71900,10200,12300,0
87,1995/09/19,370,0,0,0,0,0,108300,18000,63100,9000,10800,0
88,1995/09/22,739,0,0,0,0,0,139300,23200,81200,11600,13900,0
89,1995/09/26,697,0,0,0,0,0,147900,24600,86200,12300,14700,0
90,1995/09/29,689,0,0,0,0,0,69400,11500,40400,5700,6900,0
91,1995/10/03,168,0,0,0,0,0,87300,14500,50900,7200,8700,0
92,1995/10/06,957,0,0,0,0,0,121800,20300,71000,10100,12100,0
93,1995/10/10,910,0,0,0,0,0,63800,10600,37200,5300,6300,0
94,1995/10/13,933,0,0,0,0,0,196400,65400,130900,32700,19600,0
95,1995/10/17,306,0,0,0,0,0,85100,14100,49600,7000,8500,0
96,1995/10/20,944,0,0,0,0,0,201900,67300,134600,33600,20100,0
97,1995/10/24,988,0,0,0,0,0,52300,17400,34800,8700,5200,0
98,1995/10/27,562,0,0,0,0,0,96800,16100,56400,8000,9600,0
99,1995/10/31,571,0,0,0,0,0,99600,16600,58100,8300,9900,0
100,1995/11/03,899,0,0,0,0,0,92200,30700,61400,15300,9200,0
101,1995/11/07,945,0,0,0,0,0,123100,20500,71800,10200,12300,0
102,1995/11/10,560,0,0,0,0,0,179300,29800,104500,14900,17900,0
103,1995/11/14,824,0,0,0,0,0,69300,11500,40400,5700,6900,0
104,1995/11/17,610,0,0,0,0,0,98900,16400,57600,8200,9800,0
105,1995/11/21,619,0,0,0,0,0,86800,14400,50600,7200,8600,0
106,1995/11/24,086,0,0,0,0,0,139100,23100,81100,11500,13900,0
107,1995/11/28,082,0,0,0,0,0,77200,12800,45000,6400,7700,0
108,1995/12/01,254,0,0,0,0,0,92000,15000,52600,7500,9000,0
109,1995/12/05,191,0,0,0,0,0,153400,51100,102200,25500,15300,0
110,1995/12/08,385,0,0,0,0,0,71000,11600,40800,5800,7000,0
111,1995/12/12,056,0,0,0,0,0,141100,23500,82300,11700,14100,0
112,1995/12/15,167,0,0,0,0,0,100100,16600,58300,8300,10000,0
113,1995/12/19,744,0,0,0,0,0,191100,63700,127400,31800,19100,0
114,1995/12/22,205,0,0,0,0,0,91100,15100,53100,7500,9100,0
115,1995/12/26,770,0,0,0,0,0,215000,71600,143300,35800,21500,0
116,1995/12/29,366,0,0,0,0,0,129600,43200,86400,21600,12900,0
117,1996/01/05,952,0,0,0,0,0,76200,12700,44400,6300,7600,0
118,1996/01/09,635,0,0,0,0,0,87100,14500,50800,7200,8700,0
119,1996/01/12,952,0,0,0,0,0,70400,11700,41000,5800,7000,0
120,1996/01/16,650,0,0,0,0,0,119200,19800,69500,9900,11900,0
121,1996/01/19,439,0,0,0,0,0,123700,20600,72100,10300,12300,0
122,1996/01/23,458,0,0,0,0,0,97100,16100,56600,8000,9700,0
123,1996/01/26,513,0,0,0,0,0,64300,10700,37500,5300,6400,0
124,1996/01/30,863,0,0,0,0,0,76500,12700,44600,6300,7600,0
125,1996/02/02,409,0,0,0,0,0,110900,18400,64600,9200,11000,0
126,1996/02/06,318,0,0,0,0,0,56800,9400,33100,4700,5600,0
127,1996/02/09,217,0,0,0,0,0,57300,9500,33400,4700,5700,0
128,1996/02/13,855,0,0,0,0,0,140900,46900,93900,23400,14000,0
129,1996/02/16,620,0,0,0,0,0,87300,14500,50900,7200,8700,0
130,1996/02/20,559,0,0,0,0,0,151800,50600,101200,25300,15100,0
131,1996/02/23,820,0,0,0,0,0,86600,14400,50500,7200,8600,0
132,1996/02/27,016,0,0,0,0,0,137700,22900,80300,11400,13700,0
133,1996/03/01,926,0,0,0,0,0,65800,10900,38300,5400,6500,0
134,1996/03/05,603,0,0,0,0,0,79000,13100,46000,6500,7900,0
135,1996/03/08,454,0,0,0,0,0,157400,52400,104900,26200,15700,0
136,1996/03/12,295,0,0,0,0,0,77900,12900,45400,6400,7700,0
137,1996/03/15,819,0,0,0,0,0,79000,13100,46000,6500,7900,0
138,1996/03/19,995,0,0,0,0,0,179800,59900,119800,29900,17900,0
139,1996/03/22,356,0,0,0,0,0,72500,12000,42200,6000,7200,0
140,1996/03/26,054,0,0,0,0,0,133900,22300,78100,11100,13300,0
141,1996/03/29,783,0,0,0,0,0,111100,18500,64800,9200,11100,0
142,1996/04/02,077,0,0,0,0,0,158300,52700,105500,26300,15800,0
143,1996/04/05,694,0,0,0,0,0,117200,19500,68300,9700,11700,0
144,1996/04/09,594,0,0,0,0,0,100900,16800,58800,8400,10000,0
145,1996/04/12,125,0,0,0,0,0,53800,8900,31300,4400,5300,0
146,1996/04/16,766,0,0,0,0,0,166900,55600,111200,27800,16600,0
147,1996/04/19,464,0,0,0,0,0,135800,45200,90500,22600,13500,0
148,1996/04/23,489,0,0,0,0,0,85400,14200,49800,7100,8500,0
149,1996/04/26,003,0,0,0,0,0,201000,67000,134000,33500,20100,0
150,1996/04/30,538,0,0,0,0,0,68000,11300,39600,5600,6800,0
151,1996/05/03,332,0,0,0,0,0,97700,32500,65100,16200,9700,0
152,1996/05/07,224,0,0,0,0,0,65900,21900,43900,10900,6500,0
153,1996/05/10,750,0,0,0,0,0,128500,21400,74900,10700,12800,0
154,1996/05/14,791,0,0,0,0,0,126100,21000,73500,10500,12600,0
155,1996/05/17,126,0,0,0,0,0,66400,11000,38700,5500,6600,0
156,1996/05/21,991,0,0,0,0,0,110900,36900,73900,18400,11000,0
157,1996/05/24,570,0,0,0,0,0,128700,21400,75000,10700,12800,0
158,1996/05/28,604,0,0,0,0,0,110300,18300,64300,9100,11000,0
159,1996/05/31,259,0,0,0,0,0,48400,8000,28200,4000,4800,0
160,1996/06/04,839,0,0,0,0,0,110400,18400,64400,9200,11000,0
161,1996/06/07,284,0,0,0,0,0,75900,12600,44200,6300,7500,0
162,1996/06/11,516,0,0,0,0,0,76800,12800,44800,6400,7600,0
163,1996/06/14,648,499,1696,511,2312,1631,86400,14400,50400,7200,8600,0
164,1996/06/18,198,239,1377,349,2543,784,124900,20800,72800,10400,12400,0
165,1996/06/21,563,496,1945,516,2851,1244,84500,14000,49200,7000,8400,0
166,1996/06/25,331,649,744,644,889,1417,78800,26200,52500,13100,7800,0
167,1996/06/28,233,431,674,364,839,1334,113400,37800,75600,18900,11300,0
168,1996/07/02,107,657,2612,806,3275,1174,72700,12000,42100,6000,7200,0
169,1996/07/05,351,519,3295,623,4241,1070,69500,11500,40500,5700,6900,0
170,1996/07/09,574,369,1620,489,2561,922,106600,17700,62100,8800,10600,0
171,1996/07/12,679,304,1280,430,2239,815,127400,21200,74300,10600,12700,0
172,1996/07/16,355,438,479,392,730,1420,113300,37700,75500,18800,11300,0
173,1996/07/19,581,303,1808,424,2928,920,100300,16700,58500,8300,10000,0
174,1996/07/23,967,230,985,277,1583,806,152200,25300,88700,12600,15200,0
175,1996/07/26,683,359,1881,523,2929,780,92900,15400,54100,7700,9200,0
176,1996/07/30,203,373,1390,517,2356,893,98600,16400,57500,8200,9800,0
177,1996/08/02,845,392,1483,511,2483,1178,91200,15200,53200,7600,9100,0
178,1996/08/06,464,369,459,319,701,908,120200,40000,80100,20000,12000,0
179,1996/08/09,168,382,1883,621,3077,1056,81300,13500,47400,6700,8100,0
180,1996/08/13,632,356,1871,392,2857,1026,88100,14600,51300,7300,8800,0
181,1996/08/16,890,289,1115,395,2065,844,107600,17900,62700,8900,10700,0
182,1996/08/20,439,342,1073,378,1888,1086,112900,18800,65800,9400,11200,0
183,1996/08/23,589,453,1250,714,2305,1833,80700,13400,47000,6700,8000,0
184,1996/08/27,492,287,1939,343,3349,786,104200,17300,60700,8600,10400,0
185,1996/08/30,882,572,1018,621,1386,1135,72500,24100,48300,12000,7200,0
186,1996/09/03,439,458,1496,546,2107,1266,95900,15900,55900,7900,9500,0
187,1996/09/06,975,291,1705,344,2493,847,120300,20000,70100,10000,12000,0
188,1996/09/10,254,593,2462,914,3621,1478,60800,10100,35400,5000,6000,0
189,1996/09/13,199,262,513,218,908,1054,140100,46700,96400,23300,14000,0
190,1996/09/17,170,196,1223,246,2459,677,136400,22700,79500,11300,13600,0
191,1996/09/20,424,419,486,429,666,1128,106000,35300,70600,17600,10600,0
192,1996/09/24,021,264,1402,253,2245,1021,115000,19100,67000,9500,11500,0
193,1996/09/27,656,258,389,287,690,1436,142800,47600,95200,23800,14200,0
194,1996/10/01,812,483,1999,715,2853,1482,75100,12500,43800,6200,7500,0
195,1996/10/04,819,432,1836,627,2919,1259,82800,13800,48300,6900,8200,0
196,1996/10/08,907,404,1259,679,1956,991,93300,15500,54400,7700,9300,0
197,1996/10/11,728,607,1725,821,2355,1496,69300,11500,40400,5700,6900,0
198,1996/10/15,374,520,1774,597,2352,936,81600,13600,47600,6800,8100,0
199,1996/10/18,269,519,2183,672,3232,1051,72800,12100,42400,6000,7200,0
200,1996/10/22,411,408,762,441,987,1423,98000,32600,65300,16300,9800,0
201,1996/10/25,176,377,1693,459,2525,643,100200,16700,58400,8300,10000,0
202,1996/10/29,676,251,388,217,639,620,176900,58900,117900,29400,17600,0
203,1996/11/01,093,288,1424,351,2470,1268,118100,19600,68800,9800,11800,0
204,1996/11/05,211,535,1314,466,1492,794,71900,23900,47900,11900,7100,0
205,1996/11/08,531,637,2821,764,3488,903,59300,9800,34500,4900,5900,0
206,1996/11/12,938,228,1490,332,3075,1049,109500,18200,63800,9100,10900,0
207,1996/11/15,413,489,1596,550,2166,1120,82200,13700,47900,6800,8200,0
208,1996/11/19,781,336,1813,471,3094,957,88800,14800,51800,7400,8800,0
209,1996/11/22,920,475,1763,617,2808,919,76600,12700,44600,6300,7600,0
210,1996/11/26,192,346,2481,458,4376,895,77700,12900,45300,6400,7700,0
211,1996/11/29,022,221,514,229,1061,1096,137600,45800,91700,22900,13700,0
212,1996/12/03,151,242,753,291,1211,1516,112200,37400,74800,18700,11200,0
213,1996/12/06,502,413,1888,664,2660,783,80800,13400,47100,6700,8000,0
214,1996/12/10,870,268,1002,290,1684,805,145300,24200,84700,12100,14500,0
215,1996/12/13,215,910,3512,1144,5081,1449,45600,7600,26600,3800,4500,0
216,1996/12/17,337,495,573,447,738,1184,102600,34200,68400,17100,10200,0
217,1996/12/20,712,822,3467,1092,4687,1493,48600,8100,28300,4000,4800,0
218,1996/12/24,594,294,1386,413,2698,898,106200,17700,61900,8800,10600,0
219,1996/12/27,260,299,1548,351,2522,959,118800,19800,69300,9900,11800,0
220,1997/01/07,112,1028,1501,919,1545,1654,54500,18100,36300,9000,5400,0
221,1997/01/10,514,600,1810,814,2615,1256,67600,11200,39400,5600,6700,0
222,1997/01/14,227,661,821,690,793,1511,71100,23700,47400,11800,7100,0
223,1997/01/17,333,1580,0,0,0,1003,67800,0,0,0,6700,0
224,1997/01/21,466,294,509,299,741,969,128900,42900,85900,21400,12800,0
225,1997/01/24,751,389,1984,373,2867,906,90000,15000,52500,7500,9000,0
226,1997/01/28,952,648,2807,889,4173,1252,57400,9500,33400,4700,5700,0
227,1997/01/31,188,315,595,335,914,1211,115000,38300,76600,19100,11500,0
228,1997/02/04,014,297,1421,326,2399,1155,111000,18500,64700,9200,11100,0
229,1997/02/07,409,383,1056,570,1758,1069,100000,16600,58300,8300,10000,0
230,1997/02/11,383,282,478,349,653,816,121100,40300,80700,20100,12100,0
231,1997/02/14,523,586,2153,743,3222,1717,62400,10400,36400,5200,6200,0
232,1997/02/18,945,326,1349,382,2226,1820,98600,16400,57500,8200,9800,0
233,1997/02/21,065,290,1246,326,2665,1094,109100,18100,63600,9000,10900,0
234,1997/02/25,317,687,2325,829,3029,1480,59800,9900,34800,4900,5900,0
235,1997/02/28,582,534,2759,641,4088,1098,63500,10500,37000,5200,6300,0
236,1997/03/04,830,408,1438,542,2242,1234,90200,15000,52600,7500,9000,0
237,1997/03/07,648,400,1339,444,1828,969,100500,16700,58600,8300,10000,0
238,1997/03/11,414,609,861,778,1010,1353,65900,21900,43900,10900,6500,0
239,1997/03/14,741,580,3037,737,4757,1055,55400,9200,32300,4600,5500,0
240,1997/03/18,229,657,791,952,1000,1237,59200,19700,39400,9800,5900,0
241,1997/03/21,400,185,256,204,347,1933,150200,50000,100100,25000,15000,0
242,1997/03/25,066,309,465,270,695,867,123100,41000,82000,20500,12300,0
243,1997/03/28,608,280,1002,413,1552,609,119800,19900,69800,9900,11900,0
244,1997/04/01,140,352,2454,257,3343,728,85300,14200,49700,7100,8500,0
245,1997/04/04,827,337,1167,457,1999,1043,96000,16000,56000,8000,9600,0
246,1997/04/08,593,494,1855,621,3297,1009,65000,10800,37900,5400,6500,0
247,1997/04/11,537,368,2253,396,2922,828,74900,12400,43600,6200,7400,0
248,1997/04/15,193,397,1687,491,2756,510,82300,13700,48000,6800,8200,0
249,1997/04/18,624,432,2238,588,3058,1066,67500,11200,39300,5600,6700,0
250,1997/04/22,180,235,1379,331,2481,602,110900,18400,64600,9200,11000,0
251,1997/04/25,227,483,621,524,1062,1060,76300,25400,50800,12700,7600,0
252,1997/04/29,004,199,230,179,330,614,184900,61600,123200,30800,18400,0
253,1997/05/02,616,372,660,491,885,1183,88500,29500,59000,14700,8800,0
254,1997/05/06,238,367,1690,454,2796,980,78100,13000,45500,6500,7800,0
255,1997/05/09,770,424,558,338,691,1122,92100,30700,61400,15300,9200,0
256,1997/05/13,088,307,538,315,744,1091,107300,35700,71500,17800,10700,0
257,1997/05/16,935,363,1368,476,2170,902,85800,14300,50000,7100,8500,0
258,1997/05/20,447,430,483,504,663,900,85500,28500,57000,14200,8500,0
259,1997/05/23,216,521,1993,744,2979,895,59500,9900,34700,4900,5900,0
260,1997/05/27,061,167,1266,270,2087,739,126600,21100,73800,10500,12600,0
261,1997/05/30,596,293,987,464,1710,1281,98000,16300,57100,8100,9800,0
262,1997/06/03,042,227,1357,241,2084,789,117900,19600,68700,9800,11700,0
263,1997/06/06,839,348,1212,633,2049,1300,80900,13400,47100,6700,8000,0
264,1997/06/10,362,379,1708,387,2723,675,79300,13200,46200,6600,7900,0
265,1997/06/13,928,484,1368,596,2423,1141,68500,11400,39900,5700,6800,0
266,1997/06/17,972,157,1234,243,2182,854,121500,20200,70800,10100,12100,0
267,1997/06/20,093,197,957,281,1659,687,119900,19900,69900,9900,11900,0
268,1997/06/24,024,350,1261,384,1735,1370,91700,15200,53400,7600,9100,0
269,1997/06/27,782,221,1278,328,2210,920,109700,18200,63900,9100,10900,0
270,1997/07/01,793,288,1279,375,1986,779,108100,18000,63000,9000,10800,0
271,1997/07/04,823,486,1904,610,2744,1,66600,11100,38800,5500,6600,0
272,1997/07/08,783,314,1285,384,2238,888,94900,15800,55300,7900,9400,0
273,1997/07/11,526,451,1418,615,2284,1095,72400,12000,42200,6000,7200,0
274,1997/07/15,854,241,1091,361,1942,1239,108300,18000,63100,9000,10800,0
275,1997/07/18,806,191,906,298,1413,783,137900,22900,80400,11400,13700,0
276,1997/07/22,385,425,1739,565,2661,666,69600,11600,40600,5800,6900,0
277,1997/07/25,632,276,1754,362,2917,855,84300,14000,49100,7000,8400,0
278,1997/07/29,877,222,286,194,624,1021,149700,49900,99800,24900,14900,0
279,1997/08/01,891,298,1649,412,3243,827,81500,13500,47500,6700,8100,0
280,1997/08/05,326,707,1705,693,2142,1235,54900,9100,32000,4500,5400,0
281,1997/08/08,907,223,915,362,1425,611,123500,20500,72000,10200,12300,0
282,1997/08/12,743,245,1245,360,2122,886,95100,15800,55400,7900,9500,0
283,1997/08/15,940,128,806,204,1575,538,144600,24100,84300,12000,14400,0
284,1997/08/19,588,265,359,285,537,1028,115100,38300,76700,19100,11500,0
285,1997/08/22,760,208,730,263,1448,571,137100,22800,79900,11400,13700,0
286,1997/08/26,272,306,603,340,1059,802,100300,33400,66800,16700,10000,0
287,1997/08/29,925,573,1936,882,3252,1220,54300,9000,31600,4500,5400,0
288,1997/09/02,144,374,603,364,968,1831,87900,29300,58600,14600,8700,0
289,1997/09/05,838,218,509,255,869,1080,122300,40700,81500,20300,12200,0
290,1997/09/09,167,234,1137,289,1891,872,120300,20000,70100,10000,12000,0
291,1997/09/12,085,185,1128,284,1827,625,130600,21700,76100,10800,13000,0
292,1997/09/16,737,180,320,214,525,885,149000,49600,99300,24800,14900,0
293,1997/09/19,663,289,603,420,918,1115,96200,32000,64100,16000,9600,0
294,1997/09/23,107,381,1177,517,1550,702,87400,14500,50900,7200,8700,0
295,1997/09/26,075,272,1075,325,1848,663,114000,19000,66500,9500,11400,0
296,1997/09/30,880,398,510,337,636,560,112100,37300,74700,18600,11200,0
297,1997/10/03,144,297,613,306,998,937,108200,36000,72100,18000,10800,0
298,1997/10/06,104,955,2032,1067,1812,656,42800,7100,24900,3500,4200,0
299,1997/10/08,155,252,576,240,864,1060,101600,33800,67700,16900,10100,0
300,1997/10/10,126,462,1579,574,1790,1126,64900,10800,37800,5400,6400,0
301,1997/10/13,330,536,745,547,893,652,67000,22300,44600,11100,6700,0
302,1997/10/15,001,317,395,291,526,906,103100,34300,68700,17100,10300,0
303,1997/10/17,497,195,932,293,1738,557,125100,20800,72900,10400,12500,0
304,1997/10/20,399,210,386,292,610,1063,118700,39500,79100,19700,11800,0
305,1997/10/22,367,219,951,383,1361,608,108100,18000,63000,9000,10800,0
306,1997/10/24,748,268,900,292,1675,895,110300,18300,64300,9100,11000,0
307,1997/10/27,690,212,911,283,1616,613,122400,20400,71400,10200,12200,0
308,1997/10/29,519,328,1156,500,1723,1161,79200,13200,46200,6600,7900,0
309,1997/10/31,777,1397,0,0,0,973,57100,0,0,0,5700,0
310,1997/11/03,575,205,355,225,527,495,118900,39600,79200,19800,11800,0
311,1997/11/05,104,388,1050,507,1450,537,79700,13200,46400,6600,7900,0
312,1997/11/07,068,176,798,273,1448,775,128800,21400,75100,10700,12800,0
313,1997/11/10,069,269,835,240,1305,579,120000,20000,70000,10000,12000,0
314,1997/11/12,242,286,581,331,913,855,88100,29300,58700,14600,8800,0
315,1997/11/14,137,312,1510,461,2261,933,74700,12400,43500,6200,7400,0
316,1997/11/17,218,379,1390,525,2142,995,67100,11100,39100,5500,6700,0
317,1997/11/19,190,270,1154,309,2117,569,86000,14300,50100,7100,8600,0
318,1997/11/21,537,242,1607,350,2250,599,81000,13500,47200,6700,8100,0
319,1997/11/24,395,137,978,254,1711,391,108300,18000,63100,9000,10800,0
320,1997/11/26,598,165,546,234,1104,500,140900,23400,82100,11700,14000,0
321,1997/11/28,429,427,1230,646,2126,1103,66400,11000,38700,5500,6600,0
322,1997/12/01,064,196,968,257,1621,761,117300,19500,68400,9700,11700,0
323,1997/12/03,375,431,1700,447,2175,577,65500,10900,38200,5400,6500,0
324,1997/12/05,805,217,971,313,1625,765,106200,17700,61900,8800,10600,0
325,1997/12/08,531,396,1982,467,2647,710,64400,10700,37500,5300,6400,0
326,1997/12/10,930,300,1170,393,2024,497,85000,14100,49500,7000,8500,0
327,1997/12/12,980,207,845,287,1679,487,119400,19900,69600,9900,11900,0
328,1997/12/15,736,210,1116,291,1600,961,112400,18700,65500,9300,11200,0
329,1997/12/17,543,150,810,180,1418,748,142500,23700,83100,11800,14200,0
330,1997/12/19,179,265,1287,372,2165,746,94800,15800,55300,7900,9400,0
331,1997/12/22,196,241,1063,330,1913,613,110300,18300,64300,9100,11000,0
332,1997/12/24,167,299,1037,474,1628,828,89500,14900,52200,7400,8900,0
333,1997/12/26,238,363,1744,665,2843,1053,68000,11300,39600,5600,6800,0
334,1997/12/29,480,223,1067,307,1900,684,118600,19700,69100,9800,11800,0
335,1998/01/05,950,261,1361,459,2509,757,86700,14400,50500,7200,8600,0
336,1998/01/07,551,309,473,300,690,728,98400,32800,65600,16400,9800,0
337,1998/01/09,632,294,1506,346,2568,696,81400,13500,47400,6700,8100,0
338,1998/01/12,704,294,1190,462,1904,646,90700,15100,52900,7500,9000,0
339,1998/01/14,152,240,1997,311,3081,686,78900,13100,46000,6500,7800,0
340,1998/01/16,992,168,283,252,568,524,139100,46300,92700,23100,13900,0
341,1998/01/19,259,418,2409,786,4149,774,52300,8700,30500,4300,5200,0
342,1998/01/21,686,157,212,204,453,670,162600,54200,108400,27100,16200,0
343,1998/01/23,997,189,283,235,434,596,152200,50700,101400,25300,15200,0
344,1998/01/26,035,341,1377,427,2361,1287,82700,13700,48200,6800,8200,0
345,1998/01/28,513,393,1935,521,2687,1088,61600,10200,35900,5100,6100,0
346,1998/01/30,000,767,0,0,0,1091,101100,0,0,0,10100,0
347,1998/02/02,718,289,984,398,1554,900,99300,16500,57900,8200,9900,0
348,1998/02/04,394,217,831,329,1616,677,110700,18400,64500,9200,11000,0
349,1998/02/06,431,198,1122,259,1997,770,111100,18500,64800,9200,11100,0
350,1998/02/09,638,280,1398,427,2287,907,84000,14000,49000,7000,8400,0
351,1998/02/11,417,397,1625,609,2415,807,57000,9500,33200,4700,5700,0
352,1998/02/13,038,256,998,361,2066,745,95400,15900,55600,7900,9500,0
353,1998/02/16,996,247,237,240,518,599,135700,45200,90400,22600,13500,0
354,1998/02/18,750,243,856,323,1582,544,102600,17100,59800,8500,10200,0
355,1998/02/20,487,167,668,245,1219,611,141900,23600,82700,11800,14100,0
356,1998/02/23,852,302,1949,437,3389,813,68100,11300,39700,5600,6800,0
357,1998/02/25,756,157,661,203,1126,722,138800,23100,80900,11500,13800,0
358,1998/02/27,469,290,1112,469,1869,994,86500,14400,50400,7200,8600,0
359,1998/03/02,277,259,405,264,633,738,117600,39200,78400,19600,11700,0
360,1998/03/04,965,192,1030,250,1771,697,116800,19400,68100,9700,11600,0
361,1998/03/06,965,197,965,222,1585,565,128600,21400,75000,10700,12800,0
362,1998/03/09,640,205,853,263,1408,729,133400,22200,77800,11100,13300,0
363,1998/03/11,458,296,1141,553,1778,1037,81700,13600,47600,6800,8100,0
364,1998/03/13,908,235,994,322,1931,642,110200,18300,64200,9100,11000,0
365,1998/03/16,887,220,241,241,515,626,154200,51400,102800,25700,15400,0
366,1998/03/18,841,209,1148,337,2100,814,99900,16600,58200,8300,9900,0
367,1998/03/20,778,382,278,305,428,1123,97700,32500,65100,16200,9700,0
368,1998/03/23,805,213,890,338,1508,556,118100,19600,68800,9800,11800,0
369,1998/03/25,135,480,2294,616,3504,1083,52500,8700,30600,4300,5200,0
370,1998/03/27,091,173,1107,291,2120,698,112000,18600,65300,9300,11200,0
371,1998/03/30,798,190,1158,297,1919,797,112900,18800,65800,9400,11200,0
372,1998/04/01,202,252,363,280,583,479,116700,38900,77800,19400,11600,0
373,1998/04/03,417,479,1573,659,2534,959,59600,9900,34700,4900,5900,0
374,1998/04/06,409,311,983,425,1537,616,91300,15200,53200,7600,9100,0
375,1998/04/08,994,331,299,362,494,545,96500,32100,64300,16000,9600,0
376,1998/04/10,274,219,1148,290,2084,620,97000,16100,56500,8000,9700,0
377,1998/04/13,155,238,480,224,749,998,104300,34700,69500,17300,10400,0
378,1998/04/15,075,223,1055,292,1928,632,95500,15900,55700,7900,9500,0
379,1998/04/17,649,230,855,306,1544,1065,102500,17000,59700,8500,10200,0
380,1998/04/20,820,328,972,425,1551,1223,83600,13900,48700,6900,8300,0
381,1998/04/22,885,231,269,304,458,633,112200,37400,74800,18700,11200,0
382,1998/04/24,606,260,314,274,449,589,116200,38700,77400,19300,11600,0
383,1998/04/27,081,146,910,209,1722,548,133400,22200,77800,11100,13300,0
384,1998/04/29,690,158,771,230,1469,625,114700,19100,66900,9500,11400,0
385,1998/05/01,332,295,446,288,681,837,97300,32400,64800,16200,9700,0
386,1998/05/04,578,177,708,258,1212,577,111900,18600,65200,9300,11100,0
387,1998/05/06,396,216,1057,294,2111,498,90800,15100,52900,7500,9000,0
388,1998/05/08,227,463,455,592,598,1032,64000,21300,42600,10600,6400,0
389,1998/05/11,275,312,1772,384,2602,718,73100,12100,42600,6000,7300,0
390,1998/05/13,956,205,936,288,1916,875,100000,16600,58300,8300,10000,0
391,1998/05/15,066,223,286,182,631,941,130400,43400,86900,21700,13000,0
392,1998/05/18,426,396,1557,502,2005,930,68300,11300,39800,5600,6800,0
393,1998/05/20,029,235,986,319,1913,582,94700,15700,55200,7800,9400,0
394,1998/05/22,729,357,1168,570,2124,587,70400,11700,41000,5800,7000,0
395,1998/05/25,440,311,373,337,588,614,99300,33100,66200,16500,9900,0
396,1998/05/27,963,256,1416,360,2269,845,79800,13300,46500,6600,7900,0
397,1998/05/29,345,274,656,354,996,763,104000,17300,60600,8600,10400,0
398,1998/06/01,274,277,1482,418,2205,702,81600,13600,47600,6800,8100,0
399,1998/06/03,816,329,1001,519,1829,846,73600,12200,42900,6100,7300,0
400,1998/06/05,596,295,1118,464,2041,599,83200,13800,48500,6900,8300,0
401,1998/06/08,354,195,899,182,1243,709,129900,21600,75700,10800,12900,0
402,1998/06/10,058,231,904,297,1750,662,101200,16800,59000,8400,10100,0
403,1998/06/12,431,184,996,238,1673,910,115700,19200,67400,9600,11500,0
404,1998/06/15,109,418,1197,581,1756,729,73300,12200,42700,6100,7300,0
405,1998/06/17,891,228,1021,330,2271,532,94800,15800,55300,7900,9400,0
406,1998/06/19,222,1209,0,0,0,883,62500,0,0,0,6200,0
407,1998/06/22,042,224,1062,286,1874,716,104100,17300,60700,8600,10400,0
408,1998/06/24,237,319,1223,422,2229,1001,75800,12600,44200,6300,7500,0
409,1998/06/26,400,177,258,186,467,542,164000,54600,109300,27300,16400,0
410,1998/06/29,866,170,256,155,513,803,159900,53300,106600,26600,15900,0
411,1998/07/01,636,193,300,191,474,967,140600,46800,93700,23400,14000,0
412,1998/07/03,514,451,1186,630,1924,1045,68400,11400,39900,5700,6800,0
413,1998/07/06,910,328,1340,381,1988,718,86400,14400,50400,7200,8600,0
414,1998/07/08,737,262,416,249,676,742,107100,35700,71400,17800,10700,0
415,1998/07/10,834,217,888,308,1810,727,110200,18300,64200,9100,11000,0
416,1998/07/13,001,297,359,234,438,536,126800,42200,84500,21100,12600,0
417,1998/07/15,371,293,1514,371,2473,648,79700,13200,46400,6600,7900,0
418,1998/07/17,429,362,1089,553,1871,881,76300,12700,44500,6300,7600,0
419,1998/07/20,723,456,1243,499,1885,909,61300,10200,35700,5100,6100,0
420,1998/07/22,427,393,1435,520,1971,923,64600,10700,37600,5300,6400,0
421,1998/07/24,402,241,1069,317,1620,492,102400,17000,59700,8500,10200,0
422,1998/07/27,495,149,800,249,1812,741,127800,21300,74500,10600,12700,0
423,1998/07/29,367,275,1037,384,1733,693,88800,14800,51800,7400,8800,0
424,1998/07/31,043,291,909,516,1523,720,86100,14300,50200,7100,8600,0
425,1998/08/03,535,233,356,224,541,962,121900,40600,81200,20300,12100,0
426,1998/08/05,618,361,1168,481,2216,1079,70000,11600,40800,5800,7000,0
427,1998/08/07,159,248,999,348,1727,560,98300,16300,57300,8100,9800,0
428,1998/08/10,512,426,1475,512,2633,678,62400,10400,36400,5200,6200,0
429,1998/08/12,641,209,939,268,1839,565,99700,16600,58100,8300,9900,0
430,1998/08/14,652,191,1077,273,1993,593,94000,15600,54800,7800,9400,0
431,1998/08/17,219,278,1035,438,1888,609,81100,13500,47300,6700,8100,0
432,1998/08/19,163,317,1185,429,2065,640,70300,11700,41000,5800,7000,0
433,1998/08/21,255,238,402,276,706,708,101300,33700,67500,16800,10100,0
434,1998/08/24,698,154,626,234,1171,682,139700,23200,81400,11600,13900,0
435,1998/08/26,161,194,404,193,807,457,123800,41200,82500,20600,12300,0
436,1998/08/28,244,235,386,238,596,774,113400,37800,75600,18900,11300,0
437,1998/08/31,727,442,455,503,561,1069,75500,25100,50300,12500,7500,0
438,1998/09/02,235,446,1609,608,2571,910,59200,9800,34500,4900,5900,0
439,1998/09/04,605,280,967,362,1710,579,97900,16300,57100,8100,9700,0
440,1998/09/07,520,294,1018,373,1525,578,96200,16000,56100,8000,9600,0
441,1998/09/09,196,192,1061,349,2020,778,94100,15600,54800,7800,9400,0
442,1998/09/11,174,225,1629,339,2863,665,79300,13200,46200,6600,7900,0
443,1998/09/14,198,243,1148,403,2161,585,90000,15000,52500,7500,9000,0
444,1998/09/16,107,283,745,425,1217,511,88400,14700,51500,7300,8800,0
445,1998/09/18,087,195,664,297,1496,815,113200,18800,66000,9400,11300,0
446,1998/09/21,531,438,1873,521,2693,773,56800,9400,33100,4700,5600,0
447,1998/09/23,453,156,747,209,1314,1068,101600,16900,59200,8400,10100,0
448,1998/09/25,785,152,724,214,1358,583,131600,21900,76700,10900,13100,0
449,1998/09/28,048,215,768,273,1310,819,117900,19600,68700,9800,11700,0
450,1998/09/30,033,203,392,192,672,677,120700,40200,80400,20100,12000,0
451,1998/10/02,423,295,1188,429,1729,919,82200,13700,47900,6800,8200,0
452,1998/10/05,666,1171,0,0,0,726,68100,0,0,0,6800,0
453,1998/10/07,102,409,1245,494,1450,587,68900,11400,40100,5700,6800,0
454,1998/10/09,713,374,1375,396,2107,907,72500,12000,42200,6000,7200,0
455,1998/10/12,612,381,1531,512,2445,818,67200,11200,39200,5600,6700,0
456,1998/10/14,887,244,218,212,360,488,128400,42800,85600,21400,12800,0
457,1998/10/16,189,294,1200,392,2187,1087,76800,12800,44800,6400,7600,0
458,1998/10/19,383,219,292,232,442,545,132600,44200,88400,22100,13200,0
459,1998/10/21,620,242,865,286,1536,562,99400,16500,57900,8200,9900,0
460,1998/10/23,150,219,1076,185,2042,583,107200,17800,62500,8900,10700,0
461,1998/10/26,190,360,1365,364,2406,505,78900,13100,46000,6500,7800,0
462,1998/10/28,292,191,439,226,847,582,111100,37000,74000,18500,11100,0
463,1998/10/30,994,254,273,262,550,639,117700,39200,78400,19600,11700,0
464,1998/11/02,086,155,788,196,1410,514,147400,24500,85900,12200,14700,0
465,1998/11/04,095,255,950,305,2092,434,93900,15600,54700,7800,9300,0
466,1998/11/06,256,354,1043,427,1833,830,78700,13100,45900,6500,7800,0
467,1998/11/09,882,359,426,296,573,692,94100,31300,62700,15600,9400,0
468,1998/11/11,687,206,702,255,1174,523,122200,20300,71200,10100,12200,0
469,1998/11/13,949,112,163,134,329,676,206500,68800,137600,34400,20600,0
470,1998/11/16,577,211,282,190,591,1012,130500,43500,87000,21700,13000,0
471,1998/11/18,301,330,1138,470,2072,621,72800,12100,42400,6000,7200,0
472,1998/11/20,616,306,371,369,507,785,90200,30000,60100,15000,9000,0
473,1998/11/23,407,270,642,313,1098,424,95400,15900,55600,7900,9500,0
474,1998/11/25,041,231,995,193,1847,515,103100,17100,60100,8500,10300,0
475,1998/11/27,583,243,1347,347,2329,709,85300,14200,49700,7100,8500,0
476,1998/11/30,111,1957,0,0,0,842,39800,0,0,0,3900,0
477,1998/12/02,498,154,519,248,1009,811,131400,21900,76600,10900,13100,0
478,1998/12/04,277,231,386,252,622,571,108700,36200,72400,18100,10800,0
479,1998/12/07,962,190,1159,319,2397,755,92300,15300,53800,7600,9200,0
480,1998/12/09,335,369,430,384,536,1275,75700,25200,50400,12600,7500,0
481,1998/12/11,550,310,478,353,789,781,84900,28300,56600,14100,8400,0
482,1998/12/14,818,341,417,383,583,897,89400,29800,59600,14900,8900,0
483,1998/12/16,075,232,870,330,1736,603,102800,17100,59900,8500,10200,0
484,1998/12/18,899,236,448,277,906,868,99800,33200,66500,16600,9900,0
485,1998/12/21,485,277,917,454,1527,724,94700,15700,55200,7800,9400,0
486,1998/12/23,932,204,995,312,2091,676,93600,15600,54600,7800,9300,0
487,1998/12/25,856,205,1020,362,1855,876,100300,16700,58500,8300,10000,0
488,1998/12/28,115,531,570,613,529,1096,64300,21400,42800,10700,6400,0
489,1998/12/30,618,259,1116,474,2123,745,75500,12500,44000,6200,7500,0
490,1999/01/04,634,187,710,311,1295,587,99400,16500,57900,8200,9900,0
491,1999/01/06,995,256,226,297,364,534,117700,39200,78400,19600,11700,0
492,1999/01/08,931,184,994,282,2072,602,103900,17300,60600,8600,10300,0
493,1999/01/11,385,711,1950,787,2659,666,48900,8100,28500,4000,4800,0
494,1999/01/13,153,358,2024,378,3211,826,63300,10500,36900,5200,6300,0
495,1999/01/15,827,295,1148,510,2008,1159,71900,11900,41900,5900,7100,0
496,1999/01/18,028,219,1078,363,1806,919,101400,16900,59100,8400,10100,0
497,1999/01/20,595,250,366,396,555,597,100600,33500,67000,16700,10000,0
498,1999/01/22,211,257,855,336,1118,650,81300,27100,54200,13500,8100,0
499,1999/01/25,012,404,1517,407,2125,902,74400,12400,43400,6200,7400,0
500,1999/01/27,679,217,646,295,1405,539,125700,20900,73300,10400,12500,0
501,1999/01/29,640,176,977,279,1759,1792,103400,17200,60300,8600,10300,0
502,1999/02/01,929,283,421,421,598,1023,99000,33000,66000,16500,9900,0
503,1999/02/03,782,211,804,262,1599,581,116200,19300,67700,9600,11600,0
504,1999/02/05,947,190,986,322,1908,871,106800,17800,62300,8900,10600,0
505,1999/02/08,480,157,915,257,1617,482,138300,23000,80600,11500,13800,0
506,1999/02/10,993,301,307,311,451,722,108100,36000,72000,18000,10800,0
507,1999/02/12,172,174,1212,279,2305,784,99300,16500,57900,8200,9900,0
508,1999/02/15,295,326,1815,581,3556,843,64000,10600,37300,5300,6400,0
509,1999/02/17,831,356,1391,471,2566,788,69500,11500,40500,5700,6900,0
510,1999/02/19,253,271,1714,358,3120,830,73500,12200,42800,6100,7300,0
511,1999/02/22,914,312,1207,506,2216,837,78900,13100,46000,6500,7800,0
512,1999/02/24,947,169,626,220,1232,635,132300,22000,77100,11000,13200,0
513,1999/02/26,900,164,311,198,730,860,140500,46800,93600,23400,14000,0
514,1999/03/01,122,345,577,412,904,701,83600,27800,55700,13900,8300,0
515,1999/03/03,286,212,1206,413,2250,840,87600,14600,51100,7300,8700,0
516,1999/03/05,583,258,1575,396,2831,591,77800,12900,45300,6400,7700,0
517,1999/03/08,287,166,1129,312,2174,683,105700,17600,61600,8800,10500,0
518,1999/03/10,402,221,891,364,1452,471,104100,17300,60700,8600,10400,0
519,1999/03/12,658,202,764,252,1512,994,113900,18900,66400,9400,11300,0
520,1999/03/15,493,192,863,286,1786,734,108700,18100,63400,9000,10800,0
521,1999/03/17,535,189,305,207,450,1184,120400,40100,80200,20000,12000,0
522,1999/03/19,073,143,785,244,1792,682,118700,19700,69200,9800,11800,0
523,1999/03/22,532,199,1255,256,2101,535,83000,13800,48400,6900,8300,0
524,1999/03/24,036,214,765,356,1476,756,98800,16400,57600,8200,9800,0
525,1999/03/26,919,340,426,394,690,1007,81600,27200,54400,13600,8100,0
526,1999/03/29,357,560,1844,661,2554,893,51100,8500,29800,4200,5100,0
527,1999/03/31,593,322,1559,529,2892,670,61600,10200,35900,5100,6100,0
528,1999/04/02,743,220,891,251,1660,617,106800,17800,62300,8900,10600,0
529,1999/04/05,413,347,1165,463,1793,721,77700,12900,45300,6400,7700,0
530,1999/04/07,719,250,1043,364,2102,467,85200,14200,49700,7100,8500,0
531,1999/04/09,835,320,1557,491,2749,1162,62200,10300,36200,5100,6200,0
532,1999/04/12,277,184,357,262,571,697,120300,40100,80200,20000,12000,0
533,1999/04/14,200,156,200,158,409,532,160500,53500,107000,26700,16000,0
534,1999/04/16,432,174,1056,268,1720,736,108100,18000,63000,9000,10800,0
535,1999/04/19,205,249,931,338,1531,530,100400,16700,58500,8300,10000,0
536,1999/04/21,951,208,982,303,2002,910,91600,15200,53400,7600,9100,0
537,1999/04/23,998,729,387,615,476,1154,52300,17400,34800,8700,5200,0
538,1999/04/26,628,349,1161,504,1924,939,72200,12000,42100,6000,7200,0
539,1999/04/28,435,221,1234,339,2116,1169,79900,13300,46600,6600,7900,0
540,1999/04/30,154,187,894,244,1747,698,111000,18500,64700,9200,11100,0
541,1999/05/03,033,166,363,159,573,635,123100,41000,82000,20500,12300,0
542,1999/05/05,614,220,850,319,1468,586,83300,13800,48500,6900,8300,0
543,1999/05/07,362,312,1235,366,2211,820,75300,12500,43900,6200,7500,0
544,1999/05/10,269,314,1099,404,1812,681,82500,13700,48100,6800,8200,0
545,1999/05/12,838,197,331,256,540,1006,107800,35900,71800,17900,10700,0
546,1999/05/14,098,156,708,329,1561,722,112700,18700,65700,9300,11200,0
547,1999/05/17,806,184,715,307,1260,531,120300,20000,70100,10000,12000,0
548,1999/05/19,411,246,374,303,672,549,95000,31600,63300,15800,9500,0
549,1999/05/21,450,115,632,216,1324,624,140300,23300,81800,11600,14000,0
550,1999/05/24,666,745,0,0,0,803,90800,0,0,0,9000,0
551,1999/05/26,300,216,207,191,412,611,135000,45000,90000,22500,13500,0
552,1999/05/28,993,340,345,375,516,855,88100,29300,58700,14600,8800,0
553,1999/05/31,019,265,1221,387,2319,805,82700,13700,48200,6800,8200,0
554,1999/06/02,355,276,455,253,677,786,94800,31600,63200,15800,9400,0
555,1999/06/04,602,259,926,362,1478,641,97300,16200,56700,8100,9700,0
556,1999/06/07,331,371,422,399,577,846,77500,25800,51600,12900,7700,0
557,1999/06/09,443,236,298,254,404,563,111500,37100,74300,18500,11100,0
558,1999/06/11,666,959,0,0,0,658,73400,0,0,0,7300,0
559,1999/06/14,297,179,896,290,1814,667,104100,17300,60700,8600,10400,0
560,1999/06/16,057,166,815,216,1813,600,108200,18000,63100,9000,10800,0
561,1999/06/18,190,250,964,261,2046,536,92000,15300,53600,7600,9200,0
562,1999/06/21,382,218,1185,432,2430,775,85200,14200,49700,7100,8500,0
563,1999/06/23,080,135,255,154,512,412,164200,54700,109400,27300,16400,0
564,1999/06/25,732,454,1103,714,1827,1026,58500,9700,34100,4800,5800,0
565,1999/06/28,982,248,1076,300,2299,520,97500,16200,56800,8100,9700,0
566,1999/06/30,906,199,776,330,1631,526,109100,18100,63600,9000,10900,0
567,1999/07/02,433,491,469,581,558,1034,66700,22200,44400,11100,6600,0
568,1999/07/05,953,203,1275,283,2825,866,94100,15600,54800,7800,9400,0
569,1999/07/07,049,169,748,250,1507,675,124800,20800,72800,10400,12400,0
570,1999/07/09,587,278,830,338,1496,768,101300,16800,59000,8400,10100,0
571,1999/07/12,798,171,860,234,1453,1160,123800,20600,72200,10300,12300,0
572,1999/07/14,731,296,1313,419,2191,803,75600,12600,44100,6300,7500,0
573,1999/07/16,597,183,832,285,1358,534,123700,20600,72100,10300,12300,0
574,1999/07/19,910,328,1398,565,2463,679,71200,11800,41500,5900,7100,0
575,1999/07/21,939,245,406,308,737,788,90800,30200,60500,15100,9000,0
576,1999/07/23,487,180,605,276,1199,657,126400,21000,73700,10500,12600,0
577,1999/07/26,228,333,416,466,535,940,81700,27200,54400,13600,8100,0
578,1999/07/28,398,299,907,422,2043,1054,74300,12300,43300,6100,7400,0
579,1999/07/30,588,234,230,277,443,916,111200,37000,74100,18500,11100,0
580,1999/08/02,385,466,1763,801,3021,908,48300,8000,28100,4000,4800,0
581,1999/08/04,160,177,725,177,1528,404,122400,20400,71400,10200,12200,0
582,1999/08/06,315,498,1700,623,2763,662,50600,8400,29500,4200,5000,0
583,1999/08/09,850,240,1003,291,2267,560,85000,14100,49500,7000,8500,0
584,1999/08/11,085,157,710,207,1532,550,114700,19100,66900,9500,11400,0
585,1999/08/13,365,258,1237,376,2560,492,71300,11800,41500,5900,7100,0
586,1999/08/16,207,253,798,389,1503,493,87400,14500,50900,7200,8700,0
587,1999/08/18,569,156,630,256,1603,378,111300,18500,64900,9200,11100,0
588,1999/08/20,652,194,834,221,1612,801,103800,17300,60500,8600,10300,0
589,1999/08/23,485,226,833,343,1615,785,95700,15900,55800,7900,9500,0
590,1999/08/25,947,298,769,376,1538,600,87300,14500,50900,7200,8700,0
591,1999/08/27,046,159,644,233,1237,1284,119400,19900,69600,9900,11900,0
592,1999/08/30,036,246,971,345,1727,828,93200,15500,54300,7700,9300,0
593,1999/09/01,829,343,980,510,1874,793,69000,11500,40200,5700,6900,0
594,1999/09/03,130,239,913,299,1704,564,99800,16600,58200,8300,9900,0
595,1999/09/06,162,184,1116,263,2230,478,101700,16900,59300,8400,10100,0
596,1999/09/08,193,352,1000,461,1916,1078,66000,11000,38500,5500,6600,0
597,1999/09/10,429,256,926,443,1780,593,81700,13600,47600,6800,8100,0
598,1999/09/13,306,250,954,301,1608,371,97600,16200,56900,8100,9700,0
599,1999/09/15,554,140,204,262,391,540,120400,40100,80200,20000,12000,0
600,1999/09/17,752,307,1389,437,2324,540,68600,11400,40000,5700,6800,0
601,1999/09/20,421,249,1182,357,2045,683,82000,13600,47800,6800,8200,0
602,1999/09/22,979,162,204,134,435,866,132400,44100,88200,22000,13200,0
603,1999/09/24,699,160,190,160,407,831,132000,44000,88000,22000,13200,0
604,1999/09/27,939,200,387,249,663,697,105400,35100,70200,17500,10500,0
605,1999/09/29,030,214,293,227,531,503,112700,37500,75100,18700,11200,0
606,1999/10/01,638,212,1040,406,1788,838,82300,13700,48000,6800,8200,0
607,1999/10/04,405,280,673,340,1045,683,94700,15700,55200,7800,9400,0
608,1999/10/06,964,206,764,275,1517,700,93800,15600,54700,7800,9300,0
609,1999/10/08,178,200,724,288,1569,741,98200,16300,57200,8100,9800,0
610,1999/10/11,337,249,284,229,431,741,93200,31000,62100,15500,9300,0
611,1999/10/13,801,177,766,248,1522,352,100100,16600,58300,8300,10000,0
612,1999/10/15,730,233,860,307,1554,478,91000,15100,53000,7500,9100,0
613,1999/10/18,591,155,913,314,1624,697,100200,16700,58400,8300,10000,0
614,1999/10/20,369,439,1016,683,1713,531,52100,8600,30300,4300,5200,0
615,1999/10/22,142,131,892,240,1646,886,102900,17100,60000,8500,10200,0
616,1999/10/25,475,303,663,386,1302,667,86500,14400,50400,7200,8600,0
617,1999/10/27,092,147,701,202,1593,570,107700,17900,62800,8900,10700,0
618,1999/10/29,279,267,1180,421,2438,494,71400,11900,41600,5900,7100,0
619,1999/11/01,567,236,582,255,840,564,113300,18800,66000,9400,11300,0
620,1999/11/03,866,160,228,173,397,655,123500,41100,82300,20500,12300,0
621,1999/11/05,044,171,221,205,416,910,127900,42600,85200,21300,12700,0
622,1999/11/08,639,348,1278,460,2369,920,63000,10500,36700,5200,6300,0
623,1999/11/10,308,246,836,481,1604,488,78100,13000,45500,6500,7800,0
624,1999/11/12,675,115,654,138,1112,495,152400,25400,88900,12700,15200,0
625,1999/11/15,546,223,856,281,1673,774,95600,15900,55700,7900,9500,0
626,1999/11/17,588,149,221,190,311,604,143600,47800,95700,23900,14300,0
627,1999/11/19,472,200,1117,347,2023,643,87500,14500,51000,7200,8700,0
628,1999/11/22,201,230,1058,292,1582,413,96100,16000,56000,8000,9600,0
629,1999/11/24,118,328,392,442,515,710,67900,22600,45200,11300,6700,0
630,1999/11/26,223,335,431,439,692,1110,70800,23600,47200,11800,7000,0
631,1999/11/29,194,230,896,392,1570,674,90100,15000,52500,7500,9000,0
632,1999/12/01,182,208,1084,289,2336,705,81100,13500,47300,6700,8100,0
633,1999/12/03,446,174,215,216,354,535,138700,46200,92400,23100,13800,0
634,1999/12/06,382,236,1059,327,2116,487,88200,14700,51400,7300,8800,0
635,1999/12/08,669,252,292,388,444,588,89100,29700,59400,14800,8900,0
636,1999/12/10,403,227,604,347,1198,611,102600,17100,59800,8500,10200,0
637,1999/12/13,633,237,453,281,932,882,90600,30200,60400,15100,9000,0
638,1999/12/15,951,251,939,262,2011,803,87200,14500,50800,7200,8700,0
639,1999/12/17,783,205,791,318,1625,678,101000,16800,58900,8400,10100,0
640,1999/12/20,908,198,862,331,1768,499,103000,17100,60000,8500,10300,0
641,1999/12/22,636,208,321,238,530,764,108900,36300,72600,18100,10800,0
642,1999/12/24,433,240,289,286,480,661,104800,34900,69800,17400,10400,0
643,1999/12/27,364,326,1222,391,2208,607,76500,12700,44600,6300,7600,0
644,1999/12/29,949,252,399,305,684,600,96400,32100,64200,16000,9600,0
645,2000/01/05,584,202,820,290,1636,620,112800,18800,65800,9400,11200,0
646,2000/01/07,732,222,1085,332,2250,830,84700,14100,49400,7000,8400,0
647,2000/01/10,175,229,958,303,1543,604,91500,15200,53300,7600,9100,0
648,2000/01/12,044,117,204,157,409,564,163700,54500,109100,27200,16300,0
649,2000/01/14,282,242,402,233,702,949,101500,33800,67600,16900,10100,0
650,2000/01/17,969,369,444,491,596,1091,74300,24700,49500,12300,7400,0
651,2000/01/19,345,282,978,427,1331,675,81300,13500,47400,6700,8100,0
652,2000/01/21,258,440,1517,754,2622,786,51600,8600,30100,4300,5100,0
653,2000/01/24,037,227,885,295,1636,873,99600,16600,58100,8300,9900,0
654,2000/01/26,507,189,775,320,1657,517,102800,17100,59900,8500,10200,0
655,2000/01/28,798,249,815,369,1623,1299,86300,14300,50300,7100,8600,0
656,2000/01/31,028,162,900,269,1771,981,111700,18600,65100,9300,11100,0
657,2000/02/02,959,399,363,403,616,758,79100,26300,52700,13100,7900,0
658,2000/02/04,553,202,458,271,795,725,106700,35500,71100,17700,10600,0
659,2000/02/07,649,197,931,357,1613,539,109800,18300,64000,9100,10900,0
660,2000/02/09,875,213,809,262,1721,624,100200,16700,58400,8300,10000,0
661,2000/02/11,081,117,697,177,1723,576,131100,21800,76400,10900,13100,0
662,2000/02/14,646,334,417,447,479,799,83900,27900,55900,13900,8300,0
663,2000/02/16,070,123,230,148,449,771,156000,52000,104000,26000,15600,0
664,2000/02/18,195,291,874,371,1652,760,88000,14600,51300,7300,8800,0
665,2000/02/21,297,189,1085,370,2249,471,96600,16100,56300,8000,9600,0
666,2000/02/23,277,307,461,362,745,919,78600,26200,52400,13100,7800,0
667,2000/02/25,943,196,762,351,1809,595,100800,16800,58800,8400,10000,0
668,2000/02/28,157,244,896,320,1480,779,102500,17000,59700,8500,10200,0
669,2000/03/01,367,285,747,415,1399,532,90300,15000,52600,7500,9000,0
670,2000/03/03,811,254,383,283,612,714,106700,35500,71100,17700,10600,0
671,2000/03/06,682,241,1157,289,1868,1343,91400,15200,53300,7600,9100,0
672,2000/03/08,916,251,1027,394,2227,952,78100,13000,45500,6500,7800,0
673,2000/03/10,385,508,1714,974,3123,758,44800,7400,26100,3700,4400,0
674,2000/03/13,478,248,721,350,1318,722,101500,16900,59200,8400,10100,0
675,2000/03/15,944,200,290,269,598,855,105300,35100,70200,17500,10500,0
676,2000/03/17,830,153,779,324,1609,755,104500,17400,60900,8700,10400,0
677,2000/03/20,068,171,549,234,1142,696,116000,19300,67600,9600,11600,0
678,2000/03/22,628,246,838,392,1382,765,87200,14500,50800,7200,8700,0
679,2000/03/24,261,199,812,264,1749,385,108900,18100,63500,9000,10800,0
680,2000/03/27,277,330,458,400,704,637,83500,27800,55600,13900,8300,0
681,2000/03/29,503,292,889,415,1588,702,78700,13100,45900,6500,7800,0
682,2000/03/31,973,157,915,276,2102,565,105200,17500,61300,8700,10500,0
683,2000/04/03,632,300,1241,471,2270,807,72600,12100,42300,6000,7200,0
684,2000/04/05,715,245,952,401,1599,638,81600,13600,47600,6800,8100,0
685,2000/04/07,947,363,854,475,1598,921,72700,12100,42400,6000,7200,0
686,2000/04/10,790,145,594,196,1422,628,136000,22600,79300,11300,13600,0
687,2000/04/12,751,202,747,187,1493,494,110700,18400,64500,9200,11000,0
688,2000/04/14,232,197,324,186,545,740,123200,41000,82100,20500,12300,0
689,2000/04/17,042,252,1054,348,1994,674,88800,14800,51800,7400,8800,0
690,2000/04/19,274,297,1164,441,2024,694,70600,11700,41100,5800,7000,0
691,2000/04/21,132,200,953,220,1803,666,102000,17000,59500,8500,10200,0
692,2000/04/24,548,178,870,301,1822,729,106400,17700,62000,8800,10600,0
693,2000/04/26,094,150,721,190,1676,457,124100,20600,72300,10300,12400,0
694,2000/04/28,900,180,282,217,592,940,123700,41200,82400,20600,12300,0
695,2000/05/01,797,228,225,243,480,531,129200,43000,86100,21500,12900,0
696,2000/05/03,003,120,186,165,310,488,167200,55700,111400,27800,16700,0
697,2000/05/05,971,133,931,223,1900,508,99600,16600,58100,8300,9900,0
698,2000/05/08,907,310,1410,539,2596,513,68800,11400,40100,5700,6800,0
699,2000/05/10,278,288,1059,504,2172,496,72200,12000,42100,6000,7200,0
700,2000/05/12,232,227,335,265,544,1251,103000,34300,68600,17100,10300,0
701,2000/05/15,883,248,323,276,558,830,109200,36400,72800,18200,10900,0
702,2000/05/17,993,391,556,524,992,626,62000,20600,41300,10300,6200,0
703,2000/05/19,424,329,378,313,381,974,90600,30200,60400,15100,9000,0
704,2000/05/22,869,185,560,232,1152,1113,124900,20800,72800,10400,12400,0
705,2000/05/24,094,195,762,277,1597,428,105100,17500,61300,8700,10500,0
706,2000/05/26,948,250,808,339,1619,642,97100,16100,56600,8000,9700,0
707,2000/05/29,851,156,1112,290,2130,729,104400,17400,60900,8700,10400,0
708,2000/05/31,337,285,374,300,503,1068,89200,29700,59400,14800,8900,0
709,2000/06/02,762,215,1142,348,2875,834,82600,13700,48100,6800,8200,0
710,2000/06/05,114,338,421,417,459,757,84000,28000,56000,14000,8400,0
711,2000/06/07,755,122,296,137,455,749,146800,48900,97800,24400,14600,0
712,2000/06/09,428,294,959,492,1629,945,72900,12100,42500,6000,7200,0
713,2000/06/12,620,266,847,375,1544,525,93500,15500,54500,7700,9300,0
714,2000/06/14,943,190,683,289,1616,669,95600,15900,55700,7900,9500,0
715,2000/06/16,040,246,285,214,586,601,112600,37500,75000,18700,11200,0
716,2000/06/19,469,273,800,474,1617,840,81600,13600,47600,6800,8100,0
717,2000/06/21,743,214,751,305,1499,458,99200,16500,57800,8200,9900,0
718,2000/06/23,241,213,892,305,1657,452,101600,16900,59200,8400,10100,0
719,2000/06/26,234,306,1002,405,1585,643,86000,14300,50100,7100,8600,0
720,2000/06/28,217,251,992,389,2145,654,79000,13100,46000,6500,7900,0
721,2000/06/30,889,292,453,404,750,1090,80800,26900,53800,13400,8000,0
722,2000/07/03,214,296,1048,356,1733,560,88000,14600,51300,7300,8800,0
723,2000/07/05,739,262,838,410,1705,753,83000,13800,48400,6900,8300,0
724,2000/07/07,376,247,861,321,1614,1215,90200,15000,52600,7500,9000,0
725,2000/07/10,397,250,1043,353,1859,783,89500,14900,52200,7400,8900,0
726,2000/07/12,629,363,1020,496,1975,820,66100,11000,38500,5500,6600,0
727,2000/07/14,125,339,1292,575,2364,991,62500,10400,36400,5200,6200,0
728,2000/07/17,743,268,992,390,1829,707,84400,14000,49200,7000,8400,0
729,2000/07/19,189,195,881,344,1952,532,90200,15000,52600,7500,9000,0
730,2000/07/21,974,173,890,333,2124,599,90200,15000,52600,7500,9000,0
731,2000/07/24,808,196,338,349,609,629,99200,33000,66100,16500,9900,0
732,2000/07/26,715,238,896,474,1632,551,76300,12700,44500,6300,7600,0
733,2000/07/28,179,194,1002,344,2209,515,86100,14300,50200,7100,8600,0
734,2000/07/31,496,196,826,337,1753,637,95100,15800,55400,7900,9500,0
735,2000/08/02,610,211,494,276,1084,398,112500,18700,65600,9300,11200,0
736,2000/08/04,603,192,779,275,1586,574,102300,17000,59600,8500,10200,0
737,2000/08/07,821,207,848,325,1906,599,89500,14900,52200,7400,8900,0
738,2000/08/09,065,123,444,167,1078,409,146100,24300,85200,12100,14600,0
739,2000/08/11,918,226,829,438,1875,682,77600,12900,45200,6400,7700,0
740,2000/08/14,602,213,799,362,1407,404,84400,14000,49200,7000,8400,0
741,2000/08/16,054,91,548,163,1262,673,135400,22500,78900,11200,13500,0
742,2000/08/18,286,166,880,306,1875,595,94500,15700,55100,7800,9400,0
743,2000/08/21,854,160,1012,281,2257,329,98000,16300,57100,8100,9800,0
744,2000/08/23,946,317,821,417,1775,536,72100,12000,42000,6000,7200,0
745,2000/08/25,031,162,678,166,1633,869,117500,19500,68500,9700,11700,0
746,2000/08/28,134,172,848,307,1698,540,104100,17300,60700,8600,10400,0
747,2000/08/30,831,364,923,498,1690,444,66900,11100,39000,5500,6600,0
748,2000/09/01,617,280,685,372,1421,728,88400,14700,51500,7300,8800,0
749,2000/09/04,920,330,1216,527,2237,487,67800,11300,39500,5600,6700,0
750,2000/09/06,912,302,1157,547,2447,632,60400,10000,35200,5000,6000,0
751,2000/09/08,266,173,291,223,540,907,113700,37900,75800,18900,11300,0
752,2000/09/11,370,160,759,246,1731,572,104700,17400,61000,8700,10400,0
753,2000/09/13,208,205,643,329,1412,345,96400,16000,56200,8000,9600,0
754,2000/09/15,307,223,644,325,1224,362,93000,15500,54200,7700,9300,0
755,2000/09/18,982,182,988,371,2273,729,82900,13800,48300,6900,8200,0
756,2000/09/20,386,198,955,309,1983,371,84600,14100,49300,7000,8400,0
757,2000/09/22,375,298,1202,454,2125,631,64800,10800,37800,5400,6400,0
758,2000/09/25,088,149,227,163,376,584,149100,49700,99400,24800,14900,0
759,2000/09/27,548,161,753,320,1492,459,99000,16500,57700,8200,9900,0
760,2000/09/29,699,137,268,164,518,958,131500,43800,87600,21900,13100,0
761,2000/10/02,805,235,929,479,1744,507,82100,13600,47800,6800,8200,0
762,2000/10/04,804,163,773,239,1629,600,105200,17500,61300,8700,10500,0
763,2000/10/06,610,258,1030,327,1777,573,84000,14000,49000,7000,8400,0
764,2000/10/09,094,177,812,310,1629,427,93600,15600,54600,7800,9300,0
765,2000/10/11,117,353,390,455,508,552,69200,23000,46100,11500,6900,0
766,2000/10/13,835,222,1422,385,2927,928,67000,11100,39000,5500,6700,0
767,2000/10/16,618,379,1049,719,1785,693,61700,10200,35900,5100,6100,0
768,2000/10/18,192,212,1065,349,2384,466,77800,12900,45300,6400,7700,0
769,2000/10/20,220,219,399,306,642,588,92400,30800,61600,15400,9200,0
770,2000/10/23,325,351,1333,595,2162,630,59900,9900,34900,4900,5900,0
771,2000/10/25,522,326,439,321,761,664,74700,24900,49800,12400,7400,0
772,2000/10/27,574,166,794,211,1712,522,110700,18400,64500,9200,11000,0
773,2000/10/30,811,164,331,239,553,525,123700,41200,82400,20600,12300,0
774,2000/11/01,080,247,316,397,440,400,87800,29200,58500,14600,8700,0
775,2000/11/03,923,244,1040,484,2191,694,65600,10900,38200,5400,6500,0
776,2000/11/06,302,256,942,333,1685,513,93700,15600,54600,7800,9300,0
777,2000/11/08,237,349,1186,647,2025,623,58400,9700,34000,4800,5800,0
778,2000/11/10,226,296,376,385,444,743,84600,28200,56400,14100,8400,0
779,2000/11/13,167,197,819,282,1582,606,109200,18200,63700,9100,10900,0
780,2000/11/15,033,209,361,220,620,755,103100,34300,68700,17100,10300,0
781,2000/11/17,472,237,1153,392,2095,594,78000,13000,45500,6500,7800,0
782,2000/11/20,014,144,853,240,1612,706,115200,19200,67200,9600,11500,0
783,2000/11/22,924,300,974,560,1828,725,67600,11200,39400,5600,6700,0
784,2000/11/24,703,333,1240,456,1925,516,69400,11500,40400,5700,6900,0
785,2000/11/27,908,251,916,510,1633,499,87700,14600,51100,7300,8700,0
786,2000/11/29,160,127,740,185,1541,451,130400,21700,76000,10800,13000,0
787,2000/12/01,221,263,523,309,801,683,86400,28800,57600,14400,8600,0
788,2000/12/04,433,203,324,233,444,634,131900,43900,87900,21900,13100,0
789,2000/12/06,787,168,252,201,380,636,141300,47100,94200,23500,14100,0
790,2000/12/08,807,249,802,415,1360,558,97200,16200,56700,8100,9700,0
791,2000/12/11,552,267,472,295,697,878,101500,33800,67600,16900,10100,0
792,2000/12/13,220,249,422,327,593,646,96900,32300,64600,16100,9600,0
793,2000/12/15,685,213,771,269,1430,683,118300,19700,69000,9800,11800,0
794,2000/12/18,199,208,416,244,758,805,122000,40600,81300,20300,12200,0
795,2000/12/20,461,260,1098,331,1791,610,94400,15700,55000,7800,9400,0
796,2000/12/22,360,248,1313,364,2354,394,89400,14900,52100,7400,8900,0
797,2000/12/25,418,296,1062,471,1702,1057,84100,14000,49000,7000,8400,0
798,2000/12/27,477,216,353,253,610,770,113300,37700,75500,18800,11300,0
799,2000/12/29,953,244,1288,338,2373,671,88500,14700,51600,7300,8800,0
800,2001/01/05,817,242,857,410,1658,801,98500,16400,57400,8200,9800,0
801,2001/01/08,793,197,1211,291,2245,540,88300,14700,51500,7300,8800,0
802,2001/01/10,468,277,922,415,1417,561,88200,14700,51400,7300,8800,0
803,2001/01/12,405,267,801,355,1532,627,97100,16100,56600,8000,9700,0
804,2001/01/15,331,360,495,368,615,983,83000,27600,55300,13800,8300,0
805,2001/01/17,224,431,577,602,696,932,58900,19600,39200,9800,5800,0
806,2001/01/19,221,419,718,540,826,645,63500,21100,42300,10500,6300,0
807,2001/01/22,122,1036,886,766,823,838,40800,13600,27200,6800,4000,0
808,2001/01/24,296,153,874,341,1641,550,111400,18500,64900,9200,11100,0
809,2001/01/26,127,734,1609,1365,2076,980,38600,6400,22500,3200,3800,0
810,2001/01/29,929,321,494,416,797,961,87000,29000,58000,14500,8700,0
811,2001/01/31,559,175,392,297,589,514,126900,42300,84600,21100,12600,0
812,2001/02/02,614,309,1047,460,1594,825,89800,14900,52300,7400,8900,0
813,2001/02/05,096,309,950,369,1797,435,108600,18100,63300,9000,10800,0
814,2001/02/07,873,239,1083,413,2342,698,87900,14600,51200,7300,8700,0
815,2001/02/09,839,210,1023,452,2278,826,93200,15500,54300,7700,9300,0
816,2001/02/12,650,183,752,215,1572,529,131700,21900,76800,10900,13100,0
817,2001/02/14,922,286,430,365,758,630,91200,30400,60800,15200,9100,0
818,2001/02/16,427,478,1767,785,2738,1052,55400,9200,32300,4600,5500,0
819,2001/02/19,369,730,1647,1172,2381,773,47200,7800,27500,3900,4700,0
820,2001/02/21,033,284,478,267,813,921,94100,31300,62700,15600,9400,0
821,2001/02/23,292,237,534,321,1072,572,97600,32500,65000,16200,9700,0
822,2001/02/26,459,271,844,483,1705,551,102300,17000,59600,8500,10200,0
823,2001/02/28,535,259,400,297,658,898,103100,34300,68700,17100,10300,0
824,2001/03/02,102,280,1002,430,1624,616,95700,15900,55800,7900,9500,0
825,2001/03/05,339,521,659,625,774,884,66000,22000,44000,11000,6600,0
826,2001/03/07,823,401,1427,677,2589,1312,58500,9700,34100,4800,5800,0
827,2001/03/09,802,240,1061,421,1958,503,92200,15300,53700,7600,9200,0
828,2001/03/12,939,565,778,722,1002,1204,55400,18400,36900,9200,5500,0
829,2001/03/14,442,267,505,317,860,745,92000,30600,61300,15300,9200,0
830,2001/03/16,247,298,1438,475,2505,718,74900,12400,43600,6200,7400,0
831,2001/03/19,764,253,886,272,1688,572,116600,19400,68000,9700,11600,0
832,2001/03/21,626,338,456,411,565,819,82900,27600,55200,13800,8200,0
833,2001/03/23,826,345,1426,521,2258,698,73600,12200,42900,6100,7300,0
834,2001/03/26,594,246,851,308,1603,539,117100,19500,68300,9700,11700,0
835,2001/03/28,309,369,1124,634,2054,863,67400,11200,39300,5600,6700,0
836,2001/03/30,926,326,1357,577,2156,801,69300,11500,40400,5700,6900,0
837,2001/04/02,539,344,1207,501,1980,1225,76400,12700,44500,6300,7600,0
838,2001/04/04,524,282,1141,572,1865,1008,72300,12000,42100,6000,7200,0
839,2001/04/06,679,196,683,276,1474,511,126300,21000,73600,10500,12600,0
840,2001/04/09,059,209,1011,267,1954,794,112500,18700,65600,9300,11200,0
841,2001/04/11,306,275,1026,487,1739,513,84600,14100,49300,7000,8400,0
842,2001/04/13,219,334,1281,542,2523,884,70200,11700,40900,5800,7000,0
843,2001/04/16,768,166,616,225,1018,557,161000,26800,93900,13400,16100,0
844,2001/04/18,170,151,824,198,1766,448,132300,22000,77100,11000,13200,0
845,2001/04/20,274,323,1788,518,3036,430,68200,11300,39700,5600,6800,0
846,2001/04/23,531,545,2031,675,2951,935,55900,9300,32600,4600,5500,0
847,2001/04/25,473,248,1169,374,2418,521,86700,14400,50500,7200,8600,0
848,2001/04/27,098,181,1028,352,2117,771,105400,17500,61400,8700,10500,0
849,2001/04/30,539,439,1483,509,2214,1493,59800,9900,34800,4900,5900,0
850,2001/05/02,646,172,273,220,427,778,146700,48900,97800,24400,14600,0
851,2001/05/04,717,235,314,292,594,597,102700,34200,68400,17100,10200,0
852,2001/05/07,057,263,1375,340,2458,876,90100,15000,52500,7500,9000,0
853,2001/05/09,363,284,392,320,564,803,96300,32100,64200,16000,9600,0
854,2001/05/11,112,421,658,459,1021,679,68700,22900,45800,11400,6800,0
855,2001/05/14,939,451,484,557,697,1814,67400,22400,44900,11200,6700,0
856,2001/05/16,099,354,350,323,662,609,89800,29900,59800,14900,8900,0
857,2001/05/18,921,326,1441,677,2644,762,63300,10500,36900,5200,6300,0
858,2001/05/21,510,419,912,453,1467,531,82600,13700,48100,6800,8200,0
859,2001/05/23,400,130,160,160,350,712,170300,56700,113500,28300,17000,0
860,2001/05/25,963,231,1284,352,2803,537,84800,14100,49400,7000,8400,0
861,2001/05/28,931,207,1299,318,2600,898,92300,15300,53800,7600,9200,0
862,2001/05/30,883,255,419,331,791,671,94100,31300,62700,15600,9400,0
863,2001/06/01,585,211,423,348,609,726,107300,35700,71500,17800,10700,0
864,2001/06/04,426,391,1650,521,2395,1198,65800,10900,38300,5400,6500,0
865,2001/06/06,329,353,1156,623,2464,1011,60600,10100,35300,5000,6000,0
866,2001/06/08,571,253,1160,365,2270,550,85400,14200,49800,7100,8500,0
867,2001/06/11,432,284,1070,384,1868,1020,85800,14300,50000,7100,8500,0
868,2001/06/13,634,330,971,395,1547,576,79000,13100,46000,6500,7900,0
869,2001/06/15,245,251,1008,371,1776,756,90700,15100,52900,7500,9000,0
870,2001/06/18,772,221,611,296,1177,613,99100,33000,66000,16500,9900,0
871,2001/06/20,639,464,1754,718,3059,2948,44700,7400,26000,3700,4400,0
872,2001/06/22,755,163,303,192,506,805,143900,47900,95900,23900,14300,0
873,2001/06/25,367,333,1340,492,2231,799,78200,13000,45600,6500,7800,0
874,2001/06/27,454,201,380,231,569,483,125800,41900,83800,20900,12500,0
875,2001/06/29,778,199,276,231,425,589,145900,48600,97200,24300,14500,0
876,2001/07/02,845,299,1174,492,1966,682,88800,14800,51800,7400,8800,0
877,2001/07/04,589,309,645,387,1307,939,94100,15600,54800,7800,9400,0
878,2001/07/06,318,318,952,481,1852,792,82400,13700,48000,6800,8200,0
879,2001/07/09,908,204,831,403,1711,542,113800,18900,66300,9400,11300,0
880,2001/07/11,678,223,797,384,1305,566,106000,17600,61800,8800,10600,0
881,2001/07/13,494,154,362,242,567,626,133800,44600,89200,22300,13300,0
882,2001/07/16,703,264,1015,524,1853,601,87500,14500,51000,7200,8700,0
883,2001/07/18,745,200,861,352,1701,651,99300,16500,57900,8200,9900,0
884,2001/07/20,388,197,366,261,616,828,104200,34700,69400,17300,10400,0
885,2001/07/23,307,262,874,461,1509,471,92600,15400,54000,7700,9200,0
886,2001/07/25,302,201,638,305,1436,460,110700,18400,64500,9200,11000,0
887,2001/07/27,672,160,1244,294,2756,599,94300,15700,55000,7800,9400,0
888,2001/07/30,691,172,910,278,2000,618,114100,19000,66500,9500,11400,0
889,2001/08/01,139,309,955,423,1942,2810,64300,10700,37500,5300,6400,0
890,2001/08/03,332,308,555,392,756,935,79000,26300,52600,13100,7900,0
891,2001/08/06,254,259,1073,378,2149,640,87500,14500,51000,7200,8700,0
892,2001/08/08,353,271,388,281,661,484,95800,31900,63800,15900,9500,0
893,2001/08/10,184,143,782,322,1831,601,109800,18300,64000,9100,10900,0
894,2001/08/13,592,204,1129,362,2488,491,85200,14200,49700,7100,8500,0
895,2001/08/15,614,216,817,358,1508,667,89500,14900,52200,7400,8900,0
896,2001/08/17,108,285,784,509,1563,540,83700,13900,48800,6900,8300,0
897,2001/08/20,055,210,302,198,497,651,133100,44300,88700,22100,13300,0
898,2001/08/22,980,143,618,264,1566,443,113400,18900,66100,9400,11300,0
899,2001/08/24,350,182,893,274,1861,441,112100,18600,65300,9300,11200,0
900,2001/08/27,088,367,587,501,751,727,76500,25500,51000,12700,7600,0
901,2001/08/29,694,196,824,326,1832,528,104300,17300,60800,8600,10400,0
902,2001/08/31,377,284,496,340,825,832,88500,29500,59000,14700,8800,0
903,2001/09/03,648,266,918,370,1673,651,99100,16500,57800,8200,9900,0
904,2001/09/05,005,139,296,233,508,629,141400,47100,94200,23500,14100,0
905,2001/09/07,812,275,988,472,2235,799,77900,12900,45400,6400,7700,0
906,2001/09/10,202,276,551,382,796,616,85000,28300,56600,14100,8500,0
907,2001/09/12,865,330,750,563,1514,461,72900,12100,42500,6000,7200,0
908,2001/09/14,042,258,829,286,1567,573,96900,16100,56500,8000,9600,0
909,2001/09/17,116,327,375,517,504,848,81100,27000,54000,13500,8100,0
910,2001/09/19,947,344,845,500,1859,528,70400,11700,41000,5800,7000,0
911,2001/09/21,972,136,985,245,2198,627,102800,17100,59900,8500,10200,0
912,2001/09/24,891,149,865,313,1870,540,99700,16600,58100,8300,9900,0
913,2001/09/26,524,273,1112,436,2062,881,75100,12500,43800,6200,7500,0
914,2001/09/28,737,198,395,303,618,875,104900,34900,69900,17400,10400,0
915,2001/10/01,356,392,1160,504,2003,1106,67700,11200,39400,5600,6700,0
916,2001/10/03,276,172,895,275,1864,445,107100,17800,62400,8900,10700,0
917,2001/10/05,502,270,889,423,1706,678,86500,14400,50400,7200,8600,0
918,2001/10/08,997,225,340,386,401,479,99500,33100,66300,16500,9900,0
919,2001/10/10,223,359,590,430,1046,789,61800,20600,41200,10300,6100,0
920,2001/10/12,498,135,629,270,1294,552,131700,21900,76800,10900,13100,0
921,2001/10/15,315,528,1726,750,2424,1002,51500,8500,30000,4200,5100,0
922,2001/10/17,893,305,923,705,1849,537,63000,10500,36700,5200,6300,0
923,2001/10/19,232,287,418,336,721,1001,84000,28000,56000,14000,8400,0
924,2001/10/22,511,237,440,290,689,706,100600,33500,67000,16700,10000,0
925,2001/10/24,971,130,731,183,1613,375,133700,22200,77900,11100,13300,0
926,2001/10/26,373,362,580,432,833,484,77000,25600,51300,12800,7700,0
927,2001/10/29,468,449,1225,554,1924,703,68900,11400,40100,5700,6800,0
928,2001/10/31,848,160,286,238,452,502,140300,46700,93500,23300,14000,0
929,2001/11/02,032,211,930,227,1850,929,103600,17200,60400,8600,10300,0
930,2001/11/05,905,250,780,441,1310,690,100200,16700,58400,8300,10000,0
931,2001/11/07,330,420,792,467,1148,677,60100,20000,40000,10000,6000,0
932,2001/11/09,471,257,1309,364,2473,429,81200,13500,47300,6700,8100,0
933,2001/11/12,337,475,729,592,778,774,61800,20600,41200,10300,6100,0
934,2001/11/14,361,315,1084,403,1916,414,78300,13000,45600,6500,7800,0
935,2001/11/16,304,209,688,297,1317,439,117800,19600,68700,9800,11700,0
936,2001/11/19,666,1424,0,0,0,792,53500,0,0,0,5300,0
937,2001/11/21,865,128,682,189,1347,433,140300,23300,81800,11600,14000,0
938,2001/11/23,603,258,1015,402,1996,506,81300,13500,47400,6700,8100,0
939,2001/11/26,308,530,1010,814,1695,593,60100,10000,35000,5000,6000,0
940,2001/11/28,188,232,370,279,655,744,102700,34200,68400,17100,10200,0
941,2001/11/30,059,138,579,230,1249,823,138100,23000,80500,11500,13800,0
942,2001/12/03,614,277,1125,537,2133,807,80400,13400,46900,6700,8000,0
943,2001/12/05,881,233,297,218,494,649,122200,40700,81400,20300,12200,0
944,2001/12/07,937,270,908,367,1804,855,90500,15000,52700,7500,9000,0
945,2001/12/10,019,262,1234,392,2532,902,85600,14200,49900,7100,8500,0
946,2001/12/12,361,279,1238,453,2218,428,78500,13000,45700,6500,7800,0
947,2001/12/14,220,535,726,841,904,771,51500,17100,34300,8500,5100,0
948,2001/12/17,478,248,736,455,1404,708,103700,17200,60400,8600,10300,0
949,2001/12/19,788,177,301,187,464,575,144300,48100,96200,24000,14400,0
950,2001/12/21,707,269,429,371,582,601,96600,32200,64400,16100,9600,0
951,2001/12/24,147,357,1311,589,2059,607,66100,11000,38500,5500,6600,0
952,2001/12/26,549,168,853,360,1910,765,102700,17100,59900,8500,10200,0
953,2001/12/28,875,230,885,349,1727,703,110800,18400,64600,9200,11000,0
954,2002/01/04,103,429,1126,566,1845,649,68300,11300,39800,5600,6800,0
955,2002/01/07,845,183,985,412,1857,828,100500,16700,58600,8300,10000,0
956,2002/01/09,981,187,1013,288,2008,374,104700,17400,61000,8700,10400,0
957,2002/01/11,533,197,474,233,869,986,110200,36700,73400,18300,11000,0
958,2002/01/14,454,291,512,248,849,871,94700,31500,63100,15700,9400,0
959,2002/01/16,911,336,437,325,689,607,90900,30300,60600,15100,9000,0
960,2002/01/18,060,224,368,306,570,553,119100,39700,79400,19800,11900,0
961,2002/01/21,345,403,1175,576,1670,807,73800,12300,43000,6100,7300,0
962,2002/01/23,559,228,360,322,467,632,112900,37600,75200,18800,11200,0
963,2002/01/25,805,267,909,489,1511,701,95000,15800,55400,7900,9500,0
964,2002/01/28,230,289,1242,359,2490,840,92700,15400,54000,7700,9200,0
965,2002/01/30,131,491,848,647,1375,920,54200,18000,36100,9000,5400,0
966,2002/02/01,832,207,1248,363,2619,1456,85800,14300,50000,7100,8500,0
967,2002/02/04,715,302,1315,544,2166,838,83400,13900,48600,6900,8300,0
968,2002/02/06,181,212,478,280,923,590,107300,35700,71500,17800,10700,0
969,2002/02/08,950,165,955,288,1940,681,121700,20200,70900,10100,12100,0
970,2002/02/11,749,158,1006,351,2158,604,107600,17900,62700,8900,10700,0
971,2002/02/13,147,359,1437,617,2523,737,64600,10700,37600,5300,6400,0
972,2002/02/15,337,662,1059,1030,1092,1063,43800,14600,29200,7300,4300,0
973,2002/02/18,557,355,448,317,564,751,105400,35100,70200,17500,10500,0
974,2002/02/20,795,161,781,221,1527,805,129600,21600,75600,10800,12900,0
975,2002/02/22,432,258,1030,362,2059,1279,92800,15400,54100,7700,9200,0
976,2002/02/25,000,740,0,0,0,975,112400,0,0,0,11200,0
977,2002/02/27,192,190,1230,302,2654,509,97200,16200,56700,8100,9700,0
978,2002/03/01,158,256,1065,374,2107,798,95600,15900,55700,7900,9500,0
979,2002/03/04,011,351,692,411,1071,832,82500,27500,55000,13700,8200,0
980,2002/03/06,420,257,973,311,1680,641,100400,16700,58500,8300,10000,0
981,2002/03/08,250,211,1076,273,1847,520,112200,18700,65400,9300,11200,0
982,2002/03/11,071,143,963,185,1891,600,145600,24200,84900,12100,14500,0
983,2002/03/13,727,347,610,534,873,1025,71400,23800,47600,11900,7100,0
984,2002/03/15,824,261,1039,416,1867,884,90100,15000,52500,7500,9000,0
985,2002/03/18,622,305,583,365,1138,1062,85100,28300,56700,14100,8500,0
986,2002/03/20,505,352,386,391,517,721,87000,29000,58000,14500,8700,0
987,2002/03/22,683,157,995,303,2125,617,103600,17200,60400,8600,10300,0
988,2002/03/25,241,245,1307,325,2452,722,91900,15300,53600,7600,9100,0
989,2002/03/27,979,207,401,347,500,585,104700,34900,69800,17400,10400,0
990,2002/03/29,543,211,879,291,1604,752,109200,18200,63700,9100,10900,0
991,2002/04/01,505,310,428,308,581,724,107200,35700,71400,17800,10700,0
992,2002/04/03,124,344,1135,536,1895,831,72600,12100,42300,6000,7200,0
993,2002/04/05,393,380,721,471,1256,675,67400,22400,44900,11200,6700,0
994,2002/04/08,658,187,956,320,1742,965,113000,18800,65900,9400,11300,0
995,2002/04/10,312,305,1312,416,2166,881,76200,12700,44400,6300,7600,0
996,2002/04/12,931,256,1245,381,2399,1217,79500,13200,46300,6600,7900,0
997,2002/04/15,168,282,914,459,1718,823,95500,15900,55700,7900,9500,0
998,2002/04/17,851,156,943,214,1968,642,117800,19600,68700,9800,11700,0
999,2002/04/19,189,263,1209,543,2568,828,79500,13200,46300,6600,7900,0
1000,2002/04/22,165,193,1110,396,2127,573,107800,17900,62800,8900,10700,0
1001,2002/04/24,828,437,477,545,715,995,68400,22800,45600,11400,6800,0
1002,2002/04/26,324,442,1415,577,2266,1043,64700,10700,37700,5300,6400,0
1003,2002/04/29,241,266,1467,385,2430,561,80100,13300,46700,6600,8000,0
1004,2002/05/01,629,260,990,439,1756,753,92100,15300,53700,7600,9200,0
1005,2002/05/03,215,332,1761,606,3180,769,58100,9600,33800,4800,5800,0
1006,2002/05/06,233,235,623,308,1095,948,86400,28800,57600,14400,8600,0
1007,2002/05/08,297,175,940,320,1924,449,106100,17600,61800,8800,10600,0
1008,2002/05/10,381,253,1311,381,2714,567,82700,13700,48200,6800,8200,0
1009,2002/05/13,699,117,266,183,442,795,183800,61200,122500,30600,18300,0
1010,2002/05/15,695,104,740,219,1785,799,132400,22000,77200,11000,13200,0
1011,2002/05/17,813,345,1292,469,2403,1179,69900,11600,40700,5800,6900,0
1012,2002/05/20,690,143,767,269,1553,523,141800,23600,82700,11800,14100,0
1013,2002/05/22,199,176,429,246,859,480,117300,39100,78200,19500,11700,0
1014,2002/05/24,758,205,706,311,1341,714,121100,20100,70600,10000,12100,0
1015,2002/05/27,922,221,467,363,679,763,107000,35600,71300,17800,10700,0
1016,2002/05/29,810,242,863,425,1534,587,96200,16000,56100,8000,9600,0
1017,2002/05/31,463,274,957,414,1986,645,89400,14900,52100,7400,8900,0
1018,2002/06/03,749,163,889,367,1846,685,110000,18300,64100,9100,11000,0
1019,2002/06/05,546,348,827,390,1600,1124,77400,12900,45100,6400,7700,0
1020,2002/06/07,140,131,785,221,1634,465,134100,22300,78200,11100,13400,0
1021,2002/06/10,642,213,1350,259,2350,628,94000,15600,54800,7800,9400,0
1022,2002/06/12,463,205,845,321,1635,505,100000,16600,58300,8300,10000,0
1023,2002/06/14,224,319,518,469,623,1089,78000,26000,52000,13000,7800,0
1024,2002/06/17,423,381,2059,711,3697,1135,54200,9000,31600,4500,5400,0
1025,2002/06/19,793,145,952,278,1798,502,113100,18800,65900,9400,11300,0
1026,2002/06/21,554,204,335,252,533,613,124300,41400,82800,20700,12400,0
1027,2002/06/24,794,273,1180,423,2156,579,87700,14600,51100,7300,8700,0
1028,2002/06/26,441,252,429,350,733,550,98600,32800,65700,16400,9800,0
1029,2002/06/28,825,360,1378,525,2485,886,71200,11800,41500,5900,7100,0
1030,2002/07/01,260,195,993,295,1888,442,118600,19700,69100,9800,11800,0
1031,2002/07/03,216,328,1231,544,2339,805,69300,11500,40400,5700,6900,0
1032,2002/07/05,404,211,359,268,521,502,125500,41800,83600,20900,12500,0
1033,2002/07/08,466,237,413,311,698,918,107200,35700,71400,17800,10700,0
1034,2002/07/10,249,182,895,397,2029,585,92500,15400,53900,7700,9200,0
1035,2002/07/12,067,117,510,203,1234,537,168300,28000,98100,14000,16800,0
1036,2002/07/15,524,356,1394,658,2348,1360,64000,10600,37300,5300,6400,0
1037,2002/07/17,925,333,950,459,1698,766,76500,12700,44600,6300,7600,0
1038,2002/07/19,143,232,961,344,1986,770,91000,15100,53000,7500,9100,0
1039,2002/07/22,258,448,1403,652,1970,809,58900,9800,34300,4900,5800,0
1040,2002/07/24,108,265,692,564,1184,498,79200,13200,46200,6600,7900,0
1041,2002/07/26,526,313,1031,562,2059,962,66200,11000,38600,5500,6600,0
1042,2002/07/29,647,220,872,321,1840,647,97000,16100,56500,8000,9700,0
1043,2002/07/31,844,158,382,239,649,1256,100800,33600,67200,16800,10000,0
1044,2002/08/02,883,227,363,336,500,647,96800,32200,64500,16100,9600,0
1045,2002/08/05,267,226,1028,380,1924,497,89600,14900,52200,7400,8900,0
1046,2002/08/07,676,114,265,226,523,488,135600,45200,90400,22600,13500,0
1047,2002/08/09,165,179,691,272,1505,479,112300,18700,65500,9300,11200,0
1048,2002/08/12,602,181,807,379,1555,576,98800,16400,57600,8200,9800,0
1049,2002/08/14,006,147,234,224,370,428,131400,43800,87600,21900,13100,0
1050,2002/08/16,290,110,701,244,1543,523,125000,20800,72900,10400,12500,0
1051,2002/08/19,538,395,1357,535,2642,1184,58000,9600,33800,4800,5800,0
1052,2002/08/21,642,214,1462,333,2752,543,71600,11900,41700,5900,7100,0
1053,2002/08/23,670,126,561,222,1289,447,146500,24400,85400,12200,14600,0
1054,2002/08/26,911,236,484,362,698,897,96600,32200,64400,16100,9600,0
1055,2002/08/28,552,157,448,235,716,589,110300,36700,73500,18300,11000,0
1056,2002/08/30,646,201,319,332,557,772,107400,35800,71600,17900,10700,0
1057,2002/09/02,137,273,1349,511,2473,949,74700,12400,43500,6200,7400,0
1058,2002/09/04,347,263,978,403,1789,619,83100,13800,48400,6900,8300,0
1059,2002/09/06,879,145,650,233,1315,606,131000,21800,76400,10900,13100,0
1060,2002/09/09,966,186,396,239,655,631,123200,41000,82100,20500,12300,0
1061,2002/09/11,995,188,366,331,438,516,110900,36900,73900,18400,11000,0
1062,2002/09/13,165,183,826,349,1713,553,105100,17500,61300,8700,10500,0
1063,2002/09/16,966,144,330,164,610,556,136100,45300,90700,22600,13600,0
1064,2002/09/18,228,310,407,417,580,843,80500,26800,53600,13400,8000,0
1065,2002/09/20,385,338,1319,689,2207,569,62200,10300,36200,5100,6200,0
1066,2002/09/23,571,172,966,278,1833,511,101300,16800,59000,8400,10100,0
1067,2002/09/25,259,245,1594,459,2905,595,66900,11100,39000,5500,6600,0
1068,2002/09/27,330,290,552,433,764,648,77200,25700,51400,12800,7700,0
1069,2002/09/30,670,143,594,258,1115,365,148800,24800,86800,12400,14800,0
1070,2002/10/02,853,175,1212,338,2294,617,84700,14100,49400,7000,8400,0
1071,2002/10/04,910,257,930,444,1913,523,84600,14100,49300,7000,8400,0
1072,2002/10/07,382,201,1164,375,2102,790,89000,14800,51900,7400,8900,0
1073,2002/10/09,461,230,1064,371,2012,493,83400,13900,48600,6900,8300,0
1074,2002/10/11,866,187,339,210,560,796,120400,40100,80200,20000,12000,0
1075,2002/10/14,567,197,794,375,1337,664,97100,16100,56600,8000,9700,0
1076,2002/10/16,954,143,711,282,1548,725,112600,18700,65600,9300,11200,0
1077,2002/10/18,294,204,880,413,1864,613,92400,15400,53900,7700,9200,0
1078,2002/10/21,408,193,586,331,1179,559,119700,19900,69800,9900,11900,0
1079,2002/10/23,438,138,770,275,1618,640,113800,18900,66300,9400,11300,0
1080,2002/10/25,410,191,738,369,1383,537,109000,18100,63500,9000,10900,0
1081,2002/10/28,465,217,1048,304,1973,730,99300,16500,57900,8200,9900,0
1082,2002/10/30,486,222,1285,407,2167,662,80200,13300,46700,6600,8000,0
1083,2002/11/01,334,220,362,346,538,618,105900,35300,70600,17600,10500,0
1084,2002/11/04,721,313,999,446,2002,679,75000,12500,43700,6200,7500,0
1085,2002/11/06,175,221,1090,354,2030,730,85600,14200,49900,7100,8500,0
1086,2002/11/08,750,212,724,340,1618,650,104100,17300,60700,8600,10400,0
1087,2002/11/11,299,147,473,296,818,917,111600,37200,74400,18600,11100,0
1088,2002/11/13,305,289,736,412,1464,706,85700,14200,49900,7100,8500,0
1089,2002/11/15,670,295,603,445,1226,484,91900,15300,53600,7600,9100,0
1090,2002/11/18,549,187,860,341,1660,740,105800,17600,61700,8800,10500,0
1091,2002/11/20,621,242,945,329,1759,536,88700,14700,51700,7300,8800,0
1092,2002/11/22,779,238,315,281,473,480,108700,36200,72400,18100,10800,0
1093,2002/11/25,782,117,881,233,1889,672,118800,19800,69300,9900,11800,0
1094,2002/11/27,798,220,967,372,1871,641,85800,14300,50000,7100,8500,0
1095,2002/11/29,289,230,1080,441,2578,546,80500,13400,46900,6700,8000,0
1096,2002/12/02,601,160,844,342,1664,958,109900,18300,64100,9100,10900,0
1097,2002/12/04,188,192,401,293,668,832,97800,32600,65200,16300,9700,0
1098,2002/12/06,053,279,880,349,1694,735,88800,14800,51800,7400,8800,0
1099,2002/12/09,180,156,955,264,1892,373,108200,18000,63100,9000,10800,0
1100,2002/12/11,390,151,719,297,1802,465,109900,18300,64100,9100,10900,0
1101,2002/12/13,232,274,504,419,951,1291,76200,25400,50800,12700,7600,0
1102,2002/12/16,015,198,984,335,1886,1106,99900,16600,58200,8300,9900,0
1103,2002/12/18,270,189,910,320,1929,528,102000,17000,59500,8500,10200,0
1104,2002/12/20,386,197,1012,437,1906,499,94900,15800,55300,7900,9400,0
1105,2002/12/23,748,149,691,290,1498,734,118600,19700,69100,9800,11800,0
1106,2002/12/25,821,293,1538,509,3306,759,63600,10600,37100,5300,6300,0
1107,2002/12/27,519,299,978,527,1979,823,79700,13200,46400,6600,7900,0
1108,2002/12/30,407,242,810,511,1452,743,93300,15500,54400,7700,9300,0
1109,2003/01/06,739,232,1021,412,1913,1179,89100,14800,51900,7400,8900,0
1110,2003/01/08,904,194,665,345,1411,505,110100,18300,64200,9100,11000,0
1111,2003/01/10,850,157,803,282,1637,717,119000,19800,69400,9900,11900,0
1112,2003/01/13,417,415,1672,689,2568,826,57400,9500,33400,4700,5700,0
1113,2003/01/15,735,333,1509,475,2659,805,64000,10600,37300,5300,6400,0
1114,2003/01/17,685,138,869,226,1918,522,125200,20800,73000,10400,12500,0
1115,2003/01/20,703,310,1199,666,2188,667,73500,12200,42800,6100,7300,0
1116,2003/01/22,409,223,686,359,1338,613,103800,17300,60500,8600,10300,0
1117,2003/01/24,718,286,804,413,1659,966,86600,14400,50500,7200,8600,0
1118,2003/01/27,816,304,1039,451,1927,654,85500,14200,49800,7100,8500,0
1119,2003/01/29,264,297,1408,402,2422,800,70500,11700,41100,5800,7000,0
1120,2003/01/31,789,247,674,422,1268,568,101800,16900,59300,8400,10100,0
1121,2003/02/03,996,207,393,340,692,719,112700,37500,75100,18700,11200,0
1122,2003/02/05,702,228,894,338,1809,726,96400,16000,56200,8000,9600,0
1123,2003/02/07,687,164,957,318,1943,733,107000,17800,62400,8900,10700,0
1124,2003/02/10,818,354,481,557,614,868,81200,27000,54100,13500,8100,0
1125,2003/02/12,820,230,918,421,1857,718,88600,14700,51600,7300,8800,0
1126,2003/02/14,361,360,1358,567,2715,617,68800,11400,40100,5700,6800,0
1127,2003/02/17,554,215,377,301,504,738,124500,41500,83000,20700,12400,0
1128,2003/02/19,956,142,817,319,1827,785,110200,18300,64200,9100,11000,0
1129,2003/02/21,264,301,1573,489,2552,565,72000,12000,42000,6000,7200,0
1130,2003/02/24,036,335,1064,447,2119,1505,76200,12700,44400,6300,7600,0
1131,2003/02/26,210,450,1009,597,1819,735,65800,10900,38300,5400,6500,0
1132,2003/02/28,418,373,1004,558,2113,751,72500,12000,42200,6000,7200,0
1133,2003/03/03,036,271,1065,428,1949,770,89500,14900,52200,7400,8900,0
1134,2003/03/05,251,291,1243,467,2689,696,71700,11900,41800,5900,7100,0
1135,2003/03/07,887,134,272,183,410,574,162300,54100,108200,27000,16200,0
1136,2003/03/10,410,317,961,448,1746,729,87700,14600,51100,7300,8700,0
1137,2003/03/12,233,303,496,346,779,924,82100,27300,54700,13600,8200,0
1138,2003/03/14,250,184,893,351,1771,557,107100,17800,62400,8900,10700,0
1139,2003/03/17,072,257,1025,411,1980,1423,86700,14400,50500,7200,8600,0
1140,2003/03/19,757,198,379,263,678,610,110800,36900,73800,18400,11000,0
1141,2003/03/21,917,208,851,390,1698,614,89300,14800,52000,7400,8900,0
1142,2003/03/24,540,140,987,264,2157,550,116400,19400,67900,9700,11600,0
1143,2003/03/26,129,353,1031,575,2141,836,67000,11100,39000,5500,6700,0
1144,2003/03/28,999,957,0,0,0,753,74200,0,0,0,7400,0
1145,2003/03/31,126,406,1289,644,2323,787,63600,10600,37100,5300,6300,0
1146,2003/04/02,442,156,398,284,648,754,105300,35100,70200,17500,10500,0
1147,2003/04/04,428,322,1139,587,1884,697,69000,11500,40200,5700,6900,0
1148,2003/04/07,016,184,906,313,1852,726,107000,17800,62400,8900,10700,0
1149,2003/04/09,511,246,386,317,746,617,91200,30400,60800,15200,9100,0
1150,2003/04/11,831,255,1206,454,2198,923,76200,12700,44400,6300,7600,0
1151,2003/04/14,714,416,1659,626,2802,1736,54200,9000,31600,4500,5400,0
1152,2003/04/16,177,164,361,245,652,704,116200,38700,77400,19300,11600,0
1153,2003/04/18,687,171,854,278,1821,628,108500,18000,63200,9000,10800,0
1154,2003/04/21,142,185,1968,327,3791,590,72200,12000,42100,6000,7200,0
1155,2003/04/23,309,262,1057,522,2336,631,71000,11800,41400,5900,7100,0
1156,2003/04/25,198,194,1121,399,2577,590,83400,13900,48600,6900,8300,0
1157,2003/04/28,041,220,1061,301,2021,497,101700,16900,59300,8400,10100,0
1158,2003/04/30,971,126,793,226,1881,438,120000,20000,70000,10000,12000,0
1159,2003/05/02,806,192,812,378,1614,486,108800,18100,63400,9000,10800,0
1160,2003/05/05,831,270,1185,522,1991,552,70900,11800,41300,5900,7000,0
1161,2003/05/07,577,158,248,212,419,475,141100,47000,94000,23500,14100,0
1162,2003/05/09,366,183,404,258,651,784,112000,37300,74600,18600,11200,0
1163,2003/05/12,990,240,350,279,488,520,121200,40400,80800,20200,12100,0
1164,2003/05/14,835,212,1343,461,2566,843,72200,12000,42100,6000,7200,0
1165,2003/05/16,644,197,316,253,552,712,118800,39600,79200,19800,11800,0
1166,2003/05/19,254,281,1225,423,2309,791,78100,13000,45500,6500,7800,0
1167,2003/05/21,183,205,1165,365,2413,687,80300,13300,46800,6600,8000,0
1168,2003/05/23,280,153,821,268,1748,433,118300,19700,69000,9800,11800,0
1169,2003/05/26,400,243,272,241,394,1099,120500,40100,80300,20000,12000,0
1170,2003/05/28,617,252,791,459,1689,795,82600,13700,48100,6800,8200,0
1171,2003/05/30,581,156,1195,342,2292,485,92600,15400,54000,7700,9200,0
1172,2003/06/02,020,165,296,153,436,604,156800,52200,104500,26100,15600,0
1173,2003/06/04,271,192,1078,301,2316,445,88900,14800,51800,7400,8800,0
1174,2003/06/06,170,144,911,302,1898,531,108600,18100,63300,9000,10800,0
1175,2003/06/09,493,153,843,307,1845,624,110100,18300,64200,9100,11000,0
1176,2003/06/11,608,191,599,381,1145,636,102900,17100,60000,8500,10200,0
1177,2003/06/13,441,199,451,313,680,593,100300,33400,66800,16700,10000,0
1178,2003/06/16,996,168,370,297,502,408,123700,41200,82400,20600,12300,0
1179,2003/06/18,889,257,324,426,468,585,85600,28500,57000,14200,8500,0
1180,2003/06/20,044,176,354,245,560,713,116200,38700,77400,19300,11600,0
1181,2003/06/23,346,205,889,304,1695,682,101600,16900,59200,8400,10100,0
1182,2003/06/25,903,201,702,343,1522,480,101500,16900,59200,8400,10100,0
1183,2003/06/27,609,279,736,369,1499,575,94000,15600,54800,7800,9400,0
1184,2003/06/30,749,187,848,337,1710,581,111400,18500,64900,9200,11100,0
1185,2003/07/02,342,153,890,227,1944,649,112900,18800,65800,9400,11200,0
1186,2003/07/04,422,342,601,545,972,1088,66500,22100,44300,11000,6600,0
1187,2003/07/07,184,272,1134,410,1923,768,87400,14500,50900,7200,8700,0
1188,2003/07/09,865,200,838,394,1706,893,91700,15200,53400,7600,9100,0
1189,2003/07/11,463,252,966,404,1936,572,87500,14500,51000,7200,8700,0
1190,2003/07/14,556,369,484,571,655,702,73700,24500,49100,12200,7300,0
1191,2003/07/16,269,238,891,428,1923,740,82900,13800,48300,6900,8200,0
1192,2003/07/18,664,231,467,333,700,614,94900,31600,63200,15800,9400,0
1193,2003/07/21,686,142,298,167,433,579,144400,48100,96200,24000,14400,0
1194,2003/07/23,438,177,801,358,1731,881,94300,15700,55000,7800,9400,0
1195,2003/07/25,416,332,1112,630,2076,688,66400,11000,38700,5500,6600,0
1196,2003/07/28,897,149,855,227,1591,768,124600,20700,72600,10300,12400,0
1197,2003/07/30,695,145,733,235,1487,494,122300,20300,71300,10100,12200,0
1198,2003/08/01,547,174,1018,333,1973,681,98700,16400,57500,8200,9800,0
1199,2003/08/04,152,187,1146,293,2255,746,92900,15400,54100,7700,9200,0
1200,2003/08/06,944,142,266,183,535,627,135900,45300,90600,22600,13500,0
1201,2003/08/08,957,150,723,354,1206,515,109100,18100,63600,9000,10900,0
1202,2003/08/11,459,262,1102,529,2025,613,73000,12100,42500,6000,7300,0
1203,2003/08/13,989,200,317,186,544,585,113200,37700,75400,18800,11300,0
1204,2003/08/15,820,233,784,426,1666,656,82300,13700,48000,6800,8200,0
1205,2003/08/18,766,224,326,202,467,852,121800,40600,81200,20300,12100,0
1206,2003/08/20,943,120,622,222,1448,684,128600,21400,75000,10700,12800,0
1207,2003/08/22,958,204,831,392,1584,888,92200,15300,53700,7600,9200,0
1208,2003/08/25,160,173,879,250,1740,635,116600,19400,68000,9700,11600,0
1209,2003/08/27,612,284,1087,450,2288,895,71700,11900,41800,5900,7100,0
1210,2003/08/29,162,278,1026,311,2123,1757,76600,12700,44600,6300,7600,0
1211,2003/09/01,304,214,788,357,1655,623,106900,17800,62300,8900,10600,0
1212,2003/09/03,638,233,1025,438,1771,685,81700,13600,47600,6800,8100,0
1213,2003/09/05,415,346,935,594,1666,824,70300,11700,41000,5800,7000,0
1214,2003/09/08,911,454,563,494,719,984,65500,21800,43600,10900,6500,0
1215,2003/09/10,979,146,395,238,498,792,114000,38000,76000,19000,11400,0
1216,2003/09/12,221,247,417,349,683,710,89500,29800,59600,14900,8900,0
1217,2003/09/15,279,218,1023,484,2139,403,75600,12600,44100,6300,7500,0
1218,2003/09/17,933,165,394,228,709,675,104500,34800,69600,17400,10400,0
1219,2003/09/19,825,280,1059,465,2032,806,72100,12000,42000,6000,7200,0
1220,2003/09/22,118,313,424,499,515,926,74700,24900,49800,12400,7400,0
1221,2003/09/24,496,151,845,319,1963,828,86500,14400,50400,7200,8600,0
1222,2003/09/26,267,189,768,340,1691,864,94200,15700,54900,7800,9400,0
1223,2003/09/29,784,146,845,286,1580,639,115100,19100,67100,9500,11500,0
1224,2003/10/01,495,138,834,321,1822,450,104100,17300,60700,8600,10400,0
1225,2003/10/03,913,320,1078,549,2000,1037,66800,11100,38900,5500,6600,0
1226,2003/10/06,337,337,466,503,606,783,75600,25200,50400,12600,7500,0
1227,2003/10/08,953,183,936,257,1936,807,92900,15400,54100,7700,9200,0
1228,2003/10/10,899,137,358,217,509,852,123800,41200,82500,20600,12300,0
1229,2003/10/13,842,98,981,210,1817,817,105100,17500,61300,8700,10500,0
1230,2003/10/15,274,309,1259,516,2400,1060,59500,9900,34700,4900,5900,0
1231,2003/10/17,260,142,803,289,1818,608,110700,18400,64500,9200,11000,0
1232,2003/10/20,317,354,1209,570,2147,924,65100,10800,37900,5400,6500,0
1233,2003/10/22,738,212,678,280,1455,752,97000,16100,56500,8000,9700,0
1234,2003/10/24,796,125,711,227,1455,663,128400,21400,74900,10700,12800,0
1235,2003/10/27,235,331,1274,462,2100,704,73000,12100,42500,6000,7300,0
1236,2003/10/29,885,194,399,287,516,600,102600,34200,68400,17100,10200,0
1237,2003/10/31,852,159,1378,330,2513,605,83600,13900,48700,6900,8300,0
1238,2003/11/03,891,181,950,312,1876,799,89000,14800,51900,7400,8900,0
1239,2003/11/05,348,177,795,343,1430,636,100900,16800,58800,8400,10000,0
1240,2003/11/07,798,209,1086,470,2107,610,81400,13500,47400,6700,8100,0
1241,2003/11/10,930,213,835,396,1761,695,94300,15700,55000,7800,9400,0
1242,2003/11/12,175,204,1036,336,1894,732,86600,14400,50500,7200,8600,0
1243,2003/11/14,622,177,483,314,745,915,95700,31900,63800,15900,9500,0
1244,2003/11/17,651,170,904,255,1974,673,107500,17900,62700,8900,10700,0
1245,2003/11/19,704,156,688,295,1324,726,109800,18300,64000,9100,10900,0
1246,2003/11/21,518,273,1141,470,2058,827,70900,11800,41300,5900,7000,0
1247,2003/11/24,054,106,604,152,1371,554,142600,23700,83100,11800,14200,0
1248,2003/11/26,504,243,695,358,1469,341,94700,15700,55200,7800,9400,0
1249,2003/11/28,455,224,516,293,910,1439,81700,27200,54400,13600,8100,0
1250,2003/12/01,276,171,885,298,1816,869,104100,17300,60700,8600,10400,0
1251,2003/12/03,106,215,720,409,1380,427,97400,16200,56800,8100,9700,0
1252,2003/12/05,936,201,1295,412,2751,827,75000,12500,43700,6200,7500,0
1253,2003/12/08,353,195,510,282,785,749,101500,33800,67600,16900,10100,0
1254,2003/12/10,058,132,744,217,1726,686,120100,20000,70000,10000,12000,0
1255,2003/12/12,958,147,764,325,1644,595,112600,18700,65600,9300,11200,0
1256,2003/12/15,080,199,301,309,443,696,127600,42500,85000,21200,12700,0
1257,2003/12/17,239,198,984,434,2248,1230,80500,13400,46900,6700,8000,0
1258,2003/12/19,188,280,474,414,657,1257,81500,27100,54300,13500,8100,0
1259,2003/12/22,606,181,353,227,477,525,135000,45000,90000,22500,13500,0
1260,2003/12/24,021,123,829,188,1679,697,125100,20800,72900,10400,12500,0
1261,2003/12/26,724,348,1569,635,2885,1280,59800,9900,34800,4900,5900,0
1262,2003/12/29,471,260,1617,482,3241,574,73300,12200,42700,6100,7300,0
1263,2004/01/05,491,158,1131,304,2305,547,111200,18500,64800,9200,11100,0
1264,2004/01/07,669,213,466,329,573,855,99100,33000,66000,16500,9900,0
1265,2004/01/09,409,201,722,476,1478,677,98600,16400,57500,8200,9800,0
1266,2004/01/12,884,179,248,226,393,523,145500,48500,97000,24200,14500,0
1267,2004/01/14,121,350,578,424,812,588,71900,23900,47900,11900,7100,0
1268,2004/01/16,445,278,437,403,547,1310,84500,28100,56300,14000,8400,0
1269,2004/01/19,136,336,1235,435,2326,970,75300,12500,43900,6200,7500,0
1270,2004/01/21,004,150,296,232,421,574,139900,46600,93200,23300,13900,0
1271,2004/01/23,320,299,853,435,1603,592,84300,14000,49100,7000,8400,0
1272,2004/01/26,068,163,774,252,1448,919,129500,21500,75500,10700,12900,0
1273,2004/01/28,337,381,535,523,663,1046,66800,22200,44500,11100,6600,0
1274,2004/01/30,281,160,1294,342,2604,656,91200,15200,53200,7600,9100,0
1275,2004/02/02,427,326,1385,564,2297,1294,67500,11200,39300,5600,6700,0
1276,2004/02/04,869,178,663,283,1292,558,120000,20000,70000,10000,12000,0
1277,2004/02/06,777,1097,0,0,0,1285,62600,0,0,0,6200,0
1278,2004/02/09,465,194,949,282,1638,608,111900,18600,65200,9300,11100,0
1279,2004/02/11,583,239,1638,484,3127,617,62700,10400,36500,5200,6200,0
1280,2004/02/13,822,275,555,410,806,1120,81000,27000,54000,13500,8100,0
1281,2004/02/16,040,162,287,187,508,715,151300,50400,100800,25200,15100,0
1282,2004/02/18,204,310,1107,469,2076,671,71600,11900,41700,5900,7100,0
1283,2004/02/20,513,353,1685,620,2927,1165,56400,9400,32900,4700,5600,0
1284,2004/02/23,990,222,385,268,568,635,113700,37900,75800,18900,11300,0
1285,2004/02/25,119,435,567,605,665,1033,58200,19400,38800,9700,5800,0
1286,2004/02/27,051,167,845,252,1917,958,105400,17500,61400,8700,10500,0
1287,2004/03/01,745,176,787,303,1502,772,114900,19100,67000,9500,11400,0
1288,2004/03/03,030,169,302,232,436,676,128800,42900,85800,21400,12800,0
1289,2004/03/05,407,213,738,417,1328,724,98500,16400,57400,8200,9800,0
1290,2004/03/08,162,176,1338,299,2754,857,89100,14800,51900,7400,8900,0
1291,2004/03/10,517,282,1059,534,1810,716,72400,12000,42200,6000,7200,0
1292,2004/03/12,725,308,1226,566,1824,895,68000,11300,39600,5600,6800,0
1293,2004/03/15,000,893,0,0,0,972,80100,0,0,0,8000,0
1294,2004/03/17,558,212,365,332,365,910,98300,32700,65500,16300,9800,0
1295,2004/03/19,170,107,783,207,1611,655,127000,21100,74000,10500,12700,0
1296,2004/03/22,893,235,793,370,1704,861,88100,14600,51300,7300,8800,0
1297,2004/03/24,526,270,909,421,1687,974,73600,12200,42900,6100,7300,0
1298,2004/03/26,174,196,1632,477,3486,616,64900,10800,37800,5400,6400,0
1299,2004/03/29,211,276,539,349,791,877,83200,27700,55400,13800,8300,0
1300,2004/03/31,590,117,652,275,1372,511,124000,20600,72300,10300,12400,0
1301,2004/04/02,820,265,777,443,1570,595,83200,13800,48500,6900,8300,0
1302,2004/04/05,189,232,1081,452,2191,1303,75200,12500,43800,6200,7500,0
1303,2004/04/07,330,379,591,559,744,619,59400,19800,39600,9900,5900,0
1304,2004/04/09,308,236,905,503,1762,707,77200,12800,45000,6400,7700,0
1305,2004/04/12,936,184,1107,359,2306,684,87400,14500,50900,7200,8700,0
1306,2004/04/14,563,158,744,263,1464,639,103300,17200,60200,8600,10300,0
1307,2004/04/16,900,184,378,262,742,664,107600,35800,71700,17900,10700,0
1308,2004/04/19,733,184,451,242,809,777,101600,33800,67700,16900,10100,0
1309,2004/04/21,374,174,933,372,1759,533,90800,15100,52900,7500,9000,0
1310,2004/04/23,842,142,1099,290,2260,1196,88400,14700,51500,7300,8800,0
1311,2004/04/26,922,209,421,347,674,956,95300,31700,63500,15800,9500,0
1312,2004/04/28,764,128,669,248,1471,538,120600,20100,70300,10000,12000,0
1313,2004/04/30,671,145,687,253,1568,671,119000,19800,69400,9900,11900,0
1314,2004/05/03,653,173,890,277,1489,903,95100,15800,55400,7900,9500,0
1315,2004/05/05,758,144,672,315,1373,816,94300,15700,55000,7800,9400,0
1316,2004/05/07,953,201,923,310,1840,501,98200,16300,57200,8100,9800,0
1317,2004/05/10,737,227,459,317,735,920,92900,30900,61900,15400,9200,0
1318,2004/05/12,308,151,773,395,1582,472,100300,16700,58500,8300,10000,0
1319,2004/05/14,567,180,694,371,1371,527,104400,17400,60900,8700,10400,0
1320,2004/05/17,452,222,1177,303,2213,570,88800,14800,51800,7400,8800,0
1321,2004/05/19,490,110,628,215,1495,614,125600,20900,73200,10400,12500,0
1322,2004/05/21,784,114,682,262,1486,583,124600,20700,72600,10300,12400,0
1323,2004/05/24,302,189,694,318,1364,607,109600,18200,63900,9100,10900,0
1324,2004/05/26,855,163,260,197,470,1081,123800,41200,82500,20600,12300,0
1325,2004/05/28,226,302,390,435,525,818,79800,26600,53200,13300,7900,0
1326,2004/05/31,673,195,887,371,1789,1282,85500,14200,49800,7100,8500,0
1327,2004/06/02,215,277,1224,441,2379,1041,65400,10900,38100,5400,6500,151382800
1328,2004/06/04,376,154,846,255,1532,401,113000,18800,65900,9400,11300,153645600
1329,2004/06/07,554,204,313,332,471,835,101700,33900,67800,16900,10100,156437400
1330,2004/06/09,076,103,572,180,1419,376,142700,23700,83200,11800,14200,145667400
1331,2004/06/11,859,108,658,255,1418,608,123000,20500,71700,10200,12300,149188400
1332,2004/06/14,978,166,938,312,1951,966,93500,15500,54500,7700,9300,158733400
1333,2004/06/16,134,188,797,331,1772,813,91700,15200,53400,7600,9100,151469400
1334,2004/06/18,236,274,1193,473,2484,766,68400,11400,39900,5700,6800,157083400
1335,2004/06/21,462,224,1245,342,2111,596,78700,13100,45900,6500,7800,151602000
1336,2004/06/23,206,229,808,316,1526,483,93400,15500,54400,7700,9300,150267200
1337,2004/06/25,814,253,875,505,1766,750,75000,12500,43700,6200,7500,152788800
1338,2004/06/28,837,168,901,260,1830,711,105700,17600,61600,8800,10500,162886800
1339,2004/06/30,902,148,625,322,1365,517,112500,18700,65600,9300,11200,151379000
1340,2004/07/01,597,82,463,170,930,342,120300,20000,70100,10000,12000,98936200
1341,2004/07/02,670,183,423,258,1027,537,101900,16900,59400,8400,10100,123029400
1342,2004/07/05,543,166,984,251,1697,936,101300,16800,59000,8400,10100,160158000
1343,2004/07/06,879,121,687,298,1424,416,85500,14200,49800,7100,8500,108343000
1344,2004/07/07,342,125,851,229,1900,473,87900,14600,51200,7300,8700,118485600
1345,2004/07/08,994,122,205,173,291,550,119600,39800,79700,19900,11900,108808600
1346,2004/07/09,765,180,941,328,1944,536,74200,12300,43200,6100,7400,122681600
1347,2004/07/12,018,176,1084,363,2094,939,86300,14300,50300,7100,8600,160622600
1348,2004/07/13,821,130,692,292,1436,1015,75800,12600,44200,6300,7500,107390600
1349,2004/07/14,498,100,414,227,973,362,122300,20300,71300,10100,12200,113868200
1350,2004/07/15,632,141,852,255,1591,769,74700,12400,43500,6200,7400,106586400
1351,2004/07/16,240,130,572,185,1321,419,112500,18700,65600,9300,11200,121359600
1352,2004/07/19,562,199,905,260,1612,412,87800,14600,51200,7300,8700,132127200
1353,2004/07/20,931,121,581,203,1301,533,93800,15600,54700,7800,9300,103878600
1354,2004/07/21,590,84,448,166,906,369,133800,22300,78000,11100,13300,109394600
1355,2004/07/22,078,73,496,215,1062,409,115200,19200,67200,9600,11500,105141000
1356,2004/07/23,998,181,306,298,437,392,90900,30300,60600,15100,9000,119933000
1357,2004/07/26,883,224,317,287,420,939,96800,32200,64500,16100,9600,147360000
1358,2004/07/27,166,146,183,183,366,799,100300,33400,66800,16700,10000,104783400
1359,2004/07/28,973,84,512,169,1248,431,121300,20200,70700,10100,12100,111953600
1360,2004/07/29,109,170,608,446,1289,477,66600,11100,38800,5500,6600,101687400
1361,2004/07/30,223,209,343,338,504,815,73200,24400,48800,12200,7300,116179400
1362,2004/08/02,286,122,996,258,1767,614,98900,16400,57600,8200,9800,142296000
1363,2004/08/03,844,109,197,132,376,821,113700,37900,75800,18900,11300,102947400
1364,2004/08/04,843,106,575,195,1201,370,105400,17500,61400,8700,10500,106078000
1365,2004/08/05,970,94,456,234,1056,364,106600,17700,62100,8800,10600,102090400
1366,2004/08/06,112,210,373,320,555,640,72200,24000,48100,12000,7200,113029600
1367,2004/08/09,451,246,799,398,1607,1257,69100,11500,40300,5700,6900,133869600
1368,2004/08/10,480,78,434,190,1020,330,114300,19000,66600,9500,11400,96391400
1369,2004/08/11,955,146,226,140,342,611,108300,36100,72200,18000,10800,104246000
1370,2004/08/12,497,97,494,232,1290,543,93100,15500,54300,7700,9300,98648000
1371,2004/08/13,822,142,271,260,427,570,92900,30900,61900,15400,9200,110254200
1372,2004/08/16,383,155,414,240,736,473,100900,33600,67200,16800,10000,139759200
1373,2004/08/17,611,159,284,207,496,484,87300,29100,58200,14500,8700,101489200
1374,2004/08/18,005,94,237,150,406,680,116400,38800,77600,19400,11600,105736200
1375,2004/08/19,281,74,693,169,1617,301,99200,16500,57800,8200,9900,99907800
1376,2004/08/20,114,272,331,412,428,445,66900,22300,44600,11100,6600,114941800
1377,2004/08/23,066,153,283,168,474,666,124900,41600,83200,20800,12400,140150200
1378,2004/08/24,200,111,170,122,217,676,128200,42700,85400,21300,12800,100500400
1379,2004/08/25,717,165,338,239,494,556,86700,28900,57800,14400,8600,110870600
1380,2004/08/26,983,117,562,214,1345,413,99000,16500,57700,8200,9900,107590400
1381,2004/08/27,558,205,282,343,398,882,77100,25700,51400,12800,7700,116958400
1382,2004/08/30,601,127,731,240,1472,694,103900,17300,60600,8600,10300,134216200
1383,2004/08/31,512,189,668,349,1316,430,69800,11600,40700,5800,6900,101935000
1384,2004/09/01,525,172,302,239,391,594,89400,29800,59600,14900,8900,110672400
1385,2004/09/02,355,153,263,183,324,627,99300,33100,66200,16500,9900,105867800
1386,2004/09/03,489,107,492,278,985,673,109300,18200,63700,9100,10900,121654800
1387,2004/09/06,905,280,856,493,1322,508,76200,12700,44400,6300,7600,147603000
1388,2004/09/07,632,98,628,200,1242,908,80700,13400,47000,6700,8000,92169600
1389,2004/09/08,463,157,530,258,1038,423,91200,15200,53200,7600,9100,106421800
1390,2004/09/09,782,72,610,176,1378,505,105900,17600,61700,8800,10500,104012000
1391,2004/09/10,808,163,284,271,438,426,92600,30800,61700,15400,9200,114015400
1392,2004/09/13,921,286,1479,426,2640,673,61000,10100,35500,5000,6100,144924000
1393,2004/09/14,190,173,649,253,1378,579,74100,12300,43200,6100,7400,99156000
1394,2004/09/15,593,124,565,201,1303,327,99600,16600,58100,8300,9900,105575600
1395,2004/09/16,234,200,547,289,1062,493,75400,12500,43900,6200,7500,100239000
1396,2004/09/17,621,156,820,319,1616,380,78500,13000,45700,6500,7800,113720400
1397,2004/09/20,934,97,545,159,1171,379,132800,22100,77400,11000,13200,122860600
1398,2004/09/21,812,167,668,281,1351,477,73800,12300,43000,6100,7300,98912200
1399,2004/09/22,540,104,496,168,1074,440,112200,18700,65400,9300,11200,104303800
1400,2004/09/23,522,163,265,210,518,569,75900,25300,50600,12600,7500,90250200
1401,2004/09/24,206,135,462,249,1078,452,102600,17100,59800,8500,10200,112242400
1402,2004/09/27,374,166,959,379,1829,1032,77500,12900,45200,6400,7700,138219400
1403,2004/09/28,638,149,586,312,1102,532,78100,13000,45500,6500,7800,99687600
1404,2004/09/29,804,98,344,200,786,377,116000,19300,67600,9600,11600,96753000
1405,2004/09/30,187,137,455,199,1111,585,94200,15700,54900,7800,9400,100566800
1406,2004/10/01,374,123,553,246,1178,331,103100,17100,60100,8500,10300,112302000
1407,2004/10/04,835,266,1442,457,2643,650,59800,9900,34800,4900,5900,140839000
1408,2004/10/05,945,131,711,284,1602,489,72500,12000,42200,6000,7200,96300800
1409,2004/10/06,949,73,215,138,313,533,140800,46900,93800,23400,14000,107055800
1410,2004/10/07,391,107,564,182,1203,479,99700,16600,58100,8300,9900,100949000
1411,2004/10/08,355,99,228,161,360,682,115900,38600,77200,19300,11500,105766800
1412,2004/10/11,697,92,452,182,893,352,144700,24100,84400,12000,14400,123261200
1413,2004/10/12,620,137,514,240,1165,502,82100,13600,47800,6800,8200,93115200
1414,2004/10/13,670,168,367,282,875,373,90400,15000,52700,7500,9000,101232400
1415,2004/10/14,189,138,737,411,1550,445,65400,10900,38100,5400,6500,98111000
1416,2004/10/15,266,111,258,191,403,882,106500,35500,71000,17700,10600,113634200
1417,2004/10/18,876,107,749,209,1377,419,126900,21100,74000,10500,12600,144021600
1418,2004/10/19,335,170,234,230,311,400,86000,28600,57300,14300,8600,94254800
1419,2004/10/20,064,59,336,127,808,304,130200,21700,75900,10800,13000,83007600
1420,2004/10/21,499,156,157,156,263,698,107100,35700,71400,17800,10700,101471600
1421,2004/10/22,490,137,654,275,1496,656,85000,14100,49500,7000,8500,112823000
1422,2004/10/25,945,221,917,383,1594,552,81900,13600,47700,6800,8100,142932200
1423,2004/10/26,234,147,504,267,1023,418,85400,14200,49800,7100,8500,97567400
1424,2004/10/27,353,144,324,200,455,728,88800,29600,59200,14800,8800,105408000
1425,2004/10/28,660,85,166,139,265,290,154100,51300,102700,25600,15400,104869800
1426,2004/10/29,754,144,570,179,1084,475,108000,18000,63000,9000,10800,115568600
1427,2004/11/01,638,187,1138,379,1865,616,80200,13300,46700,6600,8000,145314600
1428,2004/11/02,699,141,236,181,423,510,104700,34900,69800,17400,10400,107481200
1429,2004/11/03,819,174,743,385,1552,509,63600,10600,37100,5300,6300,99347800
1430,2004/11/04,295,115,633,232,1488,326,91700,15200,53400,7600,9100,104466400
1431,2004/11/05,742,133,947,240,1990,751,77000,12800,44900,6400,7700,114990800
1432,2004/11/08,400,189,306,217,439,884,107300,35700,71500,17800,10700,142458200
1433,2004/11/09,638,183,636,280,1080,446,77600,12900,45200,6400,7700,101324600
1434,2004/11/10,299,98,235,145,396,582,120900,40300,80600,20100,12000,106762200
1435,2004/11/11,545,114,203,148,330,494,119100,39700,79400,19800,11900,101882600
1436,2004/11/12,196,95,531,188,1296,409,114400,19000,66700,9500,11400,112431800
1437,2004/11/15,667,170,249,233,331,742,117600,39200,78400,19600,11700,140547600
1438,2004/11/16,582,134,834,206,1617,433,80500,13400,46900,6700,8000,102301800
1439,2004/11/17,306,150,555,321,1202,351,83500,13900,48700,6900,8300,104935800
1440,2004/11/18,684,92,495,197,1049,443,103600,17200,60400,8600,10300,96963600
1441,2004/11/19,798,185,680,384,1501,520,70600,11700,41100,5800,7000,109737400
1442,2004/11/22,094,152,661,177,1473,458,116100,19300,67700,9600,11600,137769000
1443,2004/11/23,701,81,420,145,884,565,110900,18400,64600,9200,11000,90212800
1444,2004/11/24,065,65,350,142,904,350,143200,23800,83500,11900,14300,100759400
1445,2004/11/25,392,141,573,230,1335,858,82000,13600,47800,6800,8200,103570800
1446,2004/11/26,588,177,242,240,384,1020,87100,29000,58000,14500,8700,112992000
1447,2004/11/29,925,299,944,411,1508,1166,67800,11300,39500,5600,6700,141539200
1448,2004/11/30,189,138,811,449,1505,606,63100,10500,36800,5200,6300,101143000
1449,2004/12/01,940,90,547,164,1339,439,113900,18900,66400,9400,11300,109489400
1450,2004/12/02,133,136,240,127,508,861,98600,32800,65700,16400,9800,103382000
1451,2004/12/03,288,151,254,202,473,476,102800,34200,68500,17100,10200,113494600
1452,2004/12/06,301,208,803,350,1545,461,88800,14800,51800,7400,8800,142299600
1453,2004/12/07,966,151,267,182,393,707,93100,31000,62000,15500,9300,102964600
1454,2004/12/08,616,144,179,181,222,455,117000,39000,78000,19500,11700,105834800
1455,2004/12/09,363,138,327,181,469,390,93800,31200,62500,15600,9300,101097000
1456,2004/12/10,662,116,274,195,442,299,120600,40200,80400,20100,12000,118226800
1457,2004/12/13,310,296,882,367,1511,686,79000,13100,46000,6500,7900,149612200
1458,2004/12/14,609,149,505,278,1096,397,90700,15100,52900,7500,9000,106105600
1459,2004/12/15,869,128,483,201,1072,467,114200,19000,66600,9500,11400,117238800
1460,2004/12/16,377,155,306,236,451,1733,77800,25900,51800,12900,7700,114612600
1461,2004/12/17,279,135,681,326,1457,410,91100,15100,53100,7500,9100,121768000
1462,2004/12/20,799,258,411,327,600,1204,79800,26600,53200,13300,7900,147869000
1463,2004/12/21,344,114,228,185,404,917,102900,34300,68600,17100,10200,108049200
1464,2004/12/22,082,87,456,154,1217,354,128500,21400,74900,10700,12800,111319200
1465,2004/12/23,824,151,574,285,1061,655,76800,12800,44800,6400,7600,96745000
1466,2004/12/24,095,77,472,128,1048,388,152200,25300,88700,12600,15200,120572000
1467,2004/12/27,625,237,963,399,1558,769,80600,13400,47000,6700,8000,149943800
1468,2004/12/28,497,113,546,247,1382,366,99000,16500,57700,8200,9900,110063600
1469,2004/12/29,213,142,676,272,1320,535,82300,13700,48000,6800,8200,105592600
1470,2004/12/30,815,197,675,311,1289,445,77900,12900,45400,6400,7700,111412000
1471,2005/01/04,902,120,599,251,1175,447,102100,17000,59500,8500,10200,115459600
1472,2005/01/05,227,223,345,347,449,524,69400,23100,46200,11500,6900,107494200
1473,2005/01/06,429,208,664,370,1332,650,65400,10900,38100,5400,6500,103393200
1474,2005/01/07,784,100,489,241,1157,342,115200,19200,67200,9600,11500,115895600
1475,2005/01/10,576,131,677,244,1159,532,115400,19200,67300,9600,11500,137458800
1476,2005/01/11,055,146,266,195,460,1844,77300,25700,51500,12800,7700,107506000
1477,2005/01/12,275,154,856,305,1610,443,71300,11800,41500,5900,7100,103506400
1478,2005/01/13,137,132,668,263,1419,667,81400,13500,47400,6700,8100,105325600
1479,2005/01/14,536,135,725,225,1352,623,92500,15400,53900,7700,9200,115588800
1480,2005/01/17,809,170,848,343,1585,453,96600,16100,56300,8000,9600,147952200
1481,2005/01/18,328,228,718,442,1398,705,61100,10100,35600,5000,6100,107699600
1482,2005/01/19,423,187,703,296,1266,521,76700,12700,44700,6300,7600,108148600
1483,2005/01/20,780,102,355,222,809,542,115700,19200,67400,9600,11500,106073000
1484,2005/01/21,026,115,533,163,1215,543,115500,19200,67300,9600,11500,116724600
1485,2005/01/24,369,457,1332,776,1894,660,50500,8400,29400,4200,5000,152163800
1486,2005/01/25,526,178,712,344,1246,457,76600,12700,44600,6300,7600,110154000
1487,2005/01/26,465,142,743,272,1399,423,87900,14600,51200,7300,8700,114001800
1488,2005/01/27,968,84,478,153,971,382,137400,22900,80100,11400,13700,113631200
1489,2005/01/28,218,226,1285,443,2366,654,57600,9600,33600,4800,5700,123087200
1490,2005/01/31,807,158,635,260,1072,548,121600,20200,70900,10100,12100,151319400
1491,2005/02/01,287,71,588,183,1319,363,111600,18600,65100,9300,11100,104653800
1492,2005/02/02,997,89,176,171,337,307,143000,47600,95300,23800,14300,110825200
1493,2005/02/03,313,229,279,283,443,452,78800,26200,52500,13100,7800,110297800
1494,2005/02/04,800,108,202,167,319,933,123700,41200,82400,20600,12300,119152600
1495,2005/02/07,601,162,748,260,1422,781,105500,17500,61500,8700,10500,148974800
1496,2005/02/08,742,91,744,189,1761,662,86900,14400,50600,7200,8600,104010200
1497,2005/02/09,738,124,586,254,1314,642,90600,15100,52800,7500,9000,109521400
1498,2005/02/10,754,90,583,180,1132,765,102800,17100,59900,8500,10200,105865400
1499,2005/02/11,196,94,528,236,1173,529,98200,16300,57200,8100,9800,102659600
1500,2005/02/14,453,207,1121,309,1732,607,83100,13800,48400,6900,8300,143971600
1501,2005/02/15,793,106,569,236,1092,326,105700,17600,61600,8800,10500,108571400
1502,2005/02/16,556,143,198,210,297,620,101300,33700,67500,16800,10100,103762200
1503,2005/02/17,533,109,356,214,602,763,90500,30100,60300,15000,9000,110108400
1504,2005/02/18,058,110,579,207,1371,637,104200,17300,60700,8600,10400,116989000
1505,2005/02/21,419,277,859,396,1554,690,78300,13000,45600,6500,7800,147876000
1506,2005/02/22,063,78,539,134,1246,462,121200,20200,70700,10100,12100,106702800
1507,2005/02/23,379,156,497,268,1048,463,91500,15200,53300,7600,9100,107542800
1508,2005/02/24,928,168,643,351,1526,592,70100,11600,40800,5800,7000,103847200
1509,2005/02/25,613,182,705,315,1435,428,80900,13400,47100,6700,8000,116202400
1510,2005/02/28,917,176,790,335,1371,656,97500,16200,56800,8100,9700,148038200
1511,2005/03/01,212,190,288,210,507,445,87200,29000,58100,14500,8700,107599800
1512,2005/03/02,887,126,185,186,273,374,126200,42000,84100,21000,12600,110675400
1513,2005/03/03,970,85,438,172,1000,491,129100,21500,75300,10700,12900,112129400
1514,2005/03/04,707,138,227,207,381,421,108700,36200,72400,18100,10800,110477000
1515,2005/03/07,412,284,1138,451,1915,590,70600,11700,41100,5800,7000,150034000
1516,2005/03/08,603,151,625,245,1215,567,87500,14500,51000,7200,8700,108170400
1517,2005/03/09,578,136,562,301,1176,434,91000,15100,53000,7500,9100,110638600
1518,2005/03/10,266,111,258,157,360,891,107300,35700,71500,17800,10700,107529200
1519,2005/03/11,384,173,582,281,1149,413,87400,14500,50900,7200,8700,110917600
1520,2005/03/14,680,157,684,224,1466,323,116100,19300,67700,9600,11600,143509000
1521,2005/03/15,087,84,495,120,1102,317,131800,21900,76800,10900,13100,105492600
1522,2005/03/16,776,206,280,285,455,573,80100,26700,53400,13300,8000,110840000
1523,2005/03/17,387,120,524,240,1110,355,95400,15900,55600,7900,9500,100823600
1524,2005/03/18,319,303,780,531,1598,479,56000,9300,32600,4600,5600,115030400
1525,2005/03/21,729,213,757,347,1441,555,78000,13000,45500,6500,7800,124331800
1526,2005/03/22,963,155,662,293,1534,410,71200,11800,41500,5900,7100,95794400
1527,2005/03/23,751,89,589,148,1329,452,102400,17000,59700,8500,10200,97729600
1528,2005/03/24,948,87,404,202,1050,637,105700,17600,61600,8800,10500,99446400
1529,2005/03/25,235,257,1288,392,2443,1018,49200,8200,28700,4100,4900,110135000
1530,2005/03/28,686,106,245,172,403,544,143200,47700,95400,23800,14300,134906200
1531,2005/03/29,857,127,607,202,1214,474,92400,15400,53900,7700,9200,101579400
1532,2005/03/30,786,180,812,317,1671,361,70200,11700,40900,5800,7000,105423600
1533,2005/03/31,716,136,574,249,899,490,96000,16000,56000,8000,9600,106912200
1534,2005/04/01,084,90,450,146,1023,363,135200,22500,78800,11200,13500,111687200
1535,2005/04/04,567,211,863,418,1326,520,81700,13600,47600,6800,8100,138225400
1536,2005/04/05,414,186,289,307,427,469,76300,25400,50800,12700,7600,102652400
1537,2005/04/06,482,98,669,179,1292,352,102600,17100,59800,8500,10200,104228400
1538,2005/04/07,507,110,436,220,871,385,108200,18000,63100,9000,10800,101516000
1539,2005/04/08,215,192,678,333,1469,469,73100,12100,42600,6000,7300,108749400
1540,2005/04/11,350,234,1456,258,1709,638,100100,16600,58300,8300,10000,185423400
1541,2005/04/12,776,95,126,112,241,365,156800,52200,104500,26100,15600,100499000
1542,2005/04/13,043,90,409,130,921,544,130600,21700,76100,10800,13000,106025400
1543,2005/04/14,400,115,223,219,281,879,99100,33000,66000,16500,9900,103591400
1544,2005/04/15,190,172,635,288,1489,678,83100,13800,48400,6900,8300,117847200
1545,2005/04/18,629,307,1091,520,1706,784,63900,10600,37200,5300,6300,143995600
1546,2005/04/19,841,137,692,216,1459,614,82600,13700,48100,6800,8200,103131800
1547,2005/04/20,073,95,715,184,1623,521,87700,14600,51100,7300,8700,99217200
1548,2005/04/21,942,93,666,161,1303,420,103300,17200,60200,8600,10300,103001800
1549,2005/04/22,203,162,504,275,1184,405,91300,15200,53200,7600,9100,110811600
1550,2005/04/25,560,151,702,265,1180,441,111400,18500,64900,9200,11100,139978000
1551,2005/04/26,788,121,171,160,329,613,113600,37800,75700,18900,11300,101247600
1552,2005/04/27,530,175,551,224,1068,498,87900,14600,51200,7300,8700,104862000
1553,2005/04/28,178,128,524,250,1093,482,93300,15500,54400,7700,9300,103787200
1554,2005/04/29,589,82,371,177,832,552,115900,19300,67600,9600,11500,95716200
1555,2005/05/02,459,187,695,382,1457,558,87700,14600,51100,7300,8700,137086400
1556,2005/05/03,250,85,492,148,1061,233,108400,18000,63200,9000,10800,88017000
1557,2005/05/04,222,490,0,0,0,676,72700,0,0,0,7200,90202200
1558,2005/05/05,781,52,392,120,874,289,138900,23100,81000,11500,13800,89226200
1559,2005/05/06,614,211,614,379,1205,640,65100,10800,37900,5400,6500,101221000
1560,2005/05/09,973,122,923,208,1733,500,105700,17600,61600,8800,10500,139017000
1561,2005/05/10,378,178,600,305,1178,436,76000,12600,44300,6300,7600,101057800
1562,2005/05/11,453,102,657,181,1310,428,99900,16600,58200,8300,9900,104132000
1563,2005/05/12,542,104,681,143,1386,536,97300,16200,56700,8100,9700,101666200
1564,2005/05/13,241,153,766,258,1537,363,84900,14100,49500,7000,8400,112418600
1565,2005/05/16,565,169,308,219,444,634,114000,38000,76000,19000,11400,140653600
1566,2005/05/17,182,111,632,157,1437,405,98000,16300,57100,8100,9800,101959800
1567,2005/05/18,016,86,520,187,1119,552,107800,17900,62800,8900,10700,103072600
1568,2005/05/19,204,127,515,238,1024,463,95400,15900,55600,7900,9500,102508000
1569,2005/05/20,529,242,768,448,1437,436,62900,10400,36600,5200,6200,111167200
1570,2005/05/23,827,259,900,328,1614,736,75100,12500,43800,6200,7500,135006600
1571,2005/05/24,660,112,183,146,302,343,124900,41600,83200,20800,12400,98528000
1572,2005/05/25,597,92,529,186,914,579,111300,18500,64900,9200,11100,104589800
1573,2005/05/26,917,108,470,246,966,460,102000,17000,59500,8500,10200,103463600
1574,2005/05/27,835,191,1107,386,2358,855,57200,9500,33300,4700,5700,112280000
1575,2005/05/30,659,128,748,250,1408,436,106600,17700,62100,8800,10600,132524200
1576,2005/05/31,392,112,525,239,1244,448,93300,15500,54400,7700,9300,101124000
1577,2005/06/01,634,162,634,324,1317,548,75900,12600,44200,6300,7500,104854400
1578,2005/06/02,363,155,246,176,369,574,94700,31500,63100,15700,9400,99654200
1579,2005/06/03,327,221,761,463,1543,485,63000,10500,36700,5200,6300,111308000
1580,2005/06/06,042,156,724,232,1221,685,102800,17100,59900,8500,10200,133077000
1581,2005/06/07,100,114,133,141,178,788,123700,41200,82400,20600,12300,99219800
1582,2005/06/08,920,139,575,269,1199,457,81300,13500,47400,6700,8100,97182000
1583,2005/06/09,287,145,643,246,1392,579,74900,12400,43600,6200,7400,94852000
1584,2005/06/10,217,172,736,356,1365,552,67800,11300,39500,5600,6700,101288000
1585,2005/06/13,709,170,516,314,1006,441,100200,16700,58400,8300,10000,126301600
1586,2005/06/14,885,71,166,166,330,490,122900,40900,81900,20400,12200,93135000
1587,2005/06/15,368,188,732,387,1473,570,62000,10300,36100,5100,6200,98680000
1588,2005/06/16,769,90,464,234,987,349,106300,17700,62000,8800,10600,99517400
1589,2005/06/17,351,139,790,259,1788,554,77700,12900,45300,6400,7700,108175000
1590,2005/06/20,097,95,489,158,910,487,152900,25400,89100,12700,15200,133655200
1591,2005/06/21,671,93,520,132,1186,561,110600,18400,64500,9200,11000,101206400
1592,2005/06/22,402,138,506,299,996,394,87700,14600,51100,7300,8700,101193600
1593,2005/06/23,378,124,647,301,1241,506,80100,13300,46700,6600,8000,99965800
1594,2005/06/24,377,134,283,207,455,563,99100,33000,66000,16500,9900,109829800
1595,2005/06/27,065,87,648,170,1221,525,134500,22400,78400,11200,13400,134053000
1596,2005/06/28,095,85,422,167,1041,301,120800,20100,70400,10000,12000,99292800
1597,2005/06/29,747,91,161,112,291,730,133700,44500,89100,22200,13300,101285800
1598,2005/06/30,395,102,588,195,1335,235,103300,17200,60200,8600,10300,103053600
1599,2005/07/01,332,113,252,217,400,766,101300,33700,67500,16800,10100,109261000
1600,2005/07/04,146,211,897,310,1542,1165,75300,12500,43900,6200,7500,131620600
1601,2005/07/05,899,97,223,197,312,647,108600,36200,72400,18100,10800,101260400
1602,2005/07/06,885,73,213,157,326,430,132900,44300,88600,22100,13200,102216200
1603,2005/07/07,762,113,707,220,1454,440,89700,14900,52300,7400,8900,104629000
1604,2005/07/08,382,136,722,269,1460,396,87600,14600,51100,7300,8700,111900400
1605,2005/07/11,964,130,821,235,1575,640,103700,17200,60400,8600,10300,138090400
1606,2005/07/12,312,164,639,290,1171,609,76800,12800,44800,6400,7600,102100000
1607,2005/07/13,382,146,613,256,1120,385,88100,14600,51300,7300,8800,103727000
1608,2005/07/14,318,237,703,371,1445,566,62000,10300,36100,5100,6200,103025400
1609,2005/07/15,430,163,440,227,852,452,101900,16900,59400,8400,10100,109865000
1610,2005/07/18,922,141,286,241,371,687,100700,33500,67100,16700,10000,118064600
1611,2005/07/19,441,119,269,157,330,453,105000,35000,70000,17500,10500,96592200
1612,2005/07/20,261,108,653,153,1491,818,87600,14600,51100,7300,8700,99806800
1613,2005/07/21,465,95,545,179,1107,381,105700,17600,61600,8800,10500,98845000
1614,2005/07/22,861,76,530,172,1296,373,116700,19400,68000,9700,11600,106403000
1615,2005/07/25,448,121,204,202,266,454,144400,48100,96200,24000,14400,132744200
1616,2005/07/26,347,126,620,260,1309,372,79300,13200,46200,6600,7900,93033200
1617,2005/07/27,726,285,735,473,1253,586,54100,9000,31500,4500,5400,101825800
1618,2005/07/28,720,151,558,261,948,310,88100,14600,51300,7300,8800,99209400
1619,2005/07/29,319,149,624,372,1343,459,77100,12800,44900,6400,7700,107606600
1620,2005/08/01,424,175,313,224,423,612,106200,35400,70800,17700,10600,132339600
1621,2005/08/02,482,141,902,295,1834,630,65700,10900,38300,5400,6500,99238400
1622,2005/08/03,943,109,466,177,1091,685,98300,16300,57300,8100,9800,98209400
1623,2005/08/04,934,73,413,149,936,379,126000,21000,73500,10500,12600,96567400
1624,2005/08/05,977,85,182,146,311,534,135500,45100,90300,22500,13500,104885000
1625,2005/08/08,929,135,257,224,328,524,116700,38900,77800,19400,11600,123802800
1626,2005/08/09,168,110,479,221,986,421,95900,15900,55900,7900,9500,94438200
1627,2005/08/10,368,170,681,349,1338,325,68100,11300,39700,5600,6800,95570800
1628,2005/08/11,607,106,340,212,866,359,110900,18400,64600,9200,11000,97222400
1629,2005/08/12,660,201,369,297,506,376,70000,23300,46600,11600,7000,100168800
1630,2005/08/15,626,229,382,329,464,594,75400,25100,50200,12500,7500,119447000
1631,2005/08/16,755,105,260,151,351,1054,95300,31700,63500,15800,9500,96686400
1632,2005/08/17,486,82,553,192,1134,433,108300,18000,63100,9000,10800,102069400
1633,2005/08/18,868,190,387,333,699,555,63800,21200,42500,10600,6300,101163800
1634,2005/08/19,077,116,246,135,400,547,118000,39300,78600,19600,11800,107356400
1635,2005/08/22,509,172,598,282,1013,573,105400,17500,61400,8700,10500,135426600
1636,2005/08/23,980,66,485,173,1076,418,115000,19100,67000,9500,11500,96935200
1637,2005/08/24,644,76,208,140,330,656,126000,42000,84000,21000,12600,100599400
1638,2005/08/25,451,102,509,195,1136,426,101600,16900,59200,8400,10100,98866400
1639,2005/08/26,501,167,600,285,1119,369,88100,14600,51300,7300,8800,110340800
1640,2005/08/29,787,181,282,185,386,629,116100,38700,77400,19300,11600,135596800
1641,2005/08/30,439,118,423,213,843,903,94000,15600,54800,7800,9400,98899000
1642,2005/08/31,060,65,170,134,221,338,166100,55300,110700,27600,16600,103955600
1643,2005/09/01,948,66,412,121,839,383,147100,24500,85800,12200,14700,102486400
1644,2005/09/02,917,183,583,397,1128,613,76500,12700,44600,6300,7600,113509000
1645,2005/09/05,792,121,867,222,1824,980,91200,15200,53200,7600,9100,130834000
1646,2005/09/06,353,112,321,171,379,502,91100,30300,60700,15100,9100,90412800
1647,2005/09/07,057,76,413,139,981,389,128200,21300,74700,10600,12800,98735400
1648,2005/09/08,633,109,282,127,416,658,107700,35900,71800,17900,10700,101210400
1649,2005/09/09,722,183,325,259,528,725,79600,26500,53000,13200,7900,110513600
1650,2005/09/12,775,176,346,190,493,668,107200,35700,71400,17800,10700,135069000
1651,2005/09/13,839,81,561,190,1146,437,106800,17800,62300,8900,10600,100835400
1652,2005/09/14,059,123,460,142,958,321,113600,18900,66200,9400,11300,99585000
1653,2005/09/15,975,109,549,208,1107,308,103400,17200,60300,8600,10300,102263000
1654,2005/09/16,638,238,743,451,1365,582,62600,10400,36500,5200,6200,110926200
1655,2005/09/19,927,282,844,407,1408,801,62400,10400,36400,5200,6200,118927000
1656,2005/09/20,784,188,475,221,1005,535,82000,13600,47800,6800,8200,97232400
1657,2005/09/21,198,102,843,288,1901,583,72200,12000,42100,6000,7200,100660000
1658,2005/09/22,896,62,407,154,997,422,132600,22100,77300,11000,13200,101655800
1659,2005/09/23,823,141,550,284,1191,682,76000,12600,44300,6300,7600,95639800
1660,2005/09/26,554,191,400,259,417,574,95700,31900,63800,15900,9500,132694400
1661,2005/09/27,138,159,553,282,1289,506,76000,12600,44300,6300,7600,96908200
1662,2005/09/28,783,134,750,269,1450,519,75800,12600,44200,6300,7500,99169000
1663,2005/09/29,852,153,796,239,1507,550,73400,12200,42800,6100,7300,98910600
1664,2005/09/30,542,89,673,170,1354,680,100500,16700,58600,8300,10000,107478200
1665,2005/10/03,571,159,958,239,1544,531,95800,15900,55800,7900,9500,136276600
1666,2005/10/04,193,140,578,311,1155,376,78500,13000,45700,6500,7800,96342400
1667,2005/10/05,928,169,637,385,1311,620,66600,11100,38800,5500,6600,99423200
1668,2005/10/06,616,128,196,197,278,481,108100,36000,72000,18000,10800,100734000
1669,2005/10/07,026,115,570,202,1521,574,92800,15400,54100,7700,9200,105694200
1670,2005/10/10,968,148,624,256,1005,646,95800,15900,55800,7900,9500,117075400
1671,2005/10/11,175,158,512,203,940,364,88200,14700,51400,7300,8800,93447200
1672,2005/10/12,990,98,188,170,322,519,116200,38700,77400,19300,11600,98090600
1673,2005/10/13,871,96,537,162,1187,212,109200,18200,63700,9100,10900,97171200
1674,2005/10/14,673,96,692,225,1369,404,101500,16900,59200,8400,10100,112215200
1675,2005/10/17,269,251,1139,414,2020,611,68400,11400,39900,5700,6800,138767200
1676,2005/10/18,448,75,187,169,248,436,133800,44600,89200,22300,13300,99656200
1677,2005/10/19,288,91,310,177,458,996,96800,32200,64500,16100,9600,105119000
1678,2005/10/20,775,143,224,179,298,377,108700,36200,72400,18100,10800,102569000
1679,2005/10/21,650,79,444,164,946,448,133100,22100,77600,11000,13300,110126600
1680,2005/10/24,832,152,1075,240,1921,764,88300,14700,51500,7300,8800,138960600
1681,2005/10/25,741,121,992,317,1911,410,70600,11700,41100,5800,7000,105463800
1682,2005/10/26,237,118,771,235,1387,562,86400,14400,50400,7200,8600,106722000
1683,2005/10/27,797,95,199,169,316,398,129600,43200,86400,21600,12900,105579400
1684,2005/10/28,461,120,644,213,1251,371,105200,17500,61300,8700,10500,115243600
1685,2005/10/31,453,159,960,262,1478,708,98400,16400,57400,8200,9800,145665800
1686,2005/11/01,015,97,486,172,1015,548,115900,19300,67600,9600,11500,107635800
1687,2005/11/02,097,90,451,121,1029,407,134400,22400,78400,11200,13400,108253400
1688,2005/11/03,918,210,905,385,1898,499,55100,9100,32100,4500,5500,97188000
1689,2005/11/04,357,308,1072,422,1945,510,53800,8900,31300,4400,5300,113264800
1690,2005/11/07,559,158,260,245,280,514,121600,40500,81000,20200,12100,136769200
1691,2005/11/08,180,77,593,186,1124,454,108300,18000,63100,9000,10800,101906800
1692,2005/11/09,538,191,971,408,1951,619,57000,9500,33200,4700,5700,103438200
1693,2005/11/10,906,115,435,183,865,827,103500,17200,60300,8600,10300,103365600
1694,2005/11/11,808,140,272,231,377,500,96300,32100,64200,16000,9600,106561800
1695,2005/11/14,639,193,1063,385,1847,601,74000,12300,43100,6100,7400,133053000
1696,2005/11/15,948,66,435,210,802,434,121700,20200,70900,10100,12100,100448000
1697,2005/11/16,893,148,632,292,1227,286,82200,13700,47900,6800,8200,101389800
1698,2005/11/17,533,99,372,145,443,626,101800,33900,67800,16900,10100,103270600
1699,2005/11/18,047,97,448,192,1066,490,116500,19400,67900,9700,11600,109168600
1700,2005/11/21,844,105,269,148,402,824,138400,46100,92200,23000,13800,136191800
1701,2005/11/22,678,95,444,222,876,688,103700,17200,60400,8600,10300,101507800
1702,2005/11/23,469,137,535,317,881,504,77600,12900,45200,6400,7700,92262000
1703,2005/11/24,449,147,202,193,331,536,101700,33900,67800,16900,10100,102140600
1704,2005/11/25,924,184,742,326,1448,789,72000,12000,42000,6000,7200,111725200
1705,2005/11/28,759,154,735,205,1168,517,117600,19600,68600,9800,11700,142469200
1706,2005/11/29,855,99,297,168,465,708,101200,33700,67400,16800,10100,103085600
1707,2005/11/30,104,160,512,308,783,372,92600,15400,54000,7700,9200,108565400
1708,2005/12/01,463,168,637,283,1140,568,81200,13500,47300,6700,8100,106773800
1709,2005/12/02,477,129,276,216,432,716,100200,33400,66800,16700,10000,113356800
1710,2005/12/05,692,137,991,250,1743,631,94100,15600,54800,7800,9400,137292400
1711,2005/12/06,803,205,519,241,1164,345,81000,13500,47200,6700,8100,101532400
1712,2005/12/07,280,80,480,174,1072,433,118700,19700,69200,9800,11800,104020200
1713,2005/12/08,101,179,250,220,313,396,94700,31500,63100,15700,9400,105384200
1714,2005/12/09,347,121,660,315,1503,447,85400,14200,49800,7100,8500,110977800
1715,2005/12/12,846,145,929,294,1564,651,93500,15500,54500,7700,9300,138658800
1716,2005/12/13,792,108,714,205,1511,273,91100,15100,53100,7500,9100,101264000
1717,2005/12/14,610,141,484,263,906,571,91200,15200,53200,7600,9100,102969800
1718,2005/12/15,161,107,295,155,529,344,113200,37700,75400,18800,11300,108549800
1719,2005/12/16,257,248,1048,458,2065,600,56300,9300,32800,4600,5600,115502000
1720,2005/12/19,028,137,625,198,1266,930,110900,18400,64600,9200,11000,136851600
1721,2005/12/20,033,134,328,157,526,635,96500,32100,64300,16000,9600,107086200
1722,2005/12/21,863,126,813,243,1812,390,79100,13100,46100,6500,7900,104290800
1723,2005/12/22,164,144,593,200,1190,372,90200,15000,52600,7500,9000,99412800
1724,2005/12/23,616,175,259,275,311,508,81600,27200,54400,13600,8100,99310800
1725,2005/12/26,916,174,788,359,1384,441,92900,15400,54100,7700,9200,139235400
1726,2005/12/27,836,142,760,225,1635,559,80400,13400,46900,6700,8000,105822000
1727,2005/12/28,646,113,236,159,373,491,122500,40800,81600,20400,12200,111355400
1728,2005/12/29,908,141,488,272,972,405,101800,16900,59300,8400,10100,113707400
1729,2005/12/30,062,111,627,156,1391,369,113000,18800,65900,9400,11300,115375800
1730,2006/01/04,266,117,402,235,551,1134,78900,26300,52600,13100,7800,107469400
1731,2006/01/05,998,93,239,204,327,387,118300,39400,78800,19700,11800,105695000
1732,2006/01/06,119,233,385,384,457,604,66600,22200,44400,11100,6600,111699800
1733,2006/01/09,674,127,718,216,1253,630,111600,18600,65100,9300,11100,134002800
1734,2006/01/10,897,114,861,275,1781,531,78400,13000,45700,6500,7800,108021400
1735,2006/01/11,733,103,387,149,622,568,100600,33500,67000,16700,10000,109993600
1736,2006/01/12,675,99,590,171,1068,574,111700,18600,65100,9300,11100,110104600
1737,2006/01/13,433,105,257,155,322,527,131200,43700,87400,21800,13100,116764800
1738,2006/01/16,771,163,409,175,543,433,126700,42200,84400,21100,12600,154873600
1739,2006/01/17,884,165,293,222,315,515,99500,33100,66300,16500,9900,113859000
1740,2006/01/18,801,105,600,233,1175,349,109700,18200,63900,9100,10900,115588800
1741,2006/01/19,503,137,544,212,949,313,107800,17900,62800,8900,10700,110637200
1742,2006/01/20,916,155,585,279,1184,593,94600,15700,55100,7800,9400,120512200
1743,2006/01/23,846,199,1018,349,1647,727,84900,14100,49500,7000,8400,147623600
1744,2006/01/24,188,125,284,217,490,739,96100,32000,64000,16000,9600,111054600
1745,2006/01/25,979,92,294,192,419,542,116900,38900,77900,19400,11600,114842000
1746,2006/01/26,293,125,608,246,1247,429,100800,16800,58800,8400,10000,115792800
1747,2006/01/27,562,104,756,248,1488,481,99500,16500,58000,8200,9900,120973000
1748,2006/01/30,021,131,1014,191,1617,885,107700,17900,62800,8900,10700,151946600
1749,2006/01/31,696,138,358,165,477,381,102800,34200,68500,17100,10200,110810000
1750,2006/02/01,870,79,423,133,981,665,126400,21000,73700,10500,12600,105501000
1751,2006/02/02,634,148,711,288,1142,521,88700,14700,51700,7300,8800,114760400
1752,2006/02/03,092,79,590,176,1220,367,129400,21500,75400,10700,12900,120344000
1753,2006/02/06,086,116,722,185,1334,669,127200,21200,74200,10600,12700,147695600
1754,2006/02/07,559,116,257,212,295,861,103200,34400,68800,17200,10300,109784800
1755,2006/02/08,571,127,817,239,1576,400,88600,14700,51600,7300,8800,113115200
1756,2006/02/09,029,145,737,238,1321,689,84800,14100,49400,7000,8400,110438600
1757,2006/02/10,064,86,512,188,1042,515,127200,21200,74200,10600,12700,118600200
1758,2006/02/13,148,186,963,332,1616,878,87600,14600,51100,7300,8700,148466200
1759,2006/02/14,358,254,1092,456,2071,541,52800,8800,30800,4400,5200,109115200
1760,2006/02/15,399,129,323,203,399,795,98900,32900,65900,16400,9800,113861000
1761,2006/02/16,901,219,883,357,1738,417,64900,10800,37800,5400,6400,109830600
1762,2006/02/17,484,115,375,175,441,465,110400,36800,73600,18400,11000,116963600
1763,2006/02/20,606,172,402,246,507,445,105200,35000,70100,17500,10500,140153200
1764,2006/02/21,433,96,263,127,352,895,116700,38900,77800,19400,11600,108085600
1765,2006/02/22,131,128,358,198,635,641,89900,29900,59900,14900,8900,109822000
1766,2006/02/23,455,138,311,159,396,790,100300,33400,66800,16700,10000,109870400
1767,2006/02/24,965,95,650,156,1221,604,117200,19500,68300,9700,11700,118901400
1768,2006/02/27,743,214,915,270,1525,569,94500,15700,55100,7800,9400,148794400
1769,2006/02/28,617,150,543,299,997,1109,82900,13800,48300,6900,8200,112190800
1770,2006/03/01,755,135,233,145,346,509,113300,37700,75500,18800,11300,105280400
1771,2006/03/02,679,137,430,172,910,472,117700,19600,68600,9800,11700,113008800
1772,2006/03/03,643,129,788,236,1471,460,96800,16100,56400,8000,9600,121928000
1773,2006/03/06,032,136,802,209,1480,901,111300,18500,64900,9200,11100,149762400
1774,2006/03/07,431,146,857,221,1461,511,93100,15500,54300,7700,9300,122315200
1775,2006/03/08,050,104,195,164,285,569,135300,45100,90200,22500,13500,115089000
1776,2006/03/09,259,177,828,288,1439,491,78400,13000,45700,6500,7800,113696000
1777,2006/03/10,331,190,400,341,517,442,77300,25700,51500,12800,7700,117050800
1778,2006/03/13,831,265,1260,401,2021,658,70300,11700,41000,5800,7000,147388600
1779,2006/03/14,321,186,785,280,1489,521,72900,12100,42500,6000,7200,106441600
1780,2006/03/15,164,124,695,259,1282,522,92100,15300,53700,7600,9200,112588800
1781,2006/03/16,020,66,204,81,219,396,182100,60700,121400,30300,18200,106873800
1782,2006/03/17,435,107,698,195,1254,601,102200,17000,59600,8500,10200,113956600
1783,2006/03/20,790,118,664,197,1203,563,126400,21000,73700,10500,12600,140528200
1784,2006/03/21,955,96,206,149,292,836,107400,35800,71600,17900,10700,94659400
1785,2006/03/22,645,155,771,260,1267,606,78200,13000,45600,6500,7800,104591400
1786,2006/03/23,323,792,888,984,495,799,25400,8400,16900,4200,2500,107655800
1787,2006/03/24,678,132,751,389,1272,761,76800,12800,44800,6400,7600,113793800
1788,2006/03/27,740,92,675,174,1103,475,145900,24300,85100,12100,14500,144459200
1789,2006/03/28,794,140,519,266,1193,810,84400,14000,49200,7000,8400,105461600
1790,2006/03/29,619,168,549,290,1110,565,82600,13700,48100,6800,8200,106156600
1791,2006/03/30,853,133,991,253,2068,540,72200,12000,42100,6000,7200,107911400
1792,2006/03/31,261,115,753,209,1560,389,98600,16400,57500,8200,9800,116439400
1793,2006/04/03,630,307,908,417,1664,588,70700,11700,41200,5800,7000,141284600
1794,2006/04/04,028,86,484,187,1077,528,113800,18900,66300,9400,11300,105808000
1795,2006/04/05,439,155,528,320,944,591,81400,13500,47400,6700,8100,102739200
1796,2006/04/06,587,156,577,238,1082,1379,80300,13300,46800,6600,8000,110502600
1797,2006/04/07,829,160,567,272,1203,533,89800,14900,52300,7400,8900,113190600
1798,2006/04/10,748,155,747,279,1197,784,100500,16700,58600,8300,10000,138579200
1799,2006/04/11,490,106,711,215,1577,336,88300,14700,51500,7300,8800,101109800
1800,2006/04/12,483,111,612,194,1123,469,104100,17300,60700,8600,10400,107988200
1801,2006/04/13,575,105,248,161,383,537,117000,39000,78000,19500,11700,107312400
1802,2006/04/14,372,272,768,309,1566,1210,65100,10800,37900,5400,6500,120479400
1803,2006/04/17,575,146,364,171,436,478,131600,43800,87700,21900,13100,146782800
1804,2006/04/18,273,207,984,295,1971,456,67600,11200,39400,5600,6700,113144200
1805,2006/04/19,115,243,302,346,344,446,74700,24900,49800,12400,7400,112333000
1806,2006/04/20,872,82,558,186,1289,424,112800,18800,65800,9400,11200,108650800
1807,2006/04/21,036,163,626,295,1163,831,85600,14200,49900,7100,8500,117939800
1808,2006/04/24,422,493,762,575,604,997,49400,16400,32900,8200,4900,146208600
1809,2006/04/25,913,143,666,300,1198,531,83300,13800,48500,6900,8300,107785800
1810,2006/04/26,940,73,523,191,1285,351,118400,19700,69000,9800,11800,108886400
1811,2006/04/27,528,232,937,392,1572,513,61600,10200,35900,5100,6100,109534600
1812,2006/04/28,326,242,785,479,1639,632,61600,10200,35900,5100,6100,116680400
1813,2006/05/01,686,162,361,271,490,427,109500,36500,73000,18200,10900,142926200
1814,2006/05/02,735,205,1139,320,1875,625,60600,10100,35300,5000,6000,107913400
1815,2006/05/03,049,67,527,162,976,420,113000,18800,65900,9400,11300,93627600
1816,2006/05/04,861,110,636,184,1343,335,90800,15100,52900,7500,9000,94640600
1817,2006/05/05,074,67,421,118,834,470,137300,22800,80000,11400,13700,98463200
1818,2006/05/08,387,172,956,350,1778,626,82500,13700,48100,6800,8200,136919600
1819,2006/05/09,212,128,366,185,385,530,95600,31800,63700,15900,9500,104265600
1820,2006/05/10,694,97,586,181,1229,346,104200,17300,60700,8600,10400,101284000
1821,2006/05/11,994,148,258,205,342,239,105700,35200,70400,17600,10500,106095000
1822,2006/05/12,176,101,597,186,1167,419,113000,18800,65900,9400,11300,112624200
1823,2006/05/15,109,242,748,353,1194,894,81200,13500,47300,6700,8100,137505800
1824,2006/05/16,423,167,698,329,1138,706,69600,11600,40600,5800,6900,99196600
1825,2006/05/17,694,77,527,189,1191,289,111700,18600,65100,9300,11100,100124800
1826,2006/05/18,299,73,245,142,426,655,122200,40700,81400,20300,12200,104822600
1827,2006/05/19,908,99,473,227,1032,533,108000,18000,63000,9000,10800,107933600
1828,2006/05/22,493,108,693,189,1330,429,124000,20600,72300,10300,12400,134413200
1829,2006/05/23,962,74,636,180,1298,473,102800,17100,59900,8500,10200,100637800
1830,2006/05/24,287,85,559,232,1249,470,100200,16700,58400,8300,10000,103483000
1831,2006/05/25,941,96,621,163,1310,556,107200,17800,62500,8900,10700,109451400
1832,2006/05/26,598,91,415,183,902,470,132600,22100,77300,11000,13200,114716000
1833,2006/05/29,873,173,964,327,1682,562,87300,14500,50900,7200,8700,139920400
1834,2006/05/30,293,116,693,256,1450,413,87300,14500,50900,7200,8700,105370400
1835,2006/05/31,896,105,666,231,1328,481,95200,15800,55500,7900,9500,107855000
1836,2006/06/01,792,104,865,250,1804,477,82700,13700,48200,6800,8200,108876000
1837,2006/06/02,198,122,971,411,2099,636,69500,11500,40500,5700,6900,117712800
1838,2006/06/05,173,203,1075,275,1812,852,82000,13600,47800,6800,8200,142062000
1839,2006/06/06,850,92,507,176,1087,799,106200,17700,61900,8800,10600,106180000
1840,2006/06/07,795,100,551,179,1045,527,106200,17700,61900,8800,10600,102968600
1841,2006/06/08,858,108,370,182,557,530,94800,31600,63200,15800,9400,105092000
1842,2006/06/09,640,86,488,184,1109,326,120900,20100,70500,10000,12000,107452800
1843,2006/06/12,269,195,1012,385,1622,767,74400,12400,43400,6200,7400,132366200
1844,2006/06/13,178,151,648,341,1282,653,69500,11500,40500,5700,6900,97424400
1845,2006/06/14,333,538,0,0,0,848,72100,0,0,0,7200,99832800
1846,2006/06/15,862,83,679,216,1355,409,94500,15700,55100,7800,9400,99977000
1847,2006/06/16,612,212,847,416,1562,400,64800,10800,37800,5400,6400,110395200
1848,2006/06/19,696,126,340,184,461,617,118800,39600,79200,19800,11800,132242600
1849,2006/06/20,127,237,668,299,1115,671,67900,11300,39600,5600,6700,103142600
1850,2006/06/21,691,97,760,237,1647,592,81700,13600,47600,6800,8100,101433400
1851,2006/06/22,150,166,469,130,1034,286,104500,17400,60900,8700,10400,101043800
1852,2006/06/23,572,174,861,268,1636,471,74400,12400,43400,6200,7400,108698400
1853,2006/06/26,420,167,663,271,1159,407,103300,17200,60200,8600,10300,131628000
1854,2006/06/27,980,71,451,153,1029,335,129400,21500,75400,10700,12900,102000200
1855,2006/06/28,567,111,534,280,880,421,95400,15900,55600,7900,9500,101542400
1856,2006/06/29,618,215,691,393,1169,528,64900,10800,37800,5400,6400,102402800
1857,2006/06/30,218,151,718,338,1583,406,77700,12900,45300,6400,7700,110583600
1858,2006/07/03,878,148,295,211,438,577,115500,38500,77000,19200,11500,132955000
1859,2006/07/04,878,122,210,175,371,567,106800,35600,71200,17800,10600,101397600
1860,2006/07/05,117,251,309,384,476,416,62100,20700,41400,10300,6200,100907800
1861,2006/07/06,095,91,459,190,996,424,118600,19700,69100,9800,11800,106448800
1862,2006/07/07,890,134,672,317,1447,479,82800,13800,48300,6900,8200,110325400
1863,2006/07/10,236,182,1067,324,1863,618,78100,13000,45500,6500,7800,133092600
1864,2006/07/11,926,129,696,277,1395,455,79300,13200,46200,6600,7900,100156400
1865,2006/07/12,299,111,275,168,431,656,100700,33500,67100,16700,10000,101186800
1866,2006/07/13,675,81,476,138,911,584,121100,20100,70600,10000,12100,100969600
1867,2006/07/14,702,192,524,214,1016,580,88100,14600,51300,7300,8800,107077800
1868,2006/07/17,733,117,361,165,554,680,99400,33100,66200,16500,9900,112222600
1869,2006/07/18,544,118,236,162,364,970,92200,30700,61400,15300,9200,94763000
1870,2006/07/19,847,113,456,146,933,476,106500,17700,62100,8800,10600,94576600
1871,2006/07/20,973,78,610,208,1227,512,97300,16200,56700,8100,9700,98349600
1872,2006/07/21,496,133,654,250,1408,729,79600,13200,46400,6600,7900,102268000
1873,2006/07/24,638,393,1300,731,2031,676,44200,7300,25700,3600,4400,125148800
1874,2006/07/25,806,85,381,191,750,267,125800,20900,73300,10400,12500,97600800
1875,2006/07/26,666,623,0,0,0,606,64400,0,0,0,6400,97964600
1876,2006/07/27,129,181,666,334,1301,506,67300,11200,39200,5600,6700,96721600
1877,2006/07/28,190,156,743,338,1436,425,71200,11800,41500,5900,7100,101250000
1878,2006/07/31,141,100,292,130,516,432,139000,46300,92600,23100,13900,127674000
1879,2006/08/01,742,107,847,210,1724,466,80000,13300,46600,6600,8000,99801600
1880,2006/08/02,674,111,472,168,911,641,101600,16900,59200,8400,10100,96590000
1881,2006/08/03,558,108,302,195,373,530,95700,31900,63800,15900,9500,96574600
1882,2006/08/04,914,121,505,238,994,422,97700,16200,56900,8100,9700,101882200
1883,2006/08/07,076,69,405,137,933,470,155700,25900,90800,12900,15500,118072600
1884,2006/08/08,528,145,744,242,1241,503,72800,12100,42400,6000,7200,91299000
1885,2006/08/09,051,67,395,104,845,417,134200,22300,78200,11100,13400,91185000
1886,2006/08/10,932,77,538,174,1255,589,99000,16500,57700,8200,9900,95007000
1887,2006/08/11,172,82,570,153,1254,359,108800,18100,63400,9000,10800,98365800
1888,2006/08/14,370,83,718,173,1421,397,105500,17500,61500,8700,10500,108335400
1889,2006/08/15,647,103,437,174,835,482,104600,17400,61000,8700,10400,91860600
1890,2006/08/16,269,168,768,381,1398,575,63500,10500,37000,5200,6300,97832400
1891,2006/08/17,924,100,578,316,1126,489,85300,14200,49700,7100,8500,99260800
1892,2006/08/18,183,108,962,272,1874,688,72500,12000,42200,6000,7200,105123200
1893,2006/08/21,856,157,715,302,1298,846,88400,14700,51500,7300,8800,126865200
1894,2006/08/22,273,246,704,324,1467,549,59700,9900,34800,4900,5900,96852600
1895,2006/08/23,937,100,466,172,1047,618,100900,16800,58800,8400,10000,95776600
1896,2006/08/24,656,109,200,135,293,438,124000,41300,82600,20600,12400,98793400
1897,2006/08/25,924,132,538,243,1055,547,94200,15700,54900,7800,9400,105940800
1898,2006/08/28,321,196,949,239,1449,546,87900,14600,51200,7300,8700,130769600
1899,2006/08/29,374,132,601,306,1354,568,75400,12500,43900,6200,7500,97239000
1900,2006/08/30,845,213,666,311,1281,610,66400,11000,38700,5500,6600,99458800
1901,2006/08/31,535,103,241,160,314,479,118000,39300,78600,19600,11800,102393600
1902,2006/09/01,899,79,241,171,332,808,116100,38700,77400,19300,11600,105686200
1903,2006/09/04,349,134,897,292,1632,590,97500,16200,56800,8100,9700,140674600
1904,2006/09/05,874,165,618,237,1180,602,81900,13600,47700,6800,8100,102823400
1905,2006/09/06,104,162,521,255,903,363,92400,15400,53900,7700,9200,104580000
1906,2006/09/07,522,139,286,182,438,510,98500,32800,65600,16400,9800,105035400
1907,2006/09/08,815,151,643,347,1134,446,80700,13400,47000,6700,8000,107640800
1908,2006/09/11,892,126,946,262,1713,606,95600,15900,55700,7900,9500,135946200
1909,2006/09/12,859,66,403,144,859,403,133900,22300,78100,11100,13300,97974200
1910,2006/09/13,468,161,597,316,1100,733,72600,12100,42300,6000,7200,98393600
1911,2006/09/14,062,69,513,130,1110,327,129500,21500,75500,10700,12900,102322600
1912,2006/09/15,019,82,731,154,1309,480,109800,18300,64000,9100,10900,110049600
1913,2006/09/18,121,191,432,254,531,521,81600,27200,54400,13600,8100,117063600
1914,2006/09/19,955,95,211,149,261,657,117100,39000,78000,19500,11700,97289600
1915,2006/09/20,918,273,936,550,1715,503,47700,7900,27800,3900,4700,100075800
1916,2006/09/21,586,115,616,186,1052,413,100900,16800,58800,8400,10000,102139400
1917,2006/09/22,875,167,577,252,1084,822,83200,13800,48500,6900,8300,107805400
1918,2006/09/25,402,136,734,243,1114,434,113900,18900,66400,9400,11300,135853600
1919,2006/09/26,161,96,192,91,370,303,139200,46400,92800,23200,13900,96772000
1920,2006/09/27,898,141,277,198,423,494,93000,31000,62000,15500,9300,100288600
1921,2006/09/28,890,167,817,374,1584,610,66100,11000,38500,5500,6600,105083800
1922,2006/09/29,448,106,271,218,282,577,112400,37400,74900,18700,11200,111513000
1923,2006/10/02,633,202,381,258,539,1414,82100,27300,54700,13600,8200,133710400
1924,2006/10/03,461,95,618,205,1202,305,101500,16900,59200,8400,10100,101171200
1925,2006/10/04,757,149,354,175,381,716,87900,29300,58600,14600,8700,101437000
1926,2006/10/05,924,244,633,456,1021,634,58500,9700,34100,4800,5800,99337600
1927,2006/10/06,813,194,994,381,1876,471,56200,9300,32700,4600,5600,98161000
1928,2006/10/09,113,277,434,320,431,428,69900,23300,46600,11600,6900,116519800
1929,2006/10/10,874,141,529,245,962,660,78600,13100,45800,6500,7800,90594800
1930,2006/10/11,402,150,469,281,919,308,85200,14200,49700,7100,8500,94601000
1931,2006/10/12,595,102,250,116,335,479,120800,40200,80500,20100,12000,98432400
1932,2006/10/13,887,122,256,177,443,669,105200,35000,70100,17500,10500,109001600
1933,2006/10/16,559,189,380,278,404,771,93100,31000,62000,15500,9300,133608400
1934,2006/10/17,700,110,180,150,263,869,111700,37200,74400,18600,11100,99509800
1935,2006/10/18,236,211,715,345,1414,742,61500,10200,35800,5100,6100,98926000
1936,2006/10/19,113,188,318,268,376,402,78700,26200,52400,13100,7800,100755000
1937,2006/10/20,703,188,465,319,1077,439,81800,13600,47700,6800,8100,106407000
1938,2006/10/23,243,129,934,214,1552,618,95300,15800,55500,7900,9500,127210000
1939,2006/10/24,286,88,578,177,1066,413,104800,17400,61100,8700,10400,97290600
1940,2006/10/25,440,102,217,179,332,407,119900,39900,79900,19900,11900,103894000
1941,2006/10/26,483,119,712,242,1144,356,91300,15200,53200,7600,9100,103530200
1942,2006/10/27,850,93,482,156,1002,344,127400,21200,74300,10600,12700,108275200
1943,2006/10/30,588,224,565,229,812,803,77900,25900,51900,12900,7700,135291200
1944,2006/10/31,121,170,352,229,446,535,81700,27200,54400,13600,8100,103156000
1945,2006/11/01,855,239,415,271,573,796,64500,21500,43000,10700,6400,105105400
1946,2006/11/02,679,169,575,316,1306,596,78400,13000,45700,6500,7800,107733200
1947,2006/11/03,303,176,312,216,412,372,82900,27600,55200,13800,8200,97703600
1948,2006/11/06,992,167,420,231,504,797,97000,32300,64600,16100,9700,134674400
1949,2006/11/07,713,130,563,247,1041,522,86100,14300,50200,7100,8600,97056200
1950,2006/11/08,630,135,556,266,1236,415,84200,14000,49100,7000,8400,98755600
1951,2006/11/09,663,168,387,261,563,838,68500,22800,45600,11400,6800,98818000
1952,2006/11/10,368,178,778,378,1633,490,65700,10900,38300,5400,6500,104257200
1953,2006/11/13,972,116,868,232,1809,546,93300,15500,54400,7700,9300,124796000
1954,2006/11/14,131,159,420,226,742,437,69600,23200,46400,11600,6900,95497400
1955,2006/11/15,861,91,510,188,1086,282,108100,18000,63000,9000,10800,97227200
1956,2006/11/16,432,107,579,168,1117,390,102400,17000,59700,8500,10200,98695400
1957,2006/11/17,414,166,388,270,528,501,76300,25400,50800,12700,7600,104103000
1958,2006/11/20,312,197,1189,343,1619,570,69100,11500,40300,5700,6900,121028000
1959,2006/11/21,192,90,552,156,1171,333,107000,17800,62400,8900,10700,96074000
1960,2006/11/22,460,65,354,135,809,373,143300,23800,83500,11900,14300,97919800
1961,2006/11/23,092,66,357,138,913,268,124900,20800,72800,10400,12400,85757000
1962,2006/11/24,395,84,502,185,1158,334,115400,19200,67300,9600,11500,104006000
1963,2006/11/27,697,119,503,176,893,603,127600,21200,74400,10600,12700,124826200
1964,2006/11/28,359,151,440,230,870,480,92700,15400,54000,7700,9200,98756800
1965,2006/11/29,042,115,508,180,1085,497,101300,16800,59000,8400,10100,100165600
1966,2006/11/30,826,176,637,311,1206,782,72000,12000,42000,6000,7200,102804600
1967,2006/12/01,533,131,362,210,482,1011,84000,28000,56000,14000,8400,107081000
1968,2006/12/04,407,135,740,316,1248,544,96700,16100,56400,8000,9600,129201200
1969,2006/12/05,675,85,526,211,969,653,98100,16300,57200,8100,9800,96397600
1970,2006/12/06,455,101,265,164,344,745,103400,34400,68900,17200,10300,98943600
1971,2006/12/07,198,149,769,340,1639,579,64900,10800,37800,5400,6400,96749200
1972,2006/12/08,058,80,537,195,1175,529,110300,18300,64300,9100,11000,106438000
1973,2006/12/11,719,201,754,326,1288,554,87100,14500,50800,7200,8700,131548600
1974,2006/12/12,692,167,841,306,1672,646,63400,10500,36900,5200,6300,97260200
1975,2006/12/13,049,69,536,177,1162,363,110100,18300,64200,9100,11000,96621600
1976,2006/12/14,555,732,634,177,1162,363,110100,18300,64200,9100,11000,96621600
1977,2006/12/15,536,99,720,184,1297,614,98200,16300,57200,8100,9800,108301200
1978,2006/12/18,649,149,892,311,1729,406,90500,15000,52700,7500,9000,133607200
1979,2006/12/19,808,158,235,216,264,358,99800,33200,66500,16600,9900,102056800
1980,2006/12/20,652,76,613,154,1132,425,116900,19400,68100,9700,11600,105232400
1981,2006/12/21,778,126,230,188,291,576,105400,35100,70200,17500,10500,101696600
1982,2006/12/22,833,132,268,146,404,835,102400,34100,68200,17000,10200,106930800
1983,2006/12/25,218,200,987,373,1626,732,76700,12700,44700,6300,7600,134874000
1984,2006/12/26,258,143,707,358,1253,519,69000,11500,40200,5700,6900,96085600
1985,2006/12/27,824,163,654,313,1201,748,75700,12600,44100,6300,7500,105943600
1986,2006/12/28,129,194,614,366,1255,562,73100,12100,42600,6000,7300,108976000
1987,2006/12/29,061,62,576,170,1178,601,123600,20600,72100,10300,12300,114165400
1988,2007/01/04,090,134,229,226,349,673,110500,36800,73600,18400,11000,119527800
1989,2007/01/05,942,93,668,177,1635,506,99400,16500,57900,8200,9900,109241400
1990,2007/01/08,726,176,725,332,1257,630,86400,14400,50400,7200,8600,126417200
1991,2007/01/09,522,121,278,199,428,557,98200,32700,65400,16300,9800,103360000
1992,2007/01/10,949,82,235,143,317,438,136200,45400,90800,22700,13600,106701400
1993,2007/01/11,438,119,618,237,1173,710,90100,15000,52500,7500,9000,105942600
1994,2007/01/12,305,169,620,299,1061,702,82700,13700,48200,6800,8200,111298800
1995,2007/01/15,847,163,747,257,1381,653,102600,17100,59800,8500,10200,140900800
1996,2007/01/16,581,136,675,251,1247,926,79800,13300,46500,6600,7900,104899800
1997,2007/01/17,908,178,638,336,1248,366,74000,12300,43100,6100,7400,102243600
1998,2007/01/18,580,113,507,151,1042,352,115600,19200,67400,9600,11500,104790400
1999,2007/01/19,900,111,212,175,327,693,118700,39500,79100,19700,11800,111409400
2000,2007/01/22,440,125,313,204,364,361,135600,45200,90400,22600,13500,139302000
2001,2007/01/23,325,245,714,343,1196,649,64000,10600,37300,5300,6400,103740200
2002,2007/01/24,567,171,560,268,1028,478,84600,14100,49300,7000,8400,104177800
2003,2007/01/25,537,164,951,275,1792,480,71000,11800,41400,5900,7100,107408600
2004,2007/01/26,810,170,530,247,1127,418,95200,15800,55500,7900,9500,113950400
2005,2007/01/29,525,249,409,285,393,620,90000,30000,60000,15000,9000,140703600
2006,2007/01/30,574,146,514,181,1146,746,95700,15900,55800,7900,9500,107981000
2007,2007/01/31,311,267,807,283,1227,1246,47700,15900,31800,7900,4700,111778400
2008,2007/02/01,624,189,823,356,1352,558,69900,11600,40700,5800,6900,109229400
2009,2007/02/02,594,252,601,287,1359,553,74800,12400,43600,6200,7400,114470800
2010,2007/02/05,412,234,1133,401,1810,695,74800,12400,43600,6200,7400,145816000
2011,2007/02/06,815,268,596,282,995,500,72600,12100,42300,6000,7200,107274800
2012,2007/02/07,539,115,655,250,1133,627,91400,15200,53300,7600,9100,107176600
2013,2007/02/08,874,273,612,260,1128,385,73800,12300,43000,6100,7300,108233400
2014,2007/02/09,008,205,230,167,332,437,104100,34700,69400,17300,10400,113904400
2015,2007/02/12,842,133,1012,227,1608,568,88300,14700,51500,7300,8800,122706400
2016,2007/02/13,268,129,614,275,1121,407,85700,14200,49900,7100,8500,100173400
2017,2007/02/14,315,246,867,443,1636,382,54500,9000,31700,4500,5400,99866400
2018,2007/02/15,453,145,757,248,1369,1019,80300,13300,46800,6600,8000,112805600
2019,2007/02/16,519,239,605,364,1218,458,75200,12500,43800,6200,7500,117032600
2020,2007/02/19,449,146,341,253,498,638,110200,36700,73400,18300,11000,140948600
2021,2007/02/20,027,95,536,199,1108,689,101200,16800,59000,8400,10100,103888000
2022,2007/02/21,240,83,597,198,1341,396,102500,17000,59700,8500,10200,102391200
2023,2007/02/22,705,182,395,288,754,348,94000,15600,54800,7800,9400,107338000
2024,2007/02/23,939,104,258,150,345,563,122500,40800,81600,20400,12200,109988000
2025,2007/02/26,964,157,879,253,1671,694,94000,15600,54800,7800,9400,137851400
2026,2007/02/27,160,75,464,155,955,276,134900,22400,78600,11200,13400,104928800
2027,2007/02/28,172,134,678,191,1400,502,92600,15400,54000,7700,9200,108143200
2028,2007/03/01,378,183,759,343,1502,557,71300,11800,41500,5900,7100,109477200
2029,2007/03/02,308,171,570,384,1202,507,80600,13400,47000,6700,8000,114824400
2030,2007/03/05,321,257,1151,377,1678,651,70200,11700,40900,5800,7000,136394000
2031,2007/03/06,477,104,217,162,348,738,114000,38000,76000,19000,11400,105437200
2032,2007/03/07,974,112,611,186,1490,520,92300,15300,53800,7600,9200,102299000
2033,2007/03/08,417,217,823,446,1594,482,61800,10300,36000,5100,6100,109295400
2034,2007/03/09,938,126,635,236,1387,666,91500,15200,53300,7600,9100,112200200
2035,2007/03/12,415,313,794,412,1221,741,69600,11600,40600,5800,6900,133318800
2036,2007/03/13,403,87,397,171,835,361,127200,21200,74200,10600,12700,101436400
2037,2007/03/14,971,117,418,150,1077,381,115400,19200,67300,9600,11500,103145000
2038,2007/03/15,977,160,300,220,377,503,91600,30500,61000,15200,9100,105831200
2039,2007/03/16,231,117,684,127,1286,478,108500,18000,63200,9000,10800,110940200
2040,2007/03/19,732,144,977,246,1861,609,90000,15000,52500,7500,9000,133372400
2041,2007/03/20,149,187,632,235,1334,570,77300,12800,45000,6400,7700,102687200
2042,2007/03/21,550,89,226,130,343,480,115600,38500,77000,19200,11500,91573200
2043,2007/03/22,334,90,192,129,299,444,137300,45700,91500,22800,13700,102017200
2044,2007/03/23,034,89,593,151,1251,435,117400,19500,68400,9700,11700,110599200
2045,2007/03/26,632,186,1688,298,2963,618,63300,10500,36900,5200,6300,133624600
2046,2007/03/27,707,73,167,141,219,308,155500,51800,103600,25900,15500,100243200
2047,2007/03/28,001,84,135,94,200,366,178300,59400,118800,29700,17800,103662600
2048,2007/03/29,984,83,466,164,1037,510,115900,19300,67600,9600,11500,101432800
2049,2007/03/30,771,85,220,159,402,399,131600,43800,87700,21900,13100,108608000
2050,2007/04/02,746,181,730,303,1212,1088,86400,14400,50400,7200,8600,132364600
2051,2007/04/03,330,242,354,340,409,456,63700,21200,42400,10600,6300,99212400
2052,2007/04/04,121,162,304,246,487,474,77700,25900,51800,12900,7700,96020600
2053,2007/04/05,368,171,665,325,1436,428,72300,12000,42100,6000,7200,101883800
2054,2007/04/06,379,138,608,309,1151,452,84600,14100,49300,7000,8400,105474200
2055,2007/04/09,266,130,363,178,412,659,115300,38400,76800,19200,11500,129281800
2056,2007/04/10,646,95,181,164,301,449,122000,40600,81300,20300,12200,97536200
2057,2007/04/11,165,125,530,195,1200,462,94500,15700,55100,7800,9400,99418600
2058,2007/04/12,715,168,729,336,1434,545,68400,11400,39900,5700,6800,100384600
2059,2007/04/13,183,132,771,238,1746,646,81600,13600,47600,6800,8100,110523800
2060,2007/04/16,223,212,391,319,414,661,85600,28500,57000,14200,8500,131388400
2061,2007/04/17,974,102,450,202,1167,809,93600,15600,54600,7800,9300,98382800
2062,2007/04/18,621,140,624,218,1356,407,84300,14000,49100,7000,8400,98365000
2063,2007/04/19,519,157,521,318,889,608,82400,13700,48000,6800,8200,103420200
2064,2007/04/20,926,177,848,421,1643,612,64900,10800,37800,5400,6400,109982000
2065,2007/04/23,301,149,767,273,1358,386,102200,17000,59600,8500,10200,133548800
2066,2007/04/24,456,152,532,320,858,500,83000,13800,48400,6900,8300,101249200
2067,2007/04/25,123,362,971,651,1593,587,43200,7200,25200,3600,4300,105257800
2068,2007/04/26,157,141,535,187,1126,409,103100,17100,60100,8500,10300,108695800
2069,2007/04/27,306,144,593,317,1211,383,90900,15100,53000,7500,9000,114560000
2070,2007/04/30,701,137,517,221,964,422,114000,19000,66500,9500,11400,120291000
2071,2007/05/01,654,146,548,177,985,517,97700,16200,56900,8100,9700,103010400
2072,2007/05/02,399,92,223,139,267,1119,119900,39900,79900,19900,11900,110689200
2073,2007/05/03,231,113,1055,212,2171,676,63900,10600,37200,5300,6300,93900600
2074,2007/05/04,172,99,514,160,1109,512,104700,17400,61000,8700,10400,98123800
2075,2007/05/07,302,233,799,349,1162,484,85800,14300,50000,7100,8500,136401800
2076,2007/05/08,827,204,546,314,1086,548,75400,12500,43900,6200,7500,104497000
2077,2007/05/09,936,114,806,277,1655,570,74800,12400,43600,6200,7400,100564400
2078,2007/05/10,466,87,193,147,288,457,133400,44400,88900,22200,13300,101757200
2079,2007/05/11,725,180,778,377,1399,552,70100,11600,40800,5800,7000,109390400
2080,2007/05/14,594,172,668,267,1391,419,99100,16500,57800,8200,9900,131536600
2081,2007/05/15,716,148,515,246,970,702,84800,14100,49400,7000,8400,99632200
2082,2007/05/16,178,161,561,257,1111,479,84500,14000,49200,7000,8400,102367200
2083,2007/05/17,544,78,231,114,332,635,131500,43800,87600,21900,13100,102256000
2084,2007/05/18,826,185,715,348,1273,707,72800,12100,42400,6000,7200,110675600
2085,2007/05/21,522,376,521,490,570,790,57800,19200,38500,9600,5700,135026200
2086,2007/05/22,803,117,544,173,1104,403,103400,17200,60300,8600,10300,101358000
2087,2007/05/23,821,175,644,272,1425,505,74400,12400,43400,6200,7400,100975600
2088,2007/05/24,407,125,486,225,812,350,103500,17200,60300,8600,10300,101210200
2089,2007/05/25,353,102,329,172,496,464,100100,33300,66700,16600,10000,101304400
2090,2007/05/28,642,171,1265,279,2087,657,76500,12700,44600,6300,7600,133366000
2091,2007/05/29,428,205,700,370,1187,640,65200,10800,38000,5400,6500,101608200
2092,2007/05/30,156,141,529,203,1190,422,94100,15600,54800,7800,9400,102291400
2093,2007/05/31,386,133,738,295,1598,477,78600,13100,45800,6500,7800,106401400
2094,2007/06/01,392,124,679,229,1480,463,95400,15900,55600,7900,9500,114565000
2095,2007/06/04,242,128,376,143,572,557,118900,39600,79200,19800,11800,132088600
2096,2007/06/05,556,111,281,196,357,551,103500,34500,69000,17200,10300,103576000
2097,2007/06/06,045,86,421,194,881,476,117800,19600,68700,9800,11700,102226800
2098,2007/06/07,405,200,455,238,855,374,87400,14500,50900,7200,8700,101709400
2099,2007/06/08,032,66,462,106,1055,600,136400,22700,79500,11300,13600,106967200
2100,2007/06/11,642,182,1317,300,2116,868,69100,11500,40300,5700,6900,129049600
2101,2007/06/12,135,193,988,382,1959,542,55000,9100,32000,4500,5500,97691400
2102,2007/06/13,560,98,405,202,914,479,107000,17800,62400,8900,10700,96957600
2103,2007/06/14,989,94,229,178,344,1226,91900,30600,61200,15300,9100,95844000
2104,2007/06/15,236,201,871,351,1795,674,65600,10900,38200,5400,6500,112016600
2105,2007/06/18,222,647,764,351,1795,674,65600,10900,38200,5400,6500,112016600
2106,2007/06/19,584,73,435,163,939,329,126200,21000,73600,10500,12600,98643800
2107,2007/06/20,791,96,608,211,1343,465,93800,15600,54700,7800,9300,99817400
2108,2007/06/21,106,136,506,286,899,401,91200,15200,53200,7600,9100,101778400
2109,2007/06/22,757,65,233,150,323,456,131700,43900,87800,21900,13100,100163000
2110,2007/06/25,859,91,497,172,1069,591,138600,23100,80800,11500,13800,130106400
2111,2007/06/26,925,150,647,367,1267,586,70600,11700,41100,5800,7000,99803600
2112,2007/06/27,482,116,752,230,1474,685,80500,13400,46900,6700,8000,101410000
2113,2007/06/28,278,123,571,249,1133,635,88600,14700,51600,7300,8800,102674000
2114,2007/06/29,453,123,635,201,1171,454,99400,16500,57900,8200,9900,108054200
2115,2007/07/02,447,175,338,250,383,716,101300,33700,67500,16800,10100,132812800
2116,2007/07/03,656,109,221,184,293,634,110200,36700,73400,18300,11000,102324000
2117,2007/07/04,012,103,475,235,951,582,96800,16100,56400,8000,9600,98260000
2118,2007/07/05,055,115,252,112,360,903,109900,36600,73200,18300,10900,103609600
2119,2007/07/06,128,208,594,410,1190,544,69200,11500,40300,5700,6900,107743000
2120,2007/07/09,591,115,704,184,1406,371,119500,19900,69700,9900,11900,131236200
2121,2007/07/10,170,76,838,146,1683,483,90600,15100,52800,7500,9000,98622800
2122,2007/07/11,778,97,226,186,359,470,111000,37000,74000,18500,11100,99508400
2123,2007/07/12,586,93,490,173,1046,410,111600,18600,65100,9300,11100,100145000
2124,2007/07/13,867,119,586,235,1281,583,90700,15100,52900,7500,9000,104609600
2125,2007/07/16,864,120,645,166,1189,434,107100,17800,62400,8900,10700,111107200
2126,2007/07/17,398,147,452,220,857,417,94500,15700,55100,7800,9400,97494600
2127,2007/07/18,752,101,813,193,1588,615,81700,13600,47600,6800,8100,98640400
2128,2007/07/19,600,102,156,124,199,675,133700,44500,89100,22200,13300,100268600
2129,2007/07/20,089,150,686,241,1516,515,78500,13000,45700,6500,7800,101690400
2130,2007/07/23,857,138,800,257,1423,569,91800,15300,53500,7600,9100,121775600
2131,2007/07/24,287,109,606,148,1172,531,94000,15600,54800,7800,9400,93465600
2132,2007/07/25,938,94,479,183,1066,712,102000,17000,59500,8500,10200,99914400
2133,2007/07/26,818,161,283,268,361,588,80600,26800,53700,13400,8000,99153800
2134,2007/07/27,391,107,584,203,1416,348,96900,16100,56500,8000,9600,102481200
2135,2007/07/30,254,116,761,241,1643,545,92500,15400,53900,7700,9200,118251200
2136,2007/07/31,971,70,518,150,1105,422,115300,19200,67200,9600,11500,96954600
2137,2007/08/01,931,81,493,160,1057,465,111400,18500,64900,9200,11100,96888400
2138,2007/08/02,498,89,425,176,858,365,115900,19300,67600,9600,11500,95442200
2139,2007/08/03,509,141,554,329,990,702,79300,13200,46200,6600,7900,101973600
2140,2007/08/06,318,224,887,397,1720,533,68100,11300,39700,5600,6800,121238400
2141,2007/08/07,081,66,513,119,1027,378,123100,20500,71800,10200,12300,94210200
2142,2007/08/08,112,124,296,232,406,364,85700,28500,57100,14200,8500,91689200
2143,2007/08/09,987,106,747,274,1510,345,73600,12200,42900,6100,7300,90143800
2144,2007/08/10,189,208,1246,636,2533,515,41100,6800,23900,3400,4100,95926200
2145,2007/08/13,700,53,167,133,261,573,157400,52400,104900,26200,15700,104302400
2146,2007/08/14,035,100,376,120,762,385,107500,17900,62700,8900,10700,80017200
2147,2007/08/15,478,101,536,228,1051,654,82900,13800,48300,6900,8200,87783200
2148,2007/08/16,822,138,274,228,323,510,85500,28500,57000,14200,8500,92384200
2149,2007/08/17,703,145,487,362,969,396,79600,13200,46400,6600,7900,98676800
2150,2007/08/20,975,89,517,167,1026,722,125300,20800,73000,10400,12500,119827200
2151,2007/08/21,912,120,621,238,1284,409,83000,13800,48400,6900,8300,94135400
2152,2007/08/22,730,90,408,161,878,358,114600,19100,66800,9500,11400,91935800
2153,2007/08/23,152,91,627,173,1467,384,95400,15900,55600,7900,9500,96953200
2154,2007/08/24,830,143,590,265,1179,304,89900,14900,52400,7400,8900,104892000
2155,2007/08/27,494,82,269,154,372,479,146200,48700,97400,24300,14600,124866800
2156,2007/08/28,239,94,566,187,1297,472,95100,15800,55400,7900,9500,95737600
2157,2007/08/29,678,141,512,327,812,807,77100,12800,44900,6400,7700,97002600
2158,2007/08/30,585,160,325,191,470,1188,73600,24500,49000,12200,7300,96974600
2159,2007/08/31,387,108,614,253,1438,520,87900,14600,51200,7300,8700,103536000
2160,2007/09/03,353,150,446,253,441,631,94100,31300,62700,15600,9400,126371000
2161,2007/09/04,626,124,258,213,316,702,91900,30600,61200,15300,9100,97019400
2162,2007/09/05,677,99,213,131,353,511,117600,39200,78400,19600,11700,96004800
2163,2007/09/06,571,72,596,240,1314,318,94200,15700,54900,7800,9400,94831600
2164,2007/09/07,150,97,473,133,1070,399,118100,19600,68800,9800,11800,100435400
2165,2007/09/10,400,214,309,261,390,770,88700,29500,59100,14700,8800,124787600
2166,2007/09/11,092,72,468,188,1042,511,105600,17600,61600,8800,10500,93384200
2167,2007/09/12,198,136,802,349,1737,563,61800,10300,36000,5100,6100,92685800
2168,2007/09/13,169,88,479,207,1039,698,96200,16000,56100,8000,9600,95169000
2169,2007/09/14,618,151,647,352,1227,540,73600,12200,42900,6100,7300,101597800
2170,2007/09/17,755,125,373,190,427,763,92000,30600,61300,15300,9200,107028000
2171,2007/09/18,233,98,217,120,368,971,100700,33500,67100,16700,10000,91479800
2172,2007/09/19,673,79,507,179,1028,543,101500,16900,59200,8400,10100,92087000
2173,2007/09/20,145,110,465,189,1020,718,94200,15700,54900,7800,9400,95219400
2174,2007/09/21,461,97,584,238,1221,420,92500,15400,53900,7700,9200,98083400
2175,2007/09/24,938,109,589,191,1091,605,103400,17200,60300,8600,10300,108034400
2176,2007/09/25,762,86,580,172,1119,481,99000,16500,57700,8200,9900,93408000
2177,2007/09/26,691,80,467,180,1055,386,112200,18700,65400,9300,11200,97142600
2178,2007/09/27,842,102,655,138,1309,537,96200,16000,56100,8000,9600,97210800
2179,2007/09/28,009,140,237,165,339,524,105400,35100,70200,17500,10500,102598000
2180,2007/10/01,644,98,273,178,350,735,122600,40800,81700,20400,12200,119762800
2181,2007/10/02,809,82,558,193,1157,275,103400,17200,60300,8600,10300,94598000
2182,2007/10/03,958,84,380,139,801,766,113800,18900,66300,9400,11300,94096200
2183,2007/10/04,863,143,778,282,1831,530,66800,11100,38900,5500,6600,95451000
2184,2007/10/05,236,131,751,302,1459,679,72800,12100,42400,6000,7200,100633200
2185,2007/10/08,525,184,313,241,323,678,87800,29200,58500,14600,8700,111337600
2186,2007/10/09,744,107,191,103,251,443,123800,41200,82500,20600,12300,89581600
2187,2007/10/10,884,97,219,172,270,402,113600,37800,75700,18900,11300,93403400
2188,2007/10/11,785,93,573,175,1284,395,97800,16300,57000,8100,9700,95016800
2189,2007/10/12,561,85,511,190,1163,373,106600,17700,62100,8800,10600,98402600
2190,2007/10/15,278,158,802,310,1318,1190,79800,13300,46500,6600,7900,124472000
2191,2007/10/16,864,141,654,218,1161,370,83900,13900,48900,6900,8300,95273400
2192,2007/10/17,757,112,341,202,482,645,86600,28800,57700,14400,8600,97301200
2193,2007/10/18,832,115,630,229,1365,711,82100,13600,47800,6800,8200,98239800
2194,2007/10/19,966,102,269,171,380,711,102400,34100,68200,17000,10200,100180800
2195,2007/10/22,604,111,515,213,983,521,121900,20300,71100,10100,12100,123315800
2196,2007/10/23,171,102,304,120,488,333,104700,34900,69800,17400,10400,92643000
2197,2007/10/24,391,113,560,187,1204,436,90400,15000,52700,7500,9000,92321000
2198,2007/10/25,614,130,572,253,1065,617,84600,14100,49300,7000,8400,98401200
2199,2007/10/26,685,56,571,178,1186,526,108100,18000,63000,9000,10800,97715400
2200,2007/10/29,130,161,685,242,1156,587,95800,15900,55800,7900,9500,121689400
2201,2007/10/30,079,114,335,188,859,486,105200,17500,61300,8700,10500,93496800
2202,2007/10/31,675,109,579,189,1097,461,98000,16300,57100,8100,9800,98715400
2203,2007/11/01,038,73,438,134,924,732,117800,19600,68700,9800,11700,98059400
2204,2007/11/02,254,100,581,210,1231,522,97800,16300,57000,8100,9700,103050600
2205,2007/11/05,018,97,598,163,1071,693,124200,20700,72400,10300,12400,124318000
2206,2007/11/06,928,145,565,309,1370,569,74000,12300,43100,6100,7400,97156200
2207,2007/11/07,418,125,531,274,1112,399,86400,14400,50400,7200,8600,97208400
2208,2007/11/08,955,113,394,192,473,1040,80400,26800,53600,13400,8000,99211800
2209,2007/11/09,409,149,531,337,1079,474,80600,13400,47000,6700,8000,102444000
2210,2007/11/12,638,313,1116,570,1703,880,52100,8600,30300,4300,5200,122964600
2211,2007/11/13,334,92,225,172,321,382,115200,38400,76800,19200,11500,95642600
2212,2007/11/14,785,71,544,159,1047,442,111500,18500,65000,9200,11100,95630000
2213,2007/11/15,892,89,570,198,1181,576,98100,16300,57200,8100,9800,99324800
2214,2007/11/16,679,114,475,246,1081,483,98500,16400,57400,8200,9800,104040000
2215,2007/11/19,762,96,671,177,1205,528,119400,19900,69600,9900,11900,123271000
2216,2007/11/20,652,94,616,144,1276,410,99700,16600,58100,8300,9900,94885400
2217,2007/11/21,145,131,588,234,1397,587,79100,13100,46100,6500,7900,95125600
2218,2007/11/22,013,128,530,198,1179,737,88400,14700,51500,7300,8800,99036400
2219,2007/11/23,601,100,423,194,823,415,101900,16900,59400,8400,10100,89177400
2220,2007/11/26,781,90,656,190,1330,409,120600,20100,70300,10000,12000,123810800
2221,2007/11/27,395,80,543,199,1168,446,100400,16700,58500,8300,10000,95611600
2222,2007/11/28,373,119,297,192,430,593,91000,30300,60600,15100,9100,96470400
2223,2007/11/29,361,136,718,306,1482,532,72500,12000,42200,6000,7200,98437400
2224,2007/11/30,326,151,725,360,1368,869,68600,11400,40000,5700,6800,104183600
2225,2007/12/03,469,177,788,384,1458,546,79500,13200,46300,6600,7900,125250600
2226,2007/12/04,517,149,646,322,1263,575,70000,11600,40800,5800,7000,94516600
2227,2007/12/05,515,170,270,250,358,483,82000,27300,54600,13600,8200,97424600
2228,2007/12/06,426,176,820,387,1467,537,61900,10300,36100,5100,6100,98272000
2229,2007/12/07,306,107,617,339,1314,306,85900,14300,50100,7100,8500,104629000
2230,2007/12/10,839,155,968,298,1853,884,79800,13300,46500,6600,7900,130018200
2231,2007/12/11,943,104,458,194,963,646,99400,16500,57900,8200,9900,96869200
2232,2007/12/12,580,70,507,195,1049,573,107900,17900,62900,8900,10700,99100600
2233,2007/12/13,033,122,250,156,430,891,93100,31000,62000,15500,9300,97305400
2234,2007/12/14,579,119,527,229,913,517,105400,17500,61400,8700,10500,109671000
2235,2007/12/17,888,855,0,0,0,1055,61200,0,0,0,6100,130793400
2236,2007/12/18,761,101,486,173,1191,489,100700,16700,58700,8300,10000,96529800
2237,2007/12/19,896,128,557,209,1169,740,87500,14500,51000,7200,8700,99978000
2238,2007/12/20,538,188,1105,465,2206,840,50500,8400,29400,4200,5000,102373600
2239,2007/12/21,958,101,505,211,1156,830,99500,16500,58000,8200,9900,107819400
2240,2007/12/24,768,108,732,246,1351,519,97400,16200,56800,8100,9700,116474600
2241,2007/12/25,294,142,646,327,1471,450,75800,12600,44200,6300,7500,102514200
2242,2007/12/26,304,114,428,234,897,415,108000,18000,63000,9000,10800,105179400
2243,2007/12/27,715,139,726,357,1490,689,75000,12500,43700,6200,7500,110265000
2244,2007/12/28,182,175,1069,309,2085,707,70300,11700,41000,5800,7000,121630000
2245,2008/01/04,029,142,774,266,1470,909,91400,15200,53300,7600,9100,129986400
2246,2008/01/07,965,127,689,221,1385,519,115000,19100,67000,9500,11500,137612600
2247,2008/01/08,682,132,790,258,1504,425,80800,13400,47100,6700,8000,104501800
2248,2008/01/09,443,228,293,184,327,568,85500,28500,57000,14200,8500,106410600
2249,2008/01/10,972,104,664,230,1503,637,88300,14700,51500,7300,8800,105563600
2250,2008/01/11,900,130,217,146,283,802,113900,37900,75900,18900,11300,108176000
2251,2008/01/14,978,144,864,268,1553,913,79500,13200,46300,6600,7900,117618400
2252,2008/01/15,651,106,626,227,1411,893,81700,13600,47600,6800,8100,99812000
2253,2008/01/16,178,185,578,293,1213,622,73200,12200,42700,6100,7300,100155000
2254,2008/01/17,810,124,547,294,998,448,88400,14700,51500,7300,8800,101162400
2255,2008/01/18,066,88,230,165,363,658,120500,40100,80300,20000,12000,107427600
2256,2008/01/21,875,167,960,301,1582,550,84600,14100,49300,7000,8400,129674600
2257,2008/01/22,297,146,616,216,1360,820,78200,13000,45600,6500,7800,99150800
2258,2008/01/23,390,112,574,183,1312,381,91600,15200,53400,7600,9100,94065800
2259,2008/01/24,018,70,425,135,922,692,118600,19700,69100,9800,11800,96428000
2260,2008/01/25,004,72,200,109,315,374,160800,53600,107200,26800,16000,107668600
2261,2008/01/28,982,133,990,251,1902,581,87100,14500,50800,7200,8700,128052800
2262,2008/01/29,488,78,159,129,242,540,141200,47000,94100,23500,14100,97735000
2263,2008/01/30,514,147,574,296,1041,429,84100,14000,49000,7000,8400,101877800
2264,2008/01/31,309,141,436,246,925,558,96000,16000,56000,8000,9600,104545600
2265,2008/02/01,170,85,533,144,1160,460,122600,20400,71500,10200,12200,109166800
2266,2008/02/04,122,217,457,269,534,873,79400,26400,52900,13200,7900,128075400
2267,2008/02/05,699,108,252,173,361,605,104500,34800,69600,17400,10400,99471800
2268,2008/02/06,745,148,585,261,1028,517,82600,13700,48100,6800,8200,98293000
2269,2008/02/07,014,84,490,190,1031,362,114500,19000,66700,9500,11400,101433400
2270,2008/02/08,086,66,536,129,1110,504,130000,21600,75800,10800,13000,107919800
2271,2008/02/11,014,109,507,173,916,426,127300,21200,74200,10600,12700,116947200
2272,2008/02/12,610,125,460,256,902,319,88600,14700,51600,7300,8800,90240000
2273,2008/02/13,569,106,364,200,845,481,108300,18000,63100,9000,10800,96761400
2274,2008/02/14,705,110,437,294,773,412,97800,16300,57000,8100,9700,99977200
2275,2008/02/15,435,98,614,175,1186,1008,102700,17100,59900,8500,10200,114610200
2276,2008/02/18,599,164,266,186,341,650,122500,40800,81600,20400,12200,135737600
2277,2008/02/19,802,91,550,249,1088,376,100200,16700,58400,8300,10000,101615000
2278,2008/02/20,215,261,755,418,1299,690,57200,9500,33300,4700,5700,102772200
2279,2008/02/21,276,90,589,205,1180,767,96000,16000,56000,8000,9600,103045000
2280,2008/02/22,175,115,866,329,1692,453,77800,12900,45300,6400,7700,110363000
2281,2008/02/25,128,242,1109,495,1984,834,61400,10200,35800,5100,6100,131780600
2282,2008/02/26,472,83,641,209,1417,304,96800,16100,56400,8000,9600,99054400
2283,2008/02/27,348,135,652,301,1309,693,76700,12700,44700,6300,7600,101869400
2284,2008/02/28,956,115,620,259,1287,672,87800,14600,51200,7300,8700,106198200
2285,2008/02/29,616,181,265,273,368,568,91100,30300,60700,15100,9100,115318200
2286,2008/03/03,648,203,885,356,1466,545,83200,13800,48500,6900,8300,135929600
2287,2008/03/04,199,73,190,85,309,551,151400,50400,100900,25200,15100,100806000
2288,2008/03/05,022,96,264,150,434,565,111200,37000,74100,18500,11100,102051800
2289,2008/03/06,858,63,276,125,394,493,133100,44300,88700,22100,13300,104499400
2290,2008/03/07,842,80,764,166,1592,504,99600,16600,58100,8300,9900,107899800
2291,2008/03/10,686,153,351,248,391,501,106500,35500,71000,17700,10600,130406600
2292,2008/03/11,685,91,620,185,1286,435,101500,16900,59200,8400,10100,102203200
2293,2008/03/12,633,174,281,166,408,1195,81300,27100,54200,13500,8100,102254400
2294,2008/03/13,139,90,698,178,1437,567,95200,15800,55500,7900,9500,102989000
2295,2008/03/14,317,256,689,503,1263,641,55900,9300,32600,4600,5500,103669000
2296,2008/03/17,281,149,1072,209,1914,785,86000,14300,50100,7100,8600,131436600
2297,2008/03/18,440,102,270,190,385,446,104400,34800,69600,17400,10400,99236200
2298,2008/03/19,240,80,693,200,1523,292,89800,14900,52300,7400,8900,93552600
2299,2008/03/20,418,137,588,355,1129,582,65400,10900,38100,5400,6500,86400800
2300,2008/03/21,411,125,311,226,421,914,85900,28600,57200,14300,8500,103254400
2301,2008/03/24,048,124,678,231,1318,622,99500,16500,58000,8200,9900,120286400
2302,2008/03/25,849,80,485,165,1148,468,110500,18400,64400,9200,11000,98136200
2303,2008/03/26,022,70,185,94,347,599,143600,47800,95700,23900,14300,99598000
2304,2008/03/27,631,100,690,195,1440,471,91800,15300,53500,7600,9100,101230800
2305,2008/03/28,197,136,665,322,1307,389,80700,13400,47000,6700,8000,104562200
2306,2008/03/31,909,196,293,246,400,570,96200,32000,64100,16000,9600,124386400
2307,2008/04/01,401,341,871,561,1362,432,44000,7300,25600,3600,4400,94973000
2308,2008/04/02,601,85,642,234,1210,346,92200,15300,53700,7600,9200,95055000
2309,2008/04/03,279,106,515,214,1160,381,98300,16300,57300,8100,9800,98670800
2310,2008/04/04,889,107,282,225,363,501,101500,33800,67600,16900,10100,104201200
2311,2008/04/07,457,114,603,194,1068,540,114700,19100,66900,9500,11400,120066200
2312,2008/04/08,478,142,561,359,1175,815,64600,10700,37600,5300,6400,89643800
2313,2008/04/09,412,162,581,341,1258,457,69800,11600,40700,5800,6900,94474200
2314,2008/04/10,499,108,246,185,314,759,94600,31500,63000,15700,9400,92832400
2315,2008/04/11,946,139,882,325,1884,515,67300,11200,39200,5600,6700,102429000
2316,2008/04/14,422,183,366,262,369,903,86600,28800,57700,14400,8600,121619000
2317,2008/04/15,165,133,502,211,1080,542,94000,15600,54800,7800,9400,101198000
2318,2008/04/16,230,91,430,159,949,484,115900,19300,67600,9600,11500,98664400
2319,2008/04/17,237,109,645,220,1295,613,84300,14000,49100,7000,8400,96379000
2320,2008/04/18,617,131,497,299,961,468,87200,14500,50800,7200,8700,99888400
2321,2008/04/21,668,108,244,178,315,656,132900,44300,88600,22100,13200,125928000
2322,2008/04/22,679,185,477,328,913,493,75000,12500,43700,6200,7500,96876200
2323,2008/04/23,621,134,693,298,1423,472,73500,12200,42800,6100,7300,96299200
2324,2008/04/24,774,155,231,191,282,581,92700,30900,61800,15400,9200,95713600
2325,2008/04/25,117,190,346,368,445,471,71200,23700,47400,11800,7100,106355200
2326,2008/04/28,670,121,513,228,959,310,127500,21200,74300,10600,12700,127712600
2327,2008/04/29,212,111,276,133,388,386,100400,33400,66900,16700,10000,88184600
2328,2008/04/30,724,214,841,375,1584,733,58100,9600,33800,4800,5800,100570800
2329,2008/05/01,162,103,695,194,1511,409,91100,15100,53100,7500,9100,101013200
2330,2008/05/02,751,98,997,246,2144,507,76200,12700,44400,6300,7600,108011400
2331,2008/05/05,779,88,238,160,258,502,135300,45100,90200,22500,13500,110453800
2332,2008/05/06,627,211,765,410,1529,549,52400,8700,30500,4300,5200,88548200
2333,2008/05/07,046,113,379,127,744,455,115500,19200,67300,9600,11500,91892000
2334,2008/05/08,276,83,654,217,1423,386,91400,15200,53300,7600,9100,96634000
2335,2008/05/09,655,126,274,195,335,1221,89200,29700,59400,14800,8900,104230200
2336,2008/05/12,970,71,429,123,888,343,170100,28300,99200,14100,17000,121970800
2337,2008/05/13,907,131,394,192,738,404,101500,16900,59200,8400,10100,92668000
2338,2008/05/14,357,178,700,317,1377,434,66100,11000,38500,5500,6600,93770800
2339,2008/05/15,302,96,399,185,879,333,117300,19500,68400,9700,11700,98320200
2340,2008/05/16,119,144,290,260,323,665,86300,28700,57500,14300,8600,102509200
2341,2008/05/19,728,176,799,420,1477,705,70400,11700,41000,5800,7000,117119600
2342,2008/05/20,874,117,554,265,1237,525,77800,12900,45300,6400,7700,89916000
2343,2008/05/21,950,76,339,147,833,311,131000,21800,76400,10900,13100,92835600
2344,2008/05/22,677,145,174,170,243,788,95500,31800,63600,15900,9500,92529800
2345,2008/05/23,316,210,596,359,1167,520,66700,11100,38900,5500,6600,99108200
2346,2008/05/26,613,209,864,353,1411,659,70700,11700,41200,5800,7000,116658800
2347,2008/05/27,183,75,615,224,1360,556,85300,14200,49700,7100,8500,90484600
2348,2008/05/28,975,68,436,169,933,436,114800,19100,66900,9500,11400,92028000
2349,2008/05/29,842,86,668,217,1416,544,82700,13700,48200,6800,8200,91301600
2350,2008/05/30,772,118,316,201,554,417,91400,30400,60900,15200,9100,99852600
2351,2008/06/02,342,89,650,160,1356,444,115300,19200,67200,9600,11500,114812800
2352,2008/06/03,041,46,403,103,940,594,127700,21200,74400,10600,12700,88252000
2353,2008/06/04,471,153,783,256,1725,547,67500,11200,39300,5600,6700,94698200
2354,2008/06/05,739,124,531,227,1063,563,85700,14200,49900,7100,8500,93357600
2355,2008/06/06,453,99,507,221,910,441,105700,17600,61600,8800,10500,101567400
2356,2008/06/09,091,70,569,151,1233,500,126700,21100,73900,10500,12600,114218400
2357,2008/06/10,596,114,412,212,851,379,100900,16800,58800,8400,10000,93133800
2358,2008/06/11,704,108,414,201,800,354,103300,17200,60200,8600,10300,91034400
2359,2008/06/12,538,123,712,275,1551,702,69800,11600,40700,5800,6900,93408600
2360,2008/06/13,272,84,310,145,482,530,112800,37600,75200,18800,11200,104653400
2361,2008/06/16,474,147,344,189,391,530,108600,36200,72400,18100,10800,122149200
2362,2008/06/17,809,86,474,224,1073,425,98200,16300,57200,8100,9800,93367200
2363,2008/06/18,215,121,533,310,1131,557,77500,12900,45200,6400,7700,93224600
2364,2008/06/19,401,100,488,182,970,363,103600,17200,60400,8600,10300,93223600
2365,2008/06/20,070,63,196,117,302,451,148500,49500,99000,24700,14800,99627600
2366,2008/06/23,991,139,295,150,377,363,121900,40600,81200,20300,12100,118254400
2367,2008/06/24,777,879,0,0,0,717,44200,0,0,0,4400,93568200
2368,2008/06/25,597,107,562,175,985,380,100900,16800,58800,8400,10000,94851600
2369,2008/06/26,009,85,228,162,365,513,115600,38500,77000,19200,11500,97932600
2370,2008/06/27,816,165,590,314,1339,570,75700,12600,44100,6300,7500,103509000
2371,2008/06/30,960,162,588,250,1191,763,97000,16100,56500,8000,9700,125446400
2372,2008/07/01,856,65,526,169,981,427,116100,19300,67700,9600,11600,97011800
2373,2008/07/02,703,239,606,486,939,412,59600,9900,34700,4900,5900,98526200
2374,2008/07/03,943,95,436,172,999,457,111500,18500,65000,9200,11100,98416600
2375,2008/07/04,618,179,552,354,936,698,75000,12500,43700,6200,7500,104272600
2376,2008/07/07,271,160,992,260,1941,686,78300,13000,45600,6500,7800,123172000
2377,2008/07/08,202,203,260,162,349,382,84900,28300,56600,14100,8400,93209400
2378,2008/07/09,808,145,260,186,255,471,93200,31000,62100,15500,9300,92312800
2379,2008/07/10,200,122,205,115,298,926,105600,35200,70400,17600,10500,96119200
2380,2008/07/11,372,132,595,218,1237,703,84500,14000,49200,7000,8400,99924400
2381,2008/07/14,286,112,825,219,1430,482,96000,16000,56000,8000,9600,116300200
2382,2008/07/15,141,80,206,139,380,366,120800,40200,80500,20100,12000,91621400
2383,2008/07/16,568,153,419,236,693,345,90700,15100,52900,7500,9000,91327000
2384,2008/07/17,066,62,227,142,363,529,119500,39800,79600,19900,11900,91862800
2385,2008/07/18,733,75,289,143,448,811,102600,34200,68400,17100,10200,96398200
2386,2008/07/21,141,87,265,109,437,341,130000,43300,86600,21600,13000,102582400
2387,2008/07/22,626,107,252,197,234,636,92100,30700,61400,15300,9200,86994200
2388,2008/07/23,475,109,412,157,829,647,97600,16200,56900,8100,9700,87486200
2389,2008/07/24,142,77,548,121,1263,632,97700,16200,56900,8100,9700,88498400
2390,2008/07/25,271,93,712,209,1493,548,84400,14000,49200,7000,8400,96214000
2391,2008/07/28,900,111,261,173,339,676,117600,39200,78400,19600,11700,114397400
2392,2008/07/29,325,168,507,285,928,511,72700,12100,42400,6000,7200,88476600
2393,2008/07/30,963,80,560,178,1318,419,93600,15600,54600,7800,9300,89266000
2394,2008/07/31,008,81,210,98,298,365,137300,45700,91500,22800,13700,92304800
2395,2008/08/01,169,96,496,197,1174,437,101500,16900,59200,8400,10100,98204600
2396,2008/08/04,003,127,334,157,338,431,111900,37300,74600,18600,11100,110115200
2397,2008/08/05,531,137,607,256,1304,428,71800,11900,41800,5900,7100,85996000
2398,2008/08/06,140,76,549,157,1201,371,98700,16400,57500,8200,9800,86967400
2399,2008/08/07,801,114,580,241,1204,436,80900,13400,47100,6700,8000,89096000
2400,2008/08/08,703,154,500,326,923,370,79200,13200,46200,6600,7900,95315200
2401,2008/08/11,117,242,508,424,571,656,57500,19100,38300,9500,5700,109320000
2402,2008/08/12,928,119,483,277,1132,478,74800,12400,43600,6200,7400,83732400
2403,2008/08/13,750,60,312,132,778,268,128800,21400,75100,10700,12800,80356400
2404,2008/08/14,158,101,626,180,1459,379,79200,13200,46200,6600,7900,82755200
2405,2008/08/15,311,103,340,183,477,646,86000,28600,57300,14300,8600,92293600
2406,2008/08/18,247,189,1023,346,1629,634,69700,11600,40600,5800,6900,117891600
2407,2008/08/19,812,172,722,310,1497,440,61600,10200,35900,5100,6100,87923200
2408,2008/08/20,016,64,585,187,1205,416,98500,16400,57400,8200,9800,90319400
2409,2008/08/21,677,86,188,144,251,504,122100,40700,81400,20300,12200,91425000
2410,2008/08/22,551,126,244,167,343,347,105000,35000,70000,17500,10500,95877600
2411,2008/08/25,667,152,333,228,313,544,100400,33400,66900,16700,10000,116480400
2412,2008/08/26,725,160,619,322,1157,434,70000,11600,40800,5800,7000,91943400
2413,2008/08/27,764,68,500,165,874,518,113000,18800,65900,9400,11300,93493800
2414,2008/08/28,483,111,569,242,1134,428,86900,14400,50600,7200,8600,93614400
2415,2008/08/29,734,98,596,246,1172,547,92800,15400,54100,7700,9200,101744600
2416,2008/09/01,200,98,241,128,294,946,135700,45200,90400,22600,13500,122835000
2417,2008/09/02,200,75,256,160,401,641,104300,34700,69500,17300,10400,92293200
2418,2008/09/03,425,163,466,243,825,431,87400,14500,50900,7200,8700,96059200
2419,2008/09/04,532,94,629,140,1173,564,99400,16500,57900,8200,9900,96060400
2420,2008/09/05,801,99,516,224,1016,550,101000,16800,58900,8400,10100,102280800
2421,2008/09/08,148,138,691,244,1185,653,97700,16200,56900,8100,9700,121502200
2422,2008/09/09,417,230,772,441,1390,547,54400,9000,31700,4500,5400,95233200
2423,2008/09/10,953,96,539,151,1106,390,107300,17800,62500,8900,10700,96627400
2424,2008/09/11,718,122,554,317,1103,582,79500,13200,46300,6600,7900,97089000
2425,2008/09/12,621,138,781,299,1511,500,74900,12400,43600,6200,7400,102959800
2426,2008/09/15,472,162,1076,292,1684,739,67200,11200,39200,5600,6700,108434800
2427,2008/09/16,232,82,277,126,401,351,109800,36600,73200,18300,10900,87906200
2428,2008/09/17,748,106,512,207,1115,340,95300,15800,55500,7900,9500,93045200
2429,2008/09/18,432,115,608,218,1364,382,83600,13900,48700,6900,8300,92055800
2430,2008/09/19,314,229,593,326,1103,505,66900,11100,39000,5500,6600,98214200
2431,2008/09/22,675,133,698,218,1207,586,99700,16600,58100,8300,9900,118770000
2432,2008/09/23,223,124,243,182,310,797,82300,27400,54800,13700,8200,83726200
2433,2008/09/24,440,98,223,183,262,296,112700,37500,75100,18700,11200,92131000
2434,2008/09/25,544,105,231,118,304,816,110000,36600,73300,18300,11000,96107800
2435,2008/09/26,972,77,736,201,1660,535,88900,14800,51800,7400,8800,100532800
2436,2008/09/29,321,223,1114,369,1808,600,62600,10400,36500,5200,6200,116131800
2437,2008/09/30,817,136,474,245,966,528,83000,13800,48400,6900,8300,90654000
2438,2008/10/01,802,100,406,200,933,491,102700,17100,59900,8500,10200,93854000
2439,2008/10/02,157,136,767,244,1521,375,74400,12400,43400,6200,7400,94317800
2440,2008/10/03,234,180,822,341,1333,496,65800,10900,38300,5400,6500,99004600
2441,2008/10/06,187,92,693,196,1422,519,107100,17800,62400,8900,10700,117228800
2442,2008/10/07,591,62,465,146,935,507,118900,19800,69300,9900,11800,93346000
2443,2008/10/08,015,87,472,144,1099,456,104500,17400,60900,8700,10400,89881800
2444,2008/10/09,493,94,332,148,773,1009,103100,17100,60100,8500,10300,91877600
2445,2008/10/10,410,143,778,307,1412,644,69200,11500,40300,5700,6900,97548200
2446,2008/10/13,468,144,660,261,957,585,87000,14500,50700,7200,8700,105384400
2447,2008/10/14,560,49,306,105,585,255,153500,25500,89500,12700,15300,80375400
2448,2008/10/15,950,52,427,175,921,309,129400,21500,75400,10700,12900,95783000
2449,2008/10/16,136,111,646,262,1317,686,79600,13200,46400,6600,7900,97351600
2450,2008/10/17,327,202,852,385,1641,721,58800,9800,34300,4900,5800,101665400
2451,2008/10/20,618,239,878,496,1277,983,61600,10200,35900,5100,6100,120510800
2452,2008/10/21,053,64,448,92,929,327,138300,23000,80600,11500,13800,92955200
2453,2008/10/22,213,137,753,258,1436,439,71800,11900,41800,5900,7100,92059400
2454,2008/10/23,562,99,609,169,1185,360,95400,15900,55600,7900,9500,91975600
2455,2008/10/24,247,141,881,347,1746,537,64300,10700,37500,5300,6400,98554600
2456,2008/10/27,969,123,286,193,359,684,118600,39500,79000,19700,11800,125345800
2457,2008/10/28,625,129,524,239,865,622,86600,14400,50500,7200,8600,94339400
2458,2008/10/29,942,54,556,120,1285,570,111300,18500,64900,9200,11100,94209000
2459,2008/10/30,108,160,638,334,1162,472,72200,12000,42100,6000,7200,97197600
2460,2008/10/31,449,89,210,171,240,434,129000,43000,86000,21500,12900,102206800
2461,2008/11/03,226,187,334,251,420,643,84600,28200,56400,14100,8400,112820800
2462,2008/11/04,600,69,210,132,268,1053,109900,36600,73200,18300,10900,92108400
2463,2008/11/05,089,173,625,359,1224,467,66200,11000,38600,5500,6600,93554800
2464,2008/11/06,150,78,467,169,954,321,114100,19000,66500,9500,11400,92885000
2465,2008/11/07,996,83,170,147,244,324,140400,46800,93600,23400,14000,96965000
2466,2008/11/10,634,166,709,332,1210,574,81800,13600,47700,6800,8100,115746200
2467,2008/11/11,758,123,527,239,1127,490,82400,13700,48000,6800,8200,90334200
2468,2008/11/12,178,237,604,379,1196,762,54100,9000,31500,4500,5400,88464400
2469,2008/11/13,868,94,200,137,392,398,115100,38300,76700,19100,11500,91396200
2470,2008/11/14,654,89,617,203,1130,474,95500,15900,55700,7900,9500,95976000
2471,2008/11/17,424,150,333,196,393,693,98000,32600,65300,16300,9800,114766400
2472,2008/11/18,862,100,623,170,1318,359,87900,14600,51200,7300,8700,87709800
2473,2008/11/19,278,120,501,278,999,426,78300,13000,45600,6500,7800,85559800
2474,2008/11/20,870,52,392,144,810,327,132400,22000,77200,11000,13200,88735400
2475,2008/11/21,933,83,340,145,461,971,90000,30000,60000,15000,9000,93421600
2476,2008/11/24,560,81,365,130,776,275,138500,23000,80700,11500,13800,95372600
2477,2008/11/25,381,124,620,231,1287,479,75800,12600,44200,6300,7500,87211600
2478,2008/11/26,425,129,499,243,960,533,81700,13600,47600,6800,8100,88557600
2479,2008/11/27,020,94,203,114,342,1011,101300,33700,67500,16800,10100,89157600
2480,2008/11/28,879,62,594,234,1287,447,95400,15900,55600,7900,9500,95352000
2481,2008/12/01,908,197,781,386,1347,530,74500,12400,43400,6200,7400,118915000
2482,2008/12/02,415,139,449,289,963,527,78400,13000,45700,6500,7800,89816400
2483,2008/12/03,707,102,247,187,259,310,107500,35800,71600,17900,10700,91598400
2484,2008/12/04,082,64,489,149,1062,394,115300,19200,67200,9600,11500,92362400
2485,2008/12/05,588,127,229,158,280,711,97300,32400,64800,16200,9700,92236200
2486,2008/12/08,341,161,650,241,1224,554,91400,15200,53300,7600,9100,115290800
2487,2008/12/09,260,75,471,183,941,355,103100,17100,60100,8500,10300,85757800
2488,2008/12/10,927,127,680,289,1310,548,73500,12200,42800,6100,7300,93605000
2489,2008/12/11,075,67,429,153,963,551,118500,19700,69100,9800,11800,95630000
2490,2008/12/12,308,136,537,296,1145,503,83400,13900,48600,6900,8300,100907200
2491,2008/12/15,420,192,733,385,1357,595,79200,13200,46200,6600,7900,125285800
2492,2008/12/16,155,79,241,120,424,750,116600,38800,77700,19400,11600,99842400
2493,2008/12/17,640,101,399,165,796,322,116200,19300,67700,9600,11600,93617600
2494,2008/12/18,669,118,273,193,366,548,98100,32700,65400,16300,9800,98887000
2495,2008/12/19,012,128,690,269,1189,591,85300,14200,49700,7100,8500,105875800
2496,2008/12/22,514,183,716,289,1206,483,87200,14500,50800,7200,8700,120156400
2497,2008/12/23,630,106,578,265,1240,460,77200,12800,45000,6400,7700,86863600
2498,2008/12/24,300,159,275,175,252,1119,82700,27500,55100,13700,8200,95904800
2499,2008/12/25,817,123,760,322,1469,606,71400,11900,41600,5900,7100,98455800
2500,2008/12/26,885,114,285,202,315,443,105800,35200,70500,17600,10500,103581000
2501,2008/12/29,610,221,799,525,1555,568,66000,11000,38500,5500,6600,124314000
2502,2008/12/30,654,76,513,143,1031,335,119400,19900,69600,9900,11900,96691800
2503,2009/01/05,534,115,779,220,1554,458,97600,16200,56900,8100,9700,119020400
2504,2009/01/06,799,105,235,150,300,985,102900,34300,68600,17100,10200,98752400
2505,2009/01/07,797,97,297,188,357,376,106800,35600,71200,17800,10600,99321000
2506,2009/01/08,724,168,772,328,1365,496,67500,11200,39300,5600,6700,97738800
2507,2009/01/09,685,121,571,193,1231,318,95500,15900,55700,7900,9500,98374200
2508,2009/01/12,328,193,847,393,1476,627,69600,11600,40600,5800,6900,115992600
2509,2009/01/13,001,82,260,165,310,551,110500,36800,73600,18400,11000,94691800
2510,2009/01/14,243,93,732,209,1365,452,84300,14000,49100,7000,8400,92936400
2511,2009/01/15,715,180,841,393,1623,769,57300,9500,33400,4700,5700,96979400
2512,2009/01/16,308,127,483,289,983,545,90000,15000,52500,7500,9000,102518600
2513,2009/01/19,233,121,348,174,438,898,110300,36700,73500,18300,11000,126450000
2514,2009/01/20,776,67,189,108,238,666,139900,46600,93200,23300,13900,95847800
2515,2009/01/21,828,147,252,231,297,491,87800,29200,58500,14600,8700,94459000
2516,2009/01/22,614,187,580,376,1164,491,65300,10800,38000,5400,6500,94329600
2517,2009/01/23,593,108,606,265,1298,451,90300,15000,52600,7500,9000,103757000
2518,2009/01/26,509,111,646,278,1180,660,103700,17200,60400,8600,10300,125642800
2519,2009/01/27,762,69,623,180,1392,595,95500,15900,55700,7900,9500,96269600
2520,2009/01/28,826,145,682,329,1307,552,71000,11800,41400,5900,7100,97024400
2521,2009/01/29,845,93,513,223,992,558,99900,16600,58200,8300,9900,99339200
2522,2009/01/30,631,119,756,233,1538,652,81000,13500,47200,6700,8100,103401600
2523,2009/02/02,412,256,1009,416,1632,669,66700,11100,38900,5500,6600,128934200
2524,2009/02/03,461,101,554,186,1089,331,101400,16900,59100,8400,10100,95942400
2525,2009/02/04,434,89,223,135,293,396,128900,42900,85900,21400,12800,97968200
2526,2009/02/05,573,179,985,335,1726,584,62500,10400,36400,5200,6200,102951400
2527,2009/02/06,147,150,823,354,1505,490,70900,11800,41300,5900,7000,105342600
2528,2009/02/09,069,161,591,225,1182,648,101900,16900,59400,8400,10100,125466000
2529,2009/02/10,320,169,452,279,953,504,81800,13600,47700,6800,8100,97609000
2530,2009/02/11,776,64,156,99,226,280,162600,54200,108400,27100,16200,89543600
2531,2009/02/12,319,171,623,313,1116,467,75800,12600,44200,6300,7500,100645000
2532,2009/02/13,031,88,624,135,1535,471,111300,18500,64900,9200,11100,110332000
2533,2009/02/16,529,220,861,335,1608,706,77800,12900,45300,6400,7700,132066800
2534,2009/02/17,648,200,794,331,1414,614,62600,10400,36500,5200,6200,98158400
2535,2009/02/18,134,119,604,186,1189,528,91200,15200,53200,7600,9100,97333000
2536,2009/02/19,133,103,404,180,639,808,81400,27100,54200,13500,8100,98660000
2537,2009/02/20,070,55,258,127,415,490,131900,43900,87900,21900,13100,100824200
2538,2009/02/23,484,91,276,141,324,555,142300,47400,94800,23700,14200,122250000
2539,2009/02/24,686,74,206,167,294,323,124200,41400,82800,20700,12400,92568200
2540,2009/02/25,787,241,364,362,412,377,63400,21100,42200,10500,6300,100116000
2541,2009/02/26,788,202,758,384,1133,1218,47200,15700,31400,7800,4700,107211000
2542,2009/02/27,660,118,279,171,320,431,117400,39100,78200,19500,11700,109981200
2543,2009/03/02,596,183,704,299,1431,531,91900,15300,53600,7600,9100,132206800
2544,2009/03/03,403,98,462,241,996,495,96200,16000,56100,8000,9600,95834600
2545,2009/03/04,660,107,203,156,322,322,118800,39600,79200,19800,11800,96262600
2546,2009/03/05,011,100,301,131,480,549,109400,36400,72900,18200,10900,102820600
2547,2009/03/06,992,107,306,207,457,512,94000,31300,62600,15600,9400,99154400
2548,2009/03/09,779,140,407,285,422,613,93600,31200,62400,15600,9300,124364400
2549,2009/03/10,481,64,486,165,1070,328,121100,20100,70600,10000,12100,97796200
2550,2009/03/11,814,98,497,227,1029,489,95100,15800,55400,7900,9500,94724800
2551,2009/03/12,571,114,722,252,1585,532,79000,13100,46000,6500,7900,99490600
2552,2009/03/13,195,105,504,165,1117,567,104200,17300,60700,8600,10400,100755200
2553,2009/03/16,404,165,414,260,482,486,91100,30300,60700,15100,9100,122600200
2554,2009/03/17,828,113,246,197,268,602,98600,32800,65700,16400,9800,94520400
2555,2009/03/18,118,192,318,359,419,843,62000,20600,41300,10300,6200,95315200
2556,2009/03/19,586,73,440,162,790,302,128300,21300,74800,10600,12800,96059600
2557,2009/03/20,050,53,272,128,318,558,114500,38100,76300,19000,11400,85994600
2558,2009/03/23,611,159,405,203,601,480,88500,29500,59000,14700,8800,113603800
2559,2009/03/24,445,108,227,182,275,458,99500,33100,66300,16500,9900,87741600
2560,2009/03/25,753,154,619,223,1130,522,76600,12700,44600,6300,7600,90917800
2561,2009/03/26,667,134,333,199,294,563,88100,29300,58700,14600,8800,94556400
2562,2009/03/27,117,273,498,538,577,565,47300,15700,31500,7800,4700,99893200
2563,2009/03/30,413,261,794,355,1225,537,71100,11800,41400,5900,7100,119631400
2564,2009/03/31,566,111,269,163,336,515,101900,33900,67900,16900,10100,94429000
2565,2009/04/01,597,64,435,118,850,275,138300,23000,80600,11500,13800,93371000
2566,2009/04/02,308,157,438,324,949,593,77700,12900,45300,6400,7700,96330400
2567,2009/04/03,477,114,313,177,389,497,100500,33500,67000,16700,10000,100784600
2568,2009/04/06,890,110,630,228,1395,497,104000,17300,60600,8600,10400,118815800
2569,2009/04/07,283,101,521,174,1096,372,98200,16300,57200,8100,9800,91200600
2570,2009/04/08,472,94,828,266,1549,467,72000,12000,42000,6000,7200,90105800
2571,2009/04/09,169,81,550,211,1155,465,94100,15600,54800,7800,9400,91723200
2572,2009/04/10,400,203,392,295,451,1288,60200,20000,40100,10000,6000,98287000
2573,2009/04/13,910,140,752,334,1484,533,79200,13200,46200,6600,7900,112141400
2574,2009/04/14,396,89,487,204,1044,289,92500,15400,53900,7700,9200,83349000
2575,2009/04/15,401,132,653,286,1324,454,76600,12700,44600,6300,7600,95930600
2576,2009/04/16,870,79,369,180,810,462,122600,20400,71500,10200,12200,97909600
2577,2009/04/17,925,184,613,344,1192,768,67600,11200,39400,5600,6700,99717000
2578,2009/04/20,125,192,806,366,1312,566,74300,12300,43300,6100,7400,116639200
2579,2009/04/21,397,92,385,188,801,298,110000,18300,64100,9100,11000,88650000
2580,2009/04/22,315,209,755,406,1251,451,58300,9700,34000,4800,5800,93479000
2581,2009/04/23,916,121,402,228,829,448,96700,16100,56400,8000,9600,93547600
2582,2009/04/24,179,83,624,222,1420,365,97000,16100,56500,8000,9700,101655000
2583,2009/04/27,938,145,669,326,1392,933,82600,13700,48100,6800,8200,120549000
2584,2009/04/28,263,156,640,240,1424,458,77300,12800,45000,6400,7700,97539800
2585,2009/04/29,943,47,380,139,869,396,126400,21000,73700,10500,12600,85246200
2586,2009/04/30,124,173,604,300,1259,747,72700,12100,42400,6000,7200,101522400
2587,2009/05/01,775,140,324,206,327,586,95900,31900,63900,15900,9500,106251600
2588,2009/05/04,714,168,993,351,1720,534,66000,11000,38500,5500,6600,107844400
2589,2009/05/05,967,94,299,119,707,288,122100,20300,71200,10100,12200,81682600
2590,2009/05/06,401,101,506,250,1019,376,82300,13700,48000,6800,8200,83040000
2591,2009/05/07,972,85,528,206,1236,405,92700,15400,54000,7700,9200,90019600
2592,2009/05/08,183,134,827,293,1707,496,72200,12000,42100,6000,7200,101826200
2593,2009/05/11,637,143,665,268,1204,620,93900,15600,54700,7800,9300,119582200
2594,2009/05/12,713,172,688,317,1435,535,63300,10500,36900,5200,6300,90755200
2595,2009/05/13,117,262,358,383,377,603,54400,18100,36200,9000,5400,91926600
2596,2009/05/14,769,86,369,151,882,493,119100,19800,69400,9900,11900,94929400
2597,2009/05/15,948,100,419,228,923,527,106300,17700,62000,8800,10600,102199600
2598,2009/05/18,854,119,537,192,1005,729,108100,18000,63000,9000,10800,114706600
2599,2009/05/19,023,90,476,183,931,584,97400,16200,56800,8100,9700,89222200
2600,2009/05/20,748,78,521,206,1072,342,99700,16600,58100,8300,9900,90529000
2601,2009/05/21,125,169,910,340,1613,596,58100,9600,33800,4800,5800,92152800
2602,2009/05/22,087,54,330,133,827,374,146400,24400,85400,12200,14600,95328600
2603,2009/05/25,869,147,683,329,1282,693,83200,13800,48500,6900,8300,116282200
2604,2009/05/26,870,115,376,200,770,755,95700,15900,55800,7900,9500,92338400
2605,2009/05/27,412,133,566,290,1005,606,77200,12800,45000,6400,7700,92868000
2606,2009/05/28,114,172,334,333,485,505,65100,21700,43400,10800,6500,92181800
2607,2009/05/29,227,117,234,241,333,609,94200,31400,62800,15700,9400,98901800
2608,2009/06/01,108,193,701,369,1126,638,77300,12800,45000,6400,7700,117277400
2609,2009/06/02,679,98,463,249,877,536,91400,15200,53300,7600,9100,90870400
2610,2009/06/03,643,113,533,233,1171,447,85200,14200,49700,7100,8500,90904000
2611,2009/06/04,109,120,428,260,793,362,93600,15600,54600,7800,9300,92676200
2612,2009/06/05,617,191,547,381,1133,677,65100,10800,37900,5400,6500,96457600
2613,2009/06/08,831,215,893,347,1682,552,65500,10900,38200,5400,6500,110909200
2614,2009/06/09,668,66,214,137,233,539,122200,40700,81400,20300,12200,87291600
2615,2009/06/10,207,100,393,203,814,291,103300,17200,60200,8600,10300,87481800
2616,2009/06/11,047,62,367,101,778,397,144000,24000,84000,12000,14400,91720000
2617,2009/06/12,569,112,627,250,1222,953,77500,12900,45200,6400,7700,96363000
2618,2009/06/15,759,98,604,218,1137,687,109000,18100,63500,9000,10900,118523400
2619,2009/06/16,613,215,740,454,1445,529,54100,9000,31500,4500,5400,93394800
2620,2009/06/17,275,87,647,192,1307,485,92400,15400,53900,7700,9200,95357400
2621,2009/06/18,308,284,560,463,1002,562,55100,9100,32100,4500,5500,96488800
2622,2009/06/19,354,61,514,145,1007,424,126700,21100,73900,10500,12600,100677000
2623,2009/06/22,619,301,964,628,1462,568,50900,8400,29600,4200,5000,114024200
2624,2009/06/23,875,97,499,261,1057,373,89500,14900,52200,7400,8900,91143400
2625,2009/06/24,996,107,234,224,318,688,89300,29700,59500,14800,8900,90534400
2626,2009/06/25,406,120,403,232,811,498,97600,16200,56900,8100,9700,95460800
2627,2009/06/26,524,150,561,350,1156,580,74400,12400,43400,6200,7400,99634200
2628,2009/06/29,209,253,670,298,1139,503,76000,12600,44300,6300,7600,115602000
2629,2009/06/30,536,91,547,175,1151,569,95700,15900,55800,7900,9500,93031400
2630,2009/07/01,934,77,433,146,982,406,117800,19600,68700,9800,11700,93443000
2631,2009/07/02,066,104,228,123,351,599,113400,37800,75600,18900,11300,95941400
2632,2009/07/03,175,167,1031,467,2023,629,53500,8900,31200,4400,5300,100365400
2633,2009/07/06,814,206,1067,419,1782,834,61400,10200,35800,5100,6100,117510000
2634,2009/07/07,548,66,412,172,711,536,120200,20000,70100,10000,12000,92980000
2635,2009/07/08,974,78,569,206,1266,374,92600,15400,54000,7700,9200,89782200
2636,2009/07/09,819,147,658,419,1472,458,62300,10300,36300,5100,6200,92744000
2637,2009/07/10,818,173,302,310,369,654,71900,23900,47900,11900,7100,97131200
2638,2009/07/13,658,120,694,221,1223,584,97500,16200,56800,8100,9700,113765800
2639,2009/07/14,466,118,220,133,289,354,109000,36300,72600,18100,10900,88065800
2640,2009/07/15,183,102,628,157,1314,423,88800,14800,51800,7400,8800,88906600
2641,2009/07/16,781,130,862,196,2137,304,68400,11400,39900,5700,6800,90775200
2642,2009/07/17,613,123,607,325,1284,421,77600,12900,45200,6400,7700,97091800
2643,2009/07/20,381,162,1078,249,2122,276,65800,10900,38300,5400,6500,101138600
2644,2009/07/21,605,64,327,158,700,348,120000,20000,70000,10000,12000,81030800
2645,2009/07/22,923,119,572,289,1049,478,76000,12600,44300,6300,7600,87539400
2646,2009/07/23,422,128,247,185,302,630,88600,29500,59000,14700,8800,88024000
2647,2009/07/24,891,75,542,180,1348,337,101100,16800,58900,8400,10100,93636200
2648,2009/07/27,089,108,739,244,1717,412,89700,14900,52300,7400,8900,111219200
2649,2009/07/28,195,79,440,150,901,235,116300,19300,67800,9600,11600,87489800
2650,2009/07/29,166,60,180,95,302,346,146300,48700,97500,24300,14600,87237600
2651,2009/07/30,222,383,0,0,0,430,95200,0,0,0,9500,90129200
2652,2009/07/31,236,189,751,435,1415,422,58100,9600,33800,4800,5800,94099400
2653,2009/08/03,070,69,250,132,399,694,131700,43900,87800,21900,13100,110131800
2654,2009/08/04,156,62,537,187,1174,443,95100,15800,55400,7900,9500,85146200
2655,2009/08/05,809,89,438,248,949,372,92200,15300,53700,7600,9200,86723800
2656,2009/08/06,196,115,716,268,1533,410,70800,11800,41300,5900,7000,88045600
2657,2009/08/07,395,59,398,172,934,219,124500,20700,72600,10300,12400,90064800
2658,2009/08/10,878,116,191,138,245,624,124400,41400,82900,20700,12400,103659000
2659,2009/08/11,992,45,150,99,284,291,160600,53500,107000,26700,16000,84780000
2660,2009/08/12,711,153,340,202,658,448,68100,22700,45400,11300,6800,84176200
2661,2009/08/13,733,72,240,137,402,678,99500,33100,66300,16500,9900,83645600
2662,2009/08/14,040,112,276,176,415,627,94700,31500,63100,15700,9400,95427400
2663,2009/08/17,259,112,677,261,1254,464,96000,16000,56000,8000,9600,112688600
2664,2009/08/18,382,88,628,213,1167,486,86600,14400,50500,7200,8600,89095800
2665,2009/08/19,248,108,602,259,1204,451,78200,13000,45600,6500,7800,87816800
2666,2009/08/20,271,75,636,175,1379,365,94900,15800,55300,7900,9400,91683800
2667,2009/08/21,376,81,517,201,1096,420,103700,17200,60400,8600,10300,96343200
2668,2009/08/24,436,125,710,217,1300,564,95700,15900,55800,7900,9500,113719400
2669,2009/08/25,420,96,416,240,929,338,99900,16600,58200,8300,9900,92503600
2670,2009/08/26,824,211,675,416,1172,513,58100,9600,33800,4800,5800,92339400
2671,2009/08/27,434,78,194,119,251,479,136000,45300,90600,22600,13600,94236600
2672,2009/08/28,565,129,312,205,396,656,89400,29800,59600,14900,8900,99595400
2673,2009/08/31,935,207,641,242,1068,562,82700,13700,48200,6800,8200,110360400
2674,2009/09/01,298,156,767,420,1594,753,55400,9200,32300,4600,5500,90803000
2675,2009/09/02,130,122,525,187,974,314,96200,16000,56100,8000,9600,92230600
2676,2009/09/03,805,132,563,239,1123,367,83800,13900,48800,6900,8300,92330200
2677,2009/09/04,507,107,478,204,905,561,99500,16500,58000,8200,9900,96668200
2678,2009/09/07,129,189,851,392,1507,585,68700,11400,40000,5700,6800,113543000
2679,2009/09/08,833,64,208,101,298,545,127800,42600,85200,21300,12700,86602600
2680,2009/09/09,760,42,331,100,770,346,155700,25900,90800,12900,15500,88011600
2681,2009/09/10,469,107,571,344,1301,627,71200,11800,41500,5900,7100,90831800
2682,2009/09/11,977,89,244,144,325,610,113100,37700,75400,18800,11300,95905400
2683,2009/09/14,584,104,546,200,1014,443,112900,18800,65800,9400,11200,110535800
2684,2009/09/15,336,140,182,140,248,524,99700,33200,66400,16600,9900,85990400
2685,2009/09/16,624,184,749,294,1228,527,62700,10400,36500,5200,6200,88585200
2686,2009/09/17,834,117,513,216,1040,591,88100,14600,51300,7300,8800,92946800
2687,2009/09/18,032,64,446,140,915,611,122000,20300,71100,10100,12200,96909600
2688,2009/09/21,799,85,211,107,302,632,133900,44600,89200,22300,13300,101300800
2689,2009/09/22,728,87,526,319,978,478,71300,11800,41500,5900,7100,77732400
2690,2009/09/23,565,69,169,92,217,348,138100,46000,92000,23000,13800,79091200
2691,2009/09/24,446,108,290,225,372,673,83900,27900,55900,13900,8300,90241000
2692,2009/09/25,225,237,343,326,476,705,62100,20700,41400,10300,6200,99264800
2693,2009/09/28,545,130,360,203,341,511,106400,35400,70900,17700,10600,116670400
2694,2009/09/29,076,56,267,108,612,434,156200,26000,91100,13000,15600,89556400
2695,2009/09/30,368,148,708,402,1489,465,59800,9900,34800,4900,5900,89297400
2696,2009/10/01,341,103,579,208,1145,429,94000,15600,54800,7800,9400,95953200
2697,2009/10/02,684,98,536,179,1230,297,96700,16100,56400,8000,9600,91142200
2698,2009/10/05,853,161,1193,295,2084,662,68100,11300,39700,5600,6800,116916000
2699,2009/10/06,943,82,411,178,978,378,104100,17300,60700,8600,10400,86456400
2700,2009/10/07,280,65,398,124,821,563,114500,19000,66700,9500,11400,83559800
2701,2009/10/08,493,91,373,157,806,322,109700,18200,63900,9100,10900,83953200
2702,2009/10/09,145,84,504,176,1129,478,104700,17400,61000,8700,10400,95993600
2703,2009/10/12,721,189,776,301,1340,577,71200,11800,41500,5900,7100,104986800
2704,2009/10/13,071,46,450,87,1089,300,126000,21000,73500,10500,12600,81946800
2705,2009/10/14,767,110,254,174,358,433,92500,30800,61600,15400,9200,85104600
2706,2009/10/15,951,61,532,131,1126,525,116300,19300,67800,9600,11600,96296400
2707,2009/10/16,153,102,802,187,1528,408,88300,14700,51500,7300,8800,100704600
2708,2009/10/19,113,229,397,397,512,797,66200,22000,44100,11000,6600,116422600
2709,2009/10/20,493,53,457,154,969,269,124000,20600,72300,10300,12400,90062600
2710,2009/10/21,295,54,613,171,1181,359,105400,17500,61400,8700,10500,91409400
2711,2009/10/22,132,96,747,181,1553,790,78600,13100,45800,6500,7800,93404800
2712,2009/10/23,659,97,487,166,897,351,116900,19400,68100,9700,11600,100019400
2713,2009/10/26,572,129,978,239,1546,503,82900,13800,48300,6900,8200,112517800
2714,2009/10/27,911,132,230,232,366,515,87300,29100,58200,14500,8700,92338000
2715,2009/10/28,709,106,412,179,804,516,105800,17600,61700,8800,10500,93550000
2716,2009/10/29,837,106,585,209,1261,460,89900,14900,52400,7400,8900,95273600
2717,2009/10/30,803,108,719,278,1655,433,79200,13200,46200,6600,7900,100621400
2718,2009/11/02,024,140,723,277,1388,750,86000,14300,50100,7100,8600,117238000
2719,2009/11/03,505,82,173,144,197,285,125100,41700,83400,20800,12500,82608800
2720,2009/11/04,747,75,187,124,231,464,132300,44100,88200,22000,13200,89685800
2721,2009/11/05,414,144,287,303,374,626,75900,25300,50600,12600,7500,95570000
2722,2009/11/06,578,88,483,208,1020,603,103900,17300,60600,8600,10300,100540800
2723,2009/11/09,611,135,371,190,511,582,102200,34000,68100,17000,10200,120085600
2724,2009/11/10,309,139,507,300,940,489,77000,12800,44900,6400,7700,90066000
2725,2009/11/11,286,119,548,248,1148,510,74900,12400,43600,6200,7400,83503600
2726,2009/11/12,977,64,187,82,303,402,150100,50000,100000,25000,15000,90685800
2727,2009/11/13,864,116,561,188,1062,847,87200,14500,50800,7200,8700,95510000
2728,2009/11/16,141,118,440,196,665,474,92200,30700,61400,15300,9200,113536000
2729,2009/11/17,790,60,305,130,674,468,124400,20700,72500,10300,12400,80123400
2730,2009/11/18,184,104,591,258,1294,270,79400,13200,46300,6600,7900,86134400
2731,2009/11/19,204,75,379,162,879,294,114900,19100,67000,9500,11400,85673400
2732,2009/11/20,967,57,404,156,879,385,128200,21300,74700,10600,12800,93197000
2733,2009/11/23,887,85,265,133,364,393,123000,41000,82000,20500,12300,99003400
2734,2009/11/24,702,64,393,163,753,425,114800,19100,66900,9500,11400,84181200
2735,2009/11/25,660,151,355,269,341,283,75000,25000,50000,12500,7500,89064200
2736,2009/11/26,973,70,417,142,942,445,119600,19900,69700,9900,11900,91784000
2737,2009/11/27,342,72,579,155,1218,576,104500,17400,60900,8700,10400,97113800
2738,2009/11/30,676,123,290,136,316,446,147700,49200,98400,24600,14700,133853600
2739,2009/12/01,502,152,631,264,1235,333,84000,14000,49000,7000,8400,102237600
2740,2009/12/02,875,93,569,216,961,520,101800,16900,59300,8400,10100,100942800
2741,2009/12/03,640,92,420,156,756,313,123400,20500,71900,10200,12300,95293800
2742,2009/12/04,606,133,333,231,449,413,93200,31000,62100,15500,9300,106524200
2743,2009/12/07,026,131,924,260,1306,776,92200,15300,53700,7600,9200,127767600
2744,2009/12/08,050,103,251,165,341,550,107300,35700,71500,17800,10700,97430200
2745,2009/12/09,385,151,695,366,1240,419,68900,11400,40100,5700,6800,95829400
2746,2009/12/10,967,61,435,200,975,439,121400,20200,70800,10100,12100,101266200
2747,2009/12/11,941,121,723,155,1711,446,87200,14500,50800,7200,8700,100670800
2748,2009/12/14,476,157,701,241,1306,596,97000,16100,56500,8000,9700,125742200
2749,2009/12/15,437,120,584,219,1206,594,91100,15100,53100,7500,9100,102243000
2750,2009/12/16,336,96,270,212,334,544,106300,35400,70800,17700,10600,103346600
2751,2009/12/17,200,157,295,196,335,1102,84000,28000,56000,14000,8400,103126200
2752,2009/12/18,589,110,583,288,1100,465,91900,15300,53600,7600,9100,104892000
2753,2009/12/21,891,107,990,270,1971,556,86700,14400,50500,7200,8600,125114000
2754,2009/12/22,551,138,292,191,438,511,93100,31000,62000,15500,9300,100742000
2755,2009/12/23,198,113,479,234,1024,392,87000,14500,50700,7200,8700,87827600
2756,2009/12/24,237,114,736,206,1564,372,86900,14400,50600,7200,8600,101277000
2757,2009/12/25,756,115,589,244,1145,637,94900,15800,55300,7900,9400,108618000
2758,2009/12/28,355,140,342,201,406,981,107700,35900,71800,17900,10700,132611800
2759,2009/12/29,812,125,760,313,1616,822,71000,11800,41400,5900,7100,102834400
2760,2009/12/30,552,104,281,165,416,929,98000,32600,65300,16300,9800,102395600
2761,2010/01/04,232,92,380,163,544,538,100200,33400,66800,16700,10000,105129200
2762,2010/01/05,619,138,534,305,1067,530,83300,13800,48500,6900,8300,101334200
2763,2010/01/06,112,169,406,289,455,485,69900,23300,46600,11600,6900,96610800
2764,2010/01/07,845,110,501,225,937,544,97000,16100,56500,8000,9700,98562400
2765,2010/01/08,523,201,857,347,1488,752,64400,10700,37500,5300,6400,106682200
2766,2010/01/11,032,102,848,196,1312,573,106700,17700,62200,8800,10600,124364400
2767,2010/01/12,850,115,466,183,964,332,103900,17300,60600,8600,10300,95423200
2768,2010/01/13,999,327,0,0,0,693,106000,0,0,0,10600,93363800
2769,2010/01/14,900,255,449,325,684,804,52100,17300,34700,8600,5200,94586800
2770,2010/01/15,271,174,666,247,1366,519,76300,12700,44500,6300,7600,100970200
2771,2010/01/18,035,126,746,185,1114,613,110400,18400,64400,9200,11000,125753600
2772,2010/01/19,579,105,516,231,884,414,97400,16200,56800,8100,9700,95450800
2773,2010/01/20,919,135,218,237,292,518,95200,31700,63400,15800,9500,98628400
2774,2010/01/21,236,150,669,286,1317,537,74700,12400,43500,6200,7400,98320800
2775,2010/01/22,258,143,982,422,1621,589,62100,10300,36200,5100,6200,103145000
2776,2010/01/25,029,132,658,290,1172,810,98400,16400,57400,8200,9800,128994200
2777,2010/01/26,452,90,565,173,1158,504,104300,17300,60800,8600,10400,100174600
2778,2010/01/27,227,144,345,260,340,652,81200,27000,54100,13500,8100,100022000
2779,2010/01/28,422,105,268,197,321,692,101100,33700,67400,16800,10100,100753000
2780,2010/01/29,562,90,727,217,1425,545,96400,16000,56200,8000,9600,109481400
2781,2010/02/01,351,209,1319,283,2027,500,70900,11800,41300,5900,7000,128211200
2782,2010/02/02,252,175,433,309,653,502,65100,21700,43400,10800,6500,99036800
2783,2010/02/03,677,95,286,130,320,481,119100,39700,79400,19800,11900,100196400
2784,2010/02/04,829,191,554,280,968,503,77400,12900,45100,6400,7700,99462600
2785,2010/02/05,932,113,640,212,1248,952,85300,14200,49700,7100,8500,102895400
2786,2010/02/08,747,132,272,190,322,630,121900,40600,81200,20300,12100,126274400
2787,2010/02/09,350,83,471,142,863,438,126200,21000,73600,10500,12600,100976800
2788,2010/02/10,295,139,1085,307,2207,417,62400,10400,36400,5200,6200,100566800
2789,2010/02/11,726,126,545,300,1093,494,76600,12700,44600,6300,7600,90693200
2790,2010/02/12,959,65,226,152,249,447,142100,47300,94700,23600,14200,103592200
2791,2010/02/15,768,79,577,220,1040,655,129100,21500,75300,10700,12900,130764000
2792,2010/02/16,135,149,838,257,1375,619,74700,12400,43500,6200,7400,102138000
2793,2010/02/17,071,42,477,107,959,409,149700,24900,87300,12400,14900,101386400
2794,2010/02/18,232,118,361,202,519,762,86700,28900,57800,14400,8600,103307800
2795,2010/02/19,650,74,405,162,834,491,136400,22700,79500,11300,13600,107516600
2796,2010/02/22,738,151,852,218,1324,706,103200,17200,60200,8600,10300,137930200
2797,2010/02/23,063,76,487,125,1183,499,119800,19900,69800,9900,11900,100804600
2798,2010/02/24,179,82,544,226,1166,601,98800,16400,57600,8200,9800,101480600
2799,2010/02/25,389,113,677,231,1419,504,91900,15300,53600,7600,9100,108084400
2800,2010/02/26,122,102,433,241,587,819,82700,27500,55100,13700,8200,107862200
2801,2010/03/01,963,150,1103,252,1840,497,88500,14700,51600,7300,8800,134633200
2802,2010/03/02,856,120,621,232,1105,591,90500,15000,52700,7500,9000,102666000
2803,2010/03/03,581,80,553,163,1136,415,116700,19400,68000,9700,11600,104677800
2804,2010/03/04,334,128,317,230,363,1064,83200,27700,55400,13800,8300,102471200
2805,2010/03/05,066,136,438,224,606,698,81500,27100,54300,13500,8100,109073200
2806,2010/03/08,117,363,491,617,508,932,50900,16900,33900,8400,5000,126292200
2807,2010/03/09,640,74,322,140,687,387,129600,21600,75600,10800,12900,87938400
2808,2010/03/10,848,69,178,119,290,505,136600,45500,91000,22700,13600,93103800
2809,2010/03/11,484,177,400,279,519,545,70500,23500,47000,11700,7000,99888000
2810,2010/03/12,527,223,938,397,1797,623,56200,9300,32700,4600,5600,102935000
2811,2010/03/15,157,187,1090,404,2027,756,65300,10800,38000,5400,6500,123228800
2812,2010/03/16,443,87,258,161,277,432,116500,38800,77600,19400,11600,95726000
2813,2010/03/17,714,158,856,385,1522,522,61900,10300,36100,5100,6100,97007800
2814,2010/03/18,921,119,579,231,1320,453,86300,14300,50300,7100,8600,97053800
2815,2010/03/19,810,159,643,366,1179,445,73700,12200,42900,6100,7300,102031600
2816,2010/03/22,507,85,474,176,882,446,125400,20900,73100,10400,12500,107252800
2817,2010/03/23,999,273,0,0,0,592,119200,0,0,0,11900,87997200
2818,2010/03/24,986,76,368,182,799,395,109000,18100,63500,9000,10900,84709400
2819,2010/03/25,229,108,273,236,409,481,87700,29200,58400,14600,8700,92145800
2820,2010/03/26,860,85,403,178,819,384,122400,20400,71400,10200,12200,98679400
2821,2010/03/29,659,123,690,236,1181,566,99800,16600,58200,8300,9900,117718400
2822,2010/03/30,463,113,548,186,1262,374,90500,15000,52700,7500,9000,91612400
2823,2010/03/31,698,75,364,135,791,332,138100,23000,80500,11500,13800,96250600
2824,2010/04/01,862,96,669,188,1325,329,94700,15700,55200,7800,9400,96982600
2825,2010/04/02,848,70,230,136,280,494,136400,45400,90900,22700,13600,101108000
2826,2010/04/05,258,234,1005,463,1462,654,63900,10600,37200,5300,6300,122066200
2827,2010/04/06,638,174,845,399,1456,478,60200,10000,35100,5000,6000,96039000
2828,2010/04/07,448,139,447,266,649,496,66600,22200,44400,11100,6600,92346600
2829,2010/04/08,643,106,621,199,1162,394,95000,15800,55400,7900,9500,97540000
2830,2010/04/09,629,127,714,352,1454,562,72100,12000,42000,6000,7200,100824800
2831,2010/04/12,696,122,384,227,509,438,98100,32700,65400,16300,9800,115585800
2832,2010/04/13,354,114,529,177,967,430,99000,16500,57700,8200,9900,94455000
2833,2010/04/14,618,178,681,401,1242,555,61200,10200,35700,5100,6100,93137200
2834,2010/04/15,815,142,583,299,978,657,82300,13700,48000,6800,8200,102591200
2835,2010/04/16,558,129,401,263,425,489,84300,28100,56200,14000,8400,104566200
2836,2010/04/19,420,250,807,435,1140,454,72900,12100,42500,6000,7200,126186000
2837,2010/04/20,265,97,707,189,1297,378,89900,14900,52400,7400,8900,94160800
2838,2010/04/21,304,77,382,163,745,400,129700,21600,75600,10800,12900,97377400
2839,2010/04/22,928,111,458,235,1039,652,87600,14600,51100,7300,8700,92737800
2840,2010/04/23,142,70,821,172,1549,619,95000,15800,55400,7900,9500,105207800
2841,2010/04/26,954,102,663,204,1312,511,118000,19600,68800,9800,11800,129020600
2842,2010/04/27,368,169,769,377,1471,640,60400,10000,35200,5000,6000,94453800
2843,2010/04/28,802,78,382,203,847,321,121600,20200,70900,10100,12100,98069800
2844,2010/04/29,371,143,615,234,1438,685,72300,12000,42100,6000,7200,91709000
2845,2010/04/30,108,158,545,317,1018,510,83300,13800,48500,6900,8300,105460200
2846,2010/05/03,802,94,579,224,891,328,113200,18800,66000,9400,11300,107778200
2847,2010/05/04,916,111,511,276,995,427,79200,13200,46200,6600,7900,84980600
2848,2010/05/05,948,66,364,157,762,674,109500,18200,63800,9100,10900,85020200
2849,2010/05/06,041,64,566,120,1307,316,114000,19000,66500,9500,11400,93467600
2850,2010/05/07,752,108,831,221,1625,603,78600,13100,45800,6500,7800,99876600
2851,2010/05/10,227,223,470,352,418,773,72700,24200,48400,12100,7200,122995000
2852,2010/05/11,162,70,651,194,1405,444,89100,14800,51900,7400,8900,89798000
2853,2010/05/12,093,76,432,150,1037,423,113400,18900,66100,9400,11300,91789200
2854,2010/05/13,949,89,218,146,307,565,113100,37700,75400,18800,11300,92160800
2855,2010/05/14,428,147,819,458,1537,693,59000,9800,34400,4900,5900,98160000
2856,2010/05/17,427,206,1008,398,1792,524,65400,10900,38100,5400,6500,117511800
2857,2010/05/18,832,85,669,184,1440,683,82400,13700,48000,6800,8200,90194600
2858,2010/05/19,514,174,564,383,922,480,62900,10400,36600,5200,6200,86182400
2859,2010/05/20,919,122,201,189,189,438,103000,34300,68600,17100,10300,89352000
2860,2010/05/21,803,116,599,290,1326,379,80900,13400,47100,6700,8000,95919800
2861,2010/05/24,017,98,509,163,1048,543,114700,19100,66900,9500,11400,106981000
2862,2010/05/25,786,67,356,128,803,473,129100,21500,75300,10700,12900,90459200
2863,2010/05/26,417,155,638,371,1105,392,65800,10900,38300,5400,6500,89149000
2864,2010/05/27,169,108,568,223,1186,613,86700,14400,50500,7200,8600,95041000
2865,2010/05/28,589,64,503,210,999,429,111400,18500,64900,9200,11100,98210400
2866,2010/05/31,182,85,957,180,1857,426,96900,16100,56500,8000,9600,117854200
2867,2010/06/01,727,140,275,241,329,664,81100,27000,54000,13500,8100,92615400
2868,2010/06/02,520,110,423,194,877,299,105700,17600,61600,8800,10500,93188400
2869,2010/06/03,567,95,446,223,878,383,100500,16700,58600,8300,10000,91812800
2870,2010/06/04,951,77,590,162,1193,450,107100,17800,62400,8900,10700,98622400
2871,2010/06/07,895,83,542,171,1007,470,126000,21000,73500,10500,12600,113140800
2872,2010/06/08,882,75,270,151,417,353,108800,36200,72500,18100,10800,89588600
2873,2010/06/09,998,72,256,197,356,389,102100,34000,68000,17000,10200,87829600
2874,2010/06/10,328,140,602,310,1149,666,71700,11900,41800,5900,7100,93001000
2875,2010/06/11,239,127,569,236,1174,868,79200,13200,46200,6600,7900,95796600
2876,2010/06/14,999,995,0,0,0,580,46200,0,0,0,4600,108160800
2877,2010/06/15,313,152,195,159,327,507,94900,31600,63200,15800,9400,90372400
2878,2010/06/16,168,138,593,274,1251,464,74000,12300,43100,6100,7400,90102400
2879,2010/06/17,030,60,152,110,202,363,166200,55400,110800,27700,16600,93833000
2880,2010/06/18,027,68,447,124,887,755,114400,19000,66700,9500,11400,92614400
2881,2010/06/21,606,156,479,336,585,475,76100,25300,50700,12600,7600,115803000
2882,2010/06/22,549,67,558,210,1005,407,97300,16200,56700,8100,9700,88011000
2883,2010/06/23,091,66,469,132,1025,263,116200,19300,67700,9600,11600,85977600
2884,2010/06/24,554,101,192,147,259,503,115700,38500,77100,19200,11500,91726800
2885,2010/06/25,089,70,574,232,1468,463,92400,15400,53900,7700,9200,96522600
2886,2010/06/28,505,245,313,289,327,514,78900,26300,52600,13100,7800,113621800
2887,2010/06/29,554,77,221,125,228,298,130300,43400,86800,21700,13000,87396800
2888,2010/06/30,497,56,455,192,1013,357,114900,19100,67000,9500,11400,92977600
2889,2010/07/01,104,158,544,289,931,283,80700,13400,47000,6700,8000,93831200
2890,2010/07/02,023,78,598,185,1226,635,96200,16000,56100,8000,9600,96494000
2891,2010/07/05,458,109,631,216,1107,631,103600,17200,60400,8600,10300,114166200
2892,2010/07/06,274,125,628,211,1250,664,78000,13000,45500,6500,7800,90736000
2893,2010/07/07,458,81,423,215,795,367,105700,17600,61600,8800,10500,89299800
2894,2010/07/08,824,142,804,333,1368,621,64600,10700,37600,5300,6400,92913000
2895,2010/07/09,287,64,695,220,1471,427,90900,15100,53000,7500,9000,95690400
2896,2010/07/12,867,79,529,160,984,533,129000,21500,75200,10700,12900,113498200
2897,2010/07/13,105,114,410,267,745,259,94400,15700,55000,7800,9400,89454200
2898,2010/07/14,890,72,571,313,1331,352,78600,13100,45800,6500,7800,86650800
2899,2010/07/15,731,126,620,291,1225,531,76000,12600,44300,6300,7600,93703200
2900,2010/07/16,395,81,501,225,1055,272,103900,17300,60600,8600,10300,94928400
2901,2010/07/19,523,159,688,257,1168,530,76800,12800,44800,6400,7600,97997800
2902,2010/07/20,883,73,240,174,334,363,105000,35000,70000,17500,10500,84291600
2903,2010/07/21,548,106,645,241,1237,864,68900,11400,40100,5700,6800,83285800
2904,2010/07/22,223,161,281,239,344,474,75200,25000,50100,12500,7500,86728400
2905,2010/07/23,551,87,201,167,303,439,115800,38600,77200,19300,11500,92610000
2906,2010/07/26,396,93,630,216,1380,418,100200,16700,58400,8300,10000,107162600
2907,2010/07/27,216,191,511,257,1191,465,66000,11000,38500,5500,6600,83935600
2908,2010/07/28,793,52,391,134,861,269,129000,21500,75200,10700,12900,84304600
2909,2010/07/29,827,135,625,313,1282,927,62300,10300,36300,5100,6200,86094600
2910,2010/07/30,990,137,243,159,290,280,104700,34900,69800,17400,10400,93147000
2911,2010/08/02,539,115,624,224,1141,603,93700,15600,54600,7800,9300,105216600
2912,2010/08/03,014,55,419,133,976,383,116000,19300,67600,9600,11600,83058200
2913,2010/08/04,828,158,226,275,256,713,70500,23500,47000,11700,7000,83186400
2914,2010/08/05,673,157,431,212,1051,541,77500,12900,45200,6400,7700,85204600
2915,2010/08/06,011,59,222,78,318,466,138300,46100,92200,23000,13800,87503200
2916,2010/08/09,076,86,485,133,916,524,120400,20000,70200,10000,12000,99882200
2917,2010/08/10,403,60,299,162,689,337,123400,20500,71900,10200,12300,81040000
2918,2010/08/11,054,53,332,116,830,450,126500,21000,73700,10500,12600,81578800
2919,2010/08/12,607,63,326,147,772,329,125400,20900,73100,10400,12500,83734800
2920,2010/08/13,424,110,210,147,268,559,113000,37600,75300,18800,11300,95076200
2921,2010/08/16,232,186,397,247,534,905,74700,24900,49800,12400,7400,110028600
2922,2010/08/17,193,107,499,270,1044,347,82900,13800,48300,6900,8200,86477000
2923,2010/08/18,931,77,438,148,1042,393,106000,17600,61800,8800,10600,85414200
2924,2010/08/19,633,60,224,116,305,726,119400,39800,79600,19900,11900,89019400
2925,2010/08/20,092,88,429,156,932,446,115100,19100,67100,9500,11500,95345800
2926,2010/08/23,530,138,590,236,985,435,98200,16300,57200,8100,9800,109038200
2927,2010/08/24,553,96,261,173,343,487,93800,31200,62500,15600,9300,84267400
2928,2010/08/25,371,101,545,195,1082,376,93300,15500,54400,7700,9300,89937600
2929,2010/08/26,199,86,266,162,385,478,106500,35500,71000,17700,10600,93411400
2930,2010/08/27,054,82,410,139,843,476,122500,20400,71400,10200,12200,95110800
2931,2010/08/30,296,105,597,198,1130,376,110500,18400,64400,9200,11000,111011800
2932,2010/08/31,551,133,235,170,303,393,95800,31900,63800,15900,9500,88248000
2933,2010/09/01,698,82,363,133,724,551,120200,20000,70100,10000,12000,89665600
2934,2010/09/02,496,56,418,168,934,296,124400,20700,72500,10300,12400,91555200
2935,2010/09/03,685,102,602,175,1203,562,93800,15600,54700,7800,9300,96140400
2936,2010/09/06,007,133,264,190,312,466,111700,37200,74400,18600,11100,110824000
2937,2010/09/07,736,72,393,153,794,463,113100,18800,65900,9400,11300,85287800
2938,2010/09/08,257,96,596,219,1091,419,80700,13400,47000,6700,8000,81767000
2939,2010/09/09,119,194,379,313,476,520,62400,20800,41600,10400,6200,91626200
2940,2010/09/10,221,128,279,203,380,586,87600,29200,58400,14600,8700,93198600
2941,2010/09/13,393,127,368,205,585,612,89200,29700,59400,14800,8900,108089200
2942,2010/09/14,257,105,499,210,926,323,91000,15100,53000,7500,9100,84989800
2943,2010/09/15,884,116,309,134,292,454,99000,33000,66000,16500,9900,88546800
2944,2010/09/16,442,130,300,230,358,719,75800,25200,50500,12600,7500,86826000
2945,2010/09/17,961,134,652,162,1464,694,80800,13400,47100,6700,8000,94936000
2946,2010/09/20,475,114,493,198,798,745,96400,16000,56200,8000,9600,97028200
2947,2010/09/21,155,79,328,134,597,624,83900,27900,55900,13900,8300,81989200
2948,2010/09/22,376,65,421,146,793,348,116900,19400,68100,9700,11600,83503000
2949,2010/09/23,663,150,294,236,367,363,67300,22400,44800,11200,6700,75231400
2950,2010/09/24,619,109,626,294,1204,439,78800,13100,45900,6500,7800,92761400
2951,2010/09/27,188,123,277,176,437,667,101600,33800,67700,16900,10100,106617000
2952,2010/09/28,072,90,488,179,975,422,93300,15500,54400,7700,9300,82811600
2953,2010/09/29,214,135,487,212,963,451,83200,13800,48500,6900,8300,86022200
2954,2010/09/30,618,129,518,340,965,516,70100,11600,40800,5800,7000,85101200
2955,2010/10/01,433,74,241,134,324,648,116800,38900,77800,19400,11600,94085400
2956,2010/10/04,496,67,553,177,996,577,122400,20400,71400,10200,12200,109731600
2957,2010/10/05,196,88,718,248,1499,361,76800,12800,44800,6400,7600,87644800
2958,2010/10/06,296,134,557,289,1012,531,73700,12200,42900,6100,7300,87361200
2959,2010/10/07,581,93,545,204,1060,349,96900,16100,56500,8000,9600,91768000
2960,2010/10/08,936,82,980,208,2433,482,68400,11400,39900,5700,6800,93899400
2961,2010/10/11,870,126,477,197,929,645,98300,16300,57300,8100,9800,101086200
2962,2010/10/12,915,97,491,239,889,406,83200,13800,48500,6900,8300,80129800
2963,2010/10/13,851,59,523,154,1255,427,97800,16300,57000,8100,9700,83315200
2964,2010/10/14,722,150,268,159,398,519,84200,28000,56100,14000,8400,86797800
2965,2010/10/15,368,132,747,392,1514,502,66500,11000,38700,5500,6600,97841400
2966,2010/10/18,680,73,465,176,868,431,138100,23000,80500,11500,13800,113178000
2967,2010/10/19,435,89,433,200,822,478,99600,16600,58100,8300,9900,87253800
2968,2010/10/20,611,84,247,137,343,395,109400,36400,72900,18200,10900,86186400
2969,2010/10/21,704,93,366,215,923,392,99300,16500,57900,8200,9900,87297800
2970,2010/10/22,932,60,579,174,1303,640,96300,16000,56100,8000,9600,92208400
2971,2010/10/25,228,158,318,271,349,704,86200,28700,57400,14300,8600,109891000
2972,2010/10/26,207,88,400,196,755,292,106700,17700,62200,8800,10600,85647600
2973,2010/10/27,227,233,306,342,372,771,55400,18400,36900,9200,5500,86555400
2974,2010/10/28,666,547,0,0,0,516,63300,0,0,0,6300,84258800
2975,2010/10/29,254,72,419,180,1040,631,106200,17700,61900,8800,10600,93616400
2976,2010/11/01,204,112,597,251,1161,297,102200,17000,59600,8500,10200,110020400
2977,2010/11/02,880,101,241,138,347,303,112500,37500,75000,18700,11200,90372000
2978,2010/11/03,895,47,344,136,765,430,126600,21100,73800,10500,12600,81739600
2979,2010/11/04,624,138,644,267,1071,607,73100,12100,42600,6000,7300,89581800
2980,2010/11/05,676,51,213,122,245,473,147600,49200,98400,24600,14700,95653000
2981,2010/11/08,742,125,1055,259,1933,684,74900,12400,43600,6200,7400,113440800
2982,2010/11/09,503,107,432,200,789,382,95600,15900,55700,7900,9500,84902200
2983,2010/11/10,279,103,579,257,1305,452,77800,12900,45300,6400,7700,87135000
2984,2010/11/11,692,67,566,181,1292,409,97000,16100,56500,8000,9700,89619200
2985,2010/11/12,719,101,502,265,964,523,88900,14800,51800,7400,8800,93324400
2986,2010/11/15,656,125,231,157,288,543,119800,39900,79800,19900,11900,108877800
2987,2010/11/16,139,73,521,166,1023,445,100100,16600,58300,8300,10000,85966400
2988,2010/11/17,703,186,484,377,923,260,64200,10700,37400,5300,6400,84164200
2989,2010/11/18,697,116,591,216,1238,321,82400,13700,48000,6800,8200,87140600
2990,2010/11/19,345,90,464,209,791,591,100800,16800,58800,8400,10000,92804800
2991,2010/11/22,272,156,484,206,718,566,76800,25600,51200,12800,7600,107712600
2992,2010/11/23,153,94,628,165,1302,410,79400,13200,46300,6600,7900,78456200
2993,2010/11/24,448,89,248,162,258,613,99700,33200,66400,16600,9900,85128600
2994,2010/11/25,731,120,669,249,1151,446,79400,13200,46300,6600,7900,91304200
2995,2010/11/26,897,95,517,276,1165,326,90500,15000,52700,7500,9000,94959400
2996,2010/11/29,920,173,592,257,1075,526,88200,14700,51400,7300,8800,110608400
2997,2010/11/30,852,81,789,179,1431,382,82600,13700,48100,6800,8200,87105000
2998,2010/12/01,355,103,220,132,308,578,110100,36700,73400,18300,11000,91438000
2999,2010/12/02,551,267,366,370,379,415,54300,18100,36200,9000,5400,89363800
3000,2010/12/03,206,76,382,245,814,419,107200,17800,62500,8900,10700,93484400
3001,2010/12/06,971,86,735,155,1355,408,114800,19100,66900,9500,11400,115552200
3002,2010/12/07,947,48,424,157,886,568,114600,19100,66800,9500,11400,86866200
3003,2010/12/08,583,107,904,291,1955,414,62500,10400,36400,5200,6200,87787800
3004,2010/12/09,074,62,334,105,696,359,145200,24200,84700,12100,14500,88062400
3005,2010/12/10,943,102,489,261,1151,456,91800,15300,53500,7600,9100,97387200
3006,2010/12/13,180,104,621,179,1248,453,106800,17800,62300,8900,10600,109514200
3007,2010/12/14,435,71,520,202,921,612,95200,15800,55500,7900,9500,87495800
3008,2010/12/15,393,70,200,132,331,488,132100,44000,88000,22000,13200,96538200
3009,2010/12/16,665,106,180,130,306,547,121200,40400,80800,20200,12100,96534600
3010,2010/12/17,069,71,419,184,879,687,117900,19600,68700,9800,11700,102241800
3011,2010/12/20,810,139,644,281,1164,720,95800,15900,55800,7900,9500,123390200
3012,2010/12/21,554,152,242,200,260,622,88900,29600,59200,14800,8800,93253400
3013,2010/12/22,819,113,830,369,1794,570,63700,10600,37100,5300,6300,95398800
3014,2010/12/23,016,63,509,152,1099,375,110800,18400,64600,9200,11000,90054600
3015,2010/12/24,157,106,790,306,1664,586,76900,12800,44800,6400,7600,104947000
3016,2010/12/27,384,162,684,253,1204,597,92300,15300,53800,7600,9200,119738000
3017,2010/12/28,176,66,457,142,1074,462,120800,20100,70400,10000,12000,96828200
3018,2010/12/29,749,85,469,215,1079,464,103000,17100,60000,8500,10300,97329600
3019,2010/12/30,349,78,524,191,1122,349,109900,18300,64100,9100,10900,99018000
3020,2011/01/04,534,102,769,267,1396,556,81700,13600,47600,6800,8100,101301400
3021,2011/01/05,692,118,661,219,1475,453,80100,13300,46700,6600,8000,93325600
3022,2011/01/06,880,64,239,125,334,301,135700,45200,90400,22600,13500,94329800
3023,2011/01/07,775,119,316,221,329,815,87700,29200,58400,14600,8700,99105600
3024,2011/01/10,975,90,654,192,1185,399,114600,19100,66800,9500,11400,114592200
3025,2011/01/11,757,104,268,180,374,570,98200,32700,65400,16300,9800,94482800
3026,2011/01/12,282,47,234,98,430,441,137200,45700,91400,22800,13700,93355400
3027,2011/01/13,798,86,589,218,1074,516,94500,15700,55100,7800,9400,95050400
3028,2011/01/14,449,75,270,172,394,475,115200,38400,76800,19200,11500,100635800
3029,2011/01/17,525,223,385,273,366,914,75600,25200,50400,12600,7500,115320000
3030,2011/01/18,691,81,695,219,1623,336,82900,13800,48300,6900,8200,90998400
3031,2011/01/19,424,121,249,173,245,616,97400,32400,64900,16200,9700,91381000
3032,2011/01/20,353,200,454,313,550,514,60400,20100,40200,10000,6000,94412400
3033,2011/01/21,923,137,516,273,1021,729,84900,14100,49500,7000,8400,101995600
3034,2011/01/24,193,164,852,384,1358,496,77800,12900,45300,6400,7700,119887600
3035,2011/01/25,269,119,636,310,1311,698,73500,12200,42800,6100,7300,95607000
3036,2011/01/26,099,90,269,162,364,580,104300,34700,69500,17300,10400,94239000
3037,2011/01/27,479,119,549,237,1003,451,90700,15100,52900,7500,9000,96269400
3038,2011/01/28,222,555,0,0,0,601,72900,0,0,0,7200,99735400
3039,2011/01/31,819,120,770,361,1438,782,78700,13100,45900,6500,7800,114974400
3040,2011/02/01,110,152,276,259,277,363,83000,27600,55300,13800,8300,92130800
3041,2011/02/02,594,122,479,179,810,1023,88400,14700,51500,7300,8800,93621600
3042,2011/02/03,327,163,679,351,1347,722,64800,10800,37800,5400,6400,95889400
3043,2011/02/04,761,64,556,153,1194,396,116800,19400,68100,9700,11600,99955600
3044,2011/02/07,628,228,858,338,1416,734,71500,11900,41700,5900,7100,120742800
3045,2011/02/08,166,76,263,132,403,473,111400,37100,74200,18500,11100,90710600
3046,2011/02/09,576,62,516,144,922,517,112600,18700,65600,9300,11200,90268600
3047,2011/02/10,841,98,553,254,1232,474,88900,14800,51800,7400,8800,96526200
3048,2011/02/11,946,55,540,173,1165,694,90800,15100,52900,7500,9000,83240600
3049,2011/02/14,457,101,598,278,1001,662,97700,16200,56900,8100,9700,111313600
3050,2011/02/15,047,69,379,118,750,422,144400,24000,84200,12000,14400,98117800
3051,2011/02/16,205,220,457,268,860,608,76500,12700,44600,6300,7600,99530800
3052,2011/02/17,263,82,730,174,1590,470,90800,15100,52900,7500,9000,97823400
3053,2011/02/18,080,76,289,198,305,429,115100,38300,76700,19100,11500,101853600
3054,2011/02/21,008,101,314,172,400,584,122900,40900,81900,20400,12200,121701200
3055,2011/02/22,402,88,488,241,965,398,99000,16500,57700,8200,9900,94639800
3056,2011/02/23,374,129,494,296,1044,479,81000,13500,47200,6700,8100,93479200
3057,2011/02/24,004,86,260,134,352,314,119500,39800,79600,19900,11900,93498600
3058,2011/02/25,475,109,501,216,885,602,103900,17300,60600,8600,10300,104472400
3059,2011/02/28,345,248,1029,580,1532,763,56300,9300,32800,4600,5600,120417600
3060,2011/03/01,082,54,518,107,965,411,130600,21700,76100,10800,13000,94166600
3061,2011/03/02,331,164,337,288,385,682,71700,23900,47800,11900,7100,95738000
3062,2011/03/03,806,75,339,201,654,342,128200,21300,74700,10600,12800,96154000
3063,2011/03/04,545,76,271,142,415,448,120300,40100,80200,20000,12000,100250600
3064,2011/03/07,976,146,652,228,1379,720,91800,15300,53500,7600,9100,117274800
3065,2011/03/08,152,58,533,133,1222,414,114200,19000,66600,9500,11400,93360000
3066,2011/03/09,215,161,570,260,1103,526,73700,12200,42900,6100,7300,90555000
3067,2011/03/10,724,161,730,357,1390,573,64900,10800,37800,5400,6400,95835000
3068,2011/03/11,437,81,473,202,949,604,85800,14300,50000,7100,8500,79573000
3069,2011/03/14,635,110,585,162,1129,462,88400,14700,51500,7300,8800,86915800
3070,2011/03/15,746,96,424,231,829,559,78200,13000,45600,6500,7800,74154200
3071,2011/03/16,402,81,349,173,735,240,101800,16900,59300,8400,10100,73644800
3072,2011/03/17,557,83,241,160,241,543,92600,30800,61700,15400,9200,75047400
3073,2011/03/18,095,45,343,116,650,423,138500,23000,80700,11500,13800,82007200
3074,2011/03/21,138,141,848,238,1770,814,61900,10300,36100,5100,6100,89557600
3075,2011/03/22,318,226,988,561,2100,580,36400,6000,21200,3000,3600,76950600
3076,2011/03/23,261,59,485,148,1078,425,99900,16600,58200,8300,9900,79638400
3077,2011/03/24,704,67,441,223,806,317,101800,16900,59300,8400,10100,83629400
3078,2011/03/25,298,75,484,210,1153,347,99900,16600,58200,8300,9900,90802600
3079,2011/03/28,335,155,321,252,353,690,88300,29400,58800,14700,8800,109550800
3080,2011/03/29,680,109,344,163,767,552,99200,16500,57800,8200,9900,83951800
3081,2011/03/30,352,100,584,176,1240,394,86600,14400,50500,7200,8600,85283800
3082,2011/03/31,225,160,379,282,429,610,65400,21800,43600,10900,6500,88302800
3083,2011/04/01,929,124,231,227,294,583,92100,30700,61400,15300,9200,94157600
3084,2011/04/04,643,93,691,200,1370,611,95100,15800,55400,7900,9500,105770400
3085,2011/04/05,303,90,258,198,395,345,93400,31100,62200,15500,9300,84810200
3086,2011/04/06,763,87,469,179,872,408,101300,16800,59000,8400,10100,86231800
3087,2011/04/07,360,54,435,139,1094,305,119100,19800,69400,9900,11900,87173200
3088,2011/04/08,061,63,399,114,917,252,134800,22400,78600,11200,13400,89164000
3089,2011/04/11,495,111,609,174,1059,458,107100,17800,62400,8900,10700,106686600
3090,2011/04/12,657,79,529,162,894,768,89200,14800,52000,7400,8900,81935400
3091,2011/04/13,200,99,167,132,206,749,107800,35900,71800,17900,10700,84377600
3092,2011/04/14,963,96,632,204,1307,332,82100,13600,47800,6800,8200,84420800
3093,2011/04/15,788,73,248,127,334,537,125100,41700,83400,20800,12500,97282800
3094,2011/04/18,504,122,514,220,968,420,109500,18200,63800,9100,10900,111672200
3095,2011/04/19,150,76,395,150,861,428,108800,18100,63400,9000,10800,83179600
3096,2011/04/20,929,72,166,148,241,504,126900,42300,84600,21100,12600,89333600
3097,2011/04/21,339,133,294,207,293,526,85500,28500,57000,14200,8500,89480400
3098,2011/04/22,509,100,411,209,704,548,103300,17200,60200,8600,10300,92742400
3099,2011/04/25,657,99,613,170,999,696,109500,18200,63800,9100,10900,110323600
3100,2011/04/26,092,60,427,150,813,415,122700,20400,71500,10200,12200,89449400
3101,2011/04/27,066,86,421,214,576,429,79100,26300,52700,13100,7900,89347000
3102,2011/04/28,024,95,633,171,1325,625,88600,14700,51600,7300,8800,93204400
3103,2011/04/29,355,71,257,149,297,537,109900,36600,73200,18300,10900,87750400
3104,2011/05/02,606,172,442,301,570,477,76700,25500,51100,12700,7600,112995800
3105,2011/05/03,192,58,437,152,855,262,107800,17900,62800,8900,10700,75951800
3106,2011/05/04,807,72,367,145,737,333,114300,19000,66600,9500,11400,79420800
3107,2011/05/05,586,75,447,158,775,354,106300,17700,62000,8800,10600,80709800
3108,2011/05/06,500,114,273,182,386,575,90900,30300,60600,15100,9000,90562000
3109,2011/05/09,869,100,512,224,898,650,104500,17400,60900,8700,10400,105915200
3110,2011/05/10,447,92,212,150,291,452,102400,34100,68200,17000,10200,81158400
3111,2011/05/11,671,46,350,121,864,631,114500,19000,66700,9500,11400,78882200
3112,2011/05/12,514,175,547,322,881,657,63400,10500,36900,5200,6300,83638800
3113,2011/05/13,574,42,497,160,1161,406,116200,19300,67700,9600,11600,91813400
3114,2011/05/16,705,137,491,241,949,608,96200,16000,56100,8000,9600,106798600
3115,2011/05/17,310,99,402,228,809,356,90600,15100,52800,7500,9000,81023800
3116,2011/05/18,074,65,409,129,890,321,119200,19800,69500,9900,11900,83421000
3117,2011/05/19,674,67,442,147,849,329,115000,19100,67000,9500,11500,84357600
3118,2011/05/20,966,51,257,134,323,475,124600,41500,83000,20700,12400,90701200
3119,2011/05/23,995,113,237,174,231,474,113900,37900,75900,18900,11300,99783600
3120,2011/05/24,362,70,541,154,1155,320,96100,16000,56000,8000,9600,80839600
3121,2011/05/25,655,43,297,147,315,501,114500,38100,76300,19000,11400,87236000
3122,2011/05/26,199,43,210,100,311,497,139000,46300,92600,23100,13900,86913800
3123,2011/05/27,359,92,512,258,1054,514,88800,14800,51800,7400,8800,92211000
3124,2011/05/30,091,66,609,164,1150,335,119600,19900,69700,9900,11900,104400400
3125,2011/05/31,253,111,599,208,1122,499,81100,13500,47300,6700,8100,85811400
3126,2011/06/01,082,63,514,151,1031,509,104700,17400,61000,8700,10400,86971400
3127,2011/06/02,168,94,553,246,1218,522,80100,13300,46700,6600,8000,86043600
3128,2011/06/03,719,99,536,271,985,537,87500,14500,51000,7200,8700,93809600
3129,2011/06/06,580,96,554,167,1000,423,114700,19100,66900,9500,11400,104925600
3130,2011/06/07,998,73,201,131,206,419,120300,40100,80200,20000,12000,81155000
3131,2011/06/08,910,87,568,215,1098,348,88400,14700,51500,7300,8800,85221200
3132,2011/06/09,600,87,163,129,266,703,112300,37400,74800,18700,11200,85369400
3133,2011/06/10,922,81,198,188,288,573,108100,36000,72000,18000,10800,90799600
3134,2011/06/13,201,102,720,232,1214,587,89300,14800,52000,7400,8900,102742000
3135,2011/06/14,655,64,217,111,250,603,116400,38800,77600,19400,11600,80811200
3136,2011/06/15,944,90,202,162,303,1195,95900,31900,63900,15900,9500,92817000
3137,2011/06/16,397,67,457,176,835,328,115500,19200,67300,9600,11500,89406400
3138,2011/06/17,005,81,166,91,220,444,153600,51200,102400,25600,15300,94949600
3139,2011/06/20,714,155,809,354,1372,512,75300,12500,43900,6200,7500,110825200
3140,2011/06/21,643,63,514,184,1089,422,100000,16600,58300,8300,10000,86476400
3141,2011/06/22,324,125,530,310,1003,615,73100,12100,42600,6000,7300,87650400
3142,2011/06/23,845,94,453,254,851,487,90000,15000,52500,7500,9000,87500800
3143,2011/06/24,997,85,231,188,287,369,113600,37800,75700,18900,11300,93989800
3144,2011/06/27,674,82,614,191,1092,680,108400,18000,63200,9000,10800,109576000
3145,2011/06/28,734,79,574,210,1165,575,84700,14100,49400,7000,8400,85054000
3146,2011/06/29,210,107,422,171,808,383,101000,16800,58900,8400,10100,85957200
3147,2011/06/30,825,122,626,304,1238,586,69700,11600,40600,5800,6900,87640400
3148,2011/07/01,872,50,563,166,1283,513,104600,17400,61000,8700,10400,92754400
3149,2011/07/04,140,76,635,174,1195,441,112400,18700,65500,9300,11200,106698000
3150,2011/07/05,833,54,235,88,313,760,118400,39400,78900,19700,11800,83984800
3151,2011/07/06,408,96,393,216,753,461,96300,16000,56100,8000,9600,84832400
3152,2011/07/07,594,94,520,249,917,452,87000,14500,50700,7200,8700,86552400
3153,2011/07/08,827,136,541,291,1015,704,75600,12600,44100,6300,7500,92657200
3154,2011/07/11,161,105,311,145,488,742,100700,33500,67100,16700,10000,103161200
3155,2011/07/12,747,97,224,145,260,419,102400,34100,68200,17000,10200,80511200
3156,2011/07/13,366,61,238,150,290,735,102000,34000,68000,17000,10200,82102800
3157,2011/07/14,973,44,414,118,844,452,126200,21000,73600,10500,12600,83459200
3158,2011/07/15,291,110,508,259,1112,363,85200,14200,49700,7100,8500,89977400
3159,2011/07/18,988,105,297,147,364,628,96500,32100,64300,16000,9600,91320800
3160,2011/07/19,194,90,334,215,723,342,87800,14600,51200,7300,8700,71327400
3161,2011/07/20,319,99,503,246,1030,682,73700,12200,42900,6100,7300,78687400
3162,2011/07/21,534,54,531,220,1155,381,93900,15600,54700,7800,9300,84569800
3163,2011/07/22,571,91,648,228,1448,408,81200,13500,47300,6700,8100,89119200
3164,2011/07/25,420,160,695,325,1242,438,75600,12600,44100,6300,7500,102956200
3165,2011/07/26,954,59,412,156,827,589,103900,17300,60600,8600,10300,79999800
3166,2011/07/27,706,80,302,182,757,404,110600,18400,64500,9200,11000,83613400
3167,2011/07/28,759,48,482,174,860,355,111600,18600,65100,9300,11100,83648200
3168,2011/07/29,622,120,326,273,485,639,73600,24500,49000,12200,7300,90868000
3169,2011/08/01,983,68,528,103,1182,516,126800,21100,73900,10500,12600,103233000
3170,2011/08/02,006,70,175,128,229,256,130140,43400,86900,21700,13000,80452600
3171,2011/08/03,981,53,592,124,1456,320,95600,15900,55700,7900,9500,80221600
3172,2011/08/04,815,149,492,375,916,540,63900,10600,37200,5300,6300,82423600
3173,2011/08/05,811,144,330,231,466,676,69400,23100,46200,11500,6900,85349600
3174,2011/08/08,449,67,236,154,316,491,123500,41100,82300,20500,12300,96110600
3175,2011/08/09,676,58,203,136,233,457,112400,37400,74900,18700,11200,75176800
3176,2011/08/10,662,52,174,101,278,353,136500,45500,91000,22700,13600,78591400
3177,2011/08/11,376,47,357,172,770,354,116500,19400,67900,9700,11600,79330000
3178,2011/08/12,767,178,410,255,444,604,60900,20300,40600,10100,6000,83872400
3179,2011/08/15,391,90,584,180,1272,480,99700,16600,58100,8300,9900,98906000
3180,2011/08/16,293,100,486,165,1023,485,90900,15100,53000,7500,9000,83022600
3181,2011/08/17,220,93,283,216,294,371,92100,30700,61400,15300,9200,85504000
3182,2011/08/18,393,144,447,303,575,441,59800,19900,39800,9900,5900,84402000
3183,2011/08/19,508,181,463,292,778,545,72500,12000,42200,6000,7200,88361800
3184,2011/08/22,142,79,689,119,1196,592,110900,18400,64600,9200,11000,104111200
3185,2011/08/23,183,72,594,155,1233,326,90300,15000,52600,7500,9000,79645000
3186,2011/08/24,863,79,520,197,1274,370,87300,14500,50900,7200,8700,82211400
3187,2011/08/25,267,70,535,180,1135,400,99200,16500,57800,8200,9900,87922000
3188,2011/08/26,703,157,407,313,747,394,79900,13300,46600,6600,7900,90478800
3189,2011/08/29,922,104,326,262,403,567,94300,31400,62800,15700,9400,107213600
3190,2011/08/30,891,85,675,243,1580,411,72800,12100,42400,6000,7200,82912200
3191,2011/08/31,725,141,639,298,1092,522,69700,11600,40600,5800,6900,87472800
3192,2011/09/01,469,140,499,236,1038,562,77600,12900,45200,6400,7700,86900600
3193,2011/09/02,674,92,425,243,857,754,86900,14400,50600,7200,8600,87270200
3194,2011/09/05,262,95,280,145,554,432,111200,37000,74100,18500,11100,103995800
3195,2011/09/06,464,119,264,150,333,514,90200,30000,60100,15000,9000,82983000
3196,2011/09/07,854,64,432,140,984,496,113300,18800,66000,9400,11300,87977000
3197,2011/09/08,401,87,511,210,1030,315,94500,15700,55100,7800,9400,86585400
3198,2011/09/09,007,105,313,160,358,351,100800,33600,67200,16800,10000,92015600
3199,2011/09/12,425,121,648,286,1061,522,87400,14500,50900,7200,8700,104230800
3200,2011/09/13,705,88,337,187,616,343,108300,18000,63100,9000,10800,81607000
3201,2011/09/14,286,67,466,182,961,395,100900,16800,58800,8400,10000,83077000
3202,2011/09/15,606,101,411,260,453,341,73600,24500,49000,12200,7300,85220800
3203,2011/09/16,966,89,256,153,342,731,97600,32500,65000,16200,9700,88210000
3204,2011/09/19,203,89,464,179,929,405,108900,18100,63500,9000,10800,94058000
3205,2011/09/20,316,106,514,297,961,382,70100,11600,40800,5800,7000,75355000
3206,2011/09/21,874,54,421,160,934,451,90600,15100,52800,7500,9000,68610000
3207,2011/09/22,251,96,570,141,1159,428,93500,15500,54500,7700,9300,85813000
3208,2011/09/23,703,134,388,282,736,346,79400,13200,46300,6600,7900,81096800
3209,2011/09/26,180,99,719,192,1338,399,98600,16400,57500,8200,9800,105697000
3210,2011/09/27,679,57,386,212,839,366,103900,17300,60600,8600,10300,81236400
3211,2011/09/28,232,94,293,163,451,809,82400,27400,54900,13700,8200,83670200
3212,2011/09/29,404,183,296,203,375,498,72300,24100,48200,12000,7200,85142200
3213,2011/09/30,978,59,442,200,906,728,100300,16700,58500,8300,10000,88700600
3214,2011/10/03,418,201,737,441,1199,640,63400,10500,36900,5200,6300,105047600
3215,2011/10/04,854,72,545,201,1030,444,88000,14600,51300,7300,8800,80323800
3216,2011/10/05,256,91,511,208,1207,402,81400,13500,47400,6700,8100,79319600
3217,2011/10/06,047,85,472,183,1002,637,91200,15200,53200,7600,9100,84693600
3218,2011/10/07,208,106,477,245,973,569,86400,14400,50400,7200,8600,89636600
3219,2011/10/10,393,101,382,218,441,604,84000,28000,56000,14000,8400,94818600
3220,2011/10/11,644,51,175,86,256,506,130300,43400,86800,21700,13000,75297400
3221,2011/10/12,353,66,273,129,332,353,107600,35800,71700,17900,10700,79843800
3222,2011/10/13,589,85,355,215,699,440,100600,16700,58600,8300,10000,83150200
3223,2011/10/14,680,57,384,165,811,387,127400,21200,74300,10600,12700,91653800
3224,2011/10/17,957,91,621,160,1124,606,110400,18400,64400,9200,11000,108531000
3225,2011/10/18,082,61,396,104,911,340,124900,20800,72800,10400,12400,82630800
3226,2011/10/19,237,75,519,195,1127,462,91500,15200,53300,7600,9100,84528600
3227,2011/10/20,087,56,343,155,833,400,125200,20800,73000,10400,12500,87140600
3228,2011/10/21,859,65,420,162,919,383,118700,19700,69200,9800,11800,90855200
3229,2011/10/24,369,250,820,449,1403,611,58800,9800,34300,4900,5800,108127200
3230,2011/10/25,760,43,379,108,755,255,148900,24800,86800,12400,14800,85252200
3231,2011/10/26,877,78,302,134,455,744,95200,31700,63400,15800,9500,88508600
3232,2011/10/27,856,73,649,206,1219,369,91700,15200,53400,7600,9100,89631800
3233,2011/10/28,677,112,326,174,491,462,91800,30600,61200,15300,9100,94835200
3234,2011/10/31,488,83,295,141,335,707,125000,41600,83300,20800,12500,111699800
3235,2011/11/01,740,54,433,124,945,340,127500,21200,74300,10600,12700,88207200
3236,2011/11/02,569,71,555,273,1103,498,87800,14600,51200,7300,8700,90684800
3237,2011/11/03,750,86,507,219,953,368,91700,15200,53400,7600,9100,84531800
3238,2011/11/04,218,145,681,337,1280,554,70500,11700,41100,5800,7000,96731400
3239,2011/11/07,770,191,342,322,406,599,76200,25400,50800,12700,7600,109713800
3240,2011/11/08,711,92,554,207,738,570,64900,21600,43200,10800,6400,85877600
3241,2011/11/09,252,98,270,157,408,379,96100,32000,64000,16000,9600,85160000
3242,2011/11/10,901,79,431,194,989,323,103300,17200,60200,8600,10300,86963000
3243,2011/11/11,798,81,564,232,992,447,88800,14800,51800,7400,8800,86460000
3244,2011/11/14,124,152,764,289,1107,938,74300,12300,43300,6100,7400,104740000
3245,2011/11/15,103,109,435,244,877,455,82300,13700,48000,6800,8200,80996400
3246,2011/11/16,213,128,843,315,1533,469,58600,9700,34100,4800,5800,81702400
3247,2011/11/17,660,116,441,299,513,295,65000,21600,43300,10800,6500,83403200
3248,2011/11/18,875,150,557,280,1190,671,67300,11200,39200,5600,6700,85685800
3249,2011/11/21,984,73,549,177,1072,401,110600,18400,64500,9200,11000,97691400
3250,2011/11/22,835,68,581,213,1370,537,76100,12600,44300,6300,7600,77365600
3251,2011/11/23,347,80,486,218,1005,454,76500,12700,44600,6300,7600,71035200
3252,2011/11/24,642,59,681,178,1373,406,82900,13800,48300,6900,8200,79517000
3253,2011/11/25,090,87,261,168,367,438,101300,33700,67500,16800,10100,88075400
3254,2011/11/28,180,89,845,235,1611,549,81500,13500,47500,6700,8100,100742800
3255,2011/11/29,861,51,474,130,1165,329,105100,17500,61300,8700,10500,78454000
3256,2011/11/30,267,87,634,254,1256,385,77200,12800,45000,6400,7700,83091800
3257,2011/12/01,300,80,249,104,220,702,112000,37300,74600,18600,11200,84454400
3258,2011/12/02,883,80,228,159,272,349,113500,37800,75600,18900,11300,86351200
3259,2011/12/05,048,63,498,197,1037,708,111000,18500,64700,9200,11100,103183200
3260,2011/12/06,603,63,435,175,920,382,100200,16700,58400,8300,10000,78548600
3261,2011/12/07,318,137,562,381,1278,457,62500,10400,36400,5200,6200,84078200
3262,2011/12/08,174,83,608,185,1394,658,76200,12700,44400,6300,7600,80373200
3263,2011/12/09,166,68,227,176,472,715,97900,32600,65200,16300,9700,89516000
3264,2011/12/12,188,131,338,233,452,607,88400,29400,58900,14700,8800,105170400
3265,2011/12/13,317,107,499,278,950,515,76900,12800,44800,6400,7600,82633400
3266,2011/12/14,029,70,484,203,891,603,93000,15500,54200,7700,9300,83496400
3267,2011/12/15,409,112,472,289,949,521,84100,14000,49000,7000,8400,91657600
3268,2011/12/16,591,78,539,201,1140,446,100100,16600,58300,8300,10000,94469600
3269,2011/12/19,526,134,737,269,1336,762,82800,13800,48300,6900,8200,110694400
3270,2011/12/20,853,90,696,219,1409,545,75100,12500,43800,6200,7500,84470000
3271,2011/12/21,198,128,910,491,1932,374,52400,8700,30500,4300,5200,89174000
3272,2011/12/22,045,67,390,150,832,506,120400,20000,70200,10000,12000,90830800
3273,2011/12/23,427,120,740,414,1592,523,57600,9600,33600,4800,5700,85813400
3274,2011/12/26,029,83,488,187,987,964,107600,17900,62700,8900,10700,108141800
3275,2011/12/27,941,46,496,125,1137,340,118900,19800,69300,9900,11800,87351400
3276,2011/12/28,228,119,307,294,329,700,76300,25400,50800,12700,7600,91986600
3277,2011/12/29,389,72,458,228,1090,390,102600,17100,59800,8500,10200,93821400
3278,2011/12/30,786,53,455,144,972,312,131600,21900,76700,10900,13100,95118000
3279,2012/01/04,416,203,639,300,1264,438,63400,10500,36900,5200,6300,89282600
3280,2012/01/05,447,88,237,194,264,525,101700,33900,67800,16900,10100,88817000
3281,2012/01/06,458,155,768,356,1335,734,63000,10500,36700,5200,6300,94602000
3282,2012/01/09,965,120,853,185,1595,554,88100,14600,51300,7300,8800,109375000
3283,2012/01/10,813,104,736,283,1254,358,75000,12500,43700,6200,7500,88775800
3284,2012/01/11,861,71,616,157,1334,322,97600,16200,56900,8100,9700,88712400
3285,2012/01/12,552,83,270,160,345,418,105600,35200,70400,17600,10500,88979800
3286,2012/01/13,910,100,491,222,1124,407,94900,15800,55300,7900,9400,94010200
3287,2012/01/16,674,232,681,363,1113,845,67800,11300,39500,5600,6700,110804600
3288,2012/01/17,398,100,493,204,899,384,93100,15500,54300,7700,9300,85753400
3289,2012/01/18,093,68,403,181,964,303,111000,18500,64700,9200,11100,86676400
3290,2012/01/19,251,64,618,233,1394,400,83200,13800,48500,6900,8300,84912400
3291,2012/01/20,556,114,256,155,282,420,101400,33800,67600,16900,10100,88297600
3292,2012/01/23,707,174,258,235,296,601,91600,30500,61000,15200,9100,107134200
3293,2012/01/24,478,95,511,290,877,510,76200,12700,44400,6300,7600,80168200
3294,2012/01/25,017,57,385,134,883,366,125800,20900,73300,10400,12500,86541400
3295,2012/01/26,233,101,242,136,415,864,92100,30700,61400,15300,9200,87624600
3296,2012/01/27,079,39,348,143,827,452,142700,23700,83200,11800,14200,93414400
3297,2012/01/30,181,126,324,190,508,622,96400,32100,64200,16000,9600,108787400
3298,2012/01/31,718,115,657,331,1315,649,64500,10700,37600,5300,6400,84905400
3299,2012/02/01,076,73,396,185,888,443,106400,17700,62000,8800,10600,86377000
3300,2012/02/02,782,52,476,149,1137,351,110000,18300,64100,9100,11000,85096200
3301,2012/02/03,768,75,557,202,1099,553,96300,16000,56100,8000,9600,92575200
3302,2012/02/06,871,84,829,216,1639,488,91400,15200,53300,7600,9100,108445200
3303,2012/02/07,933,63,209,95,360,478,123700,41200,82400,20600,12300,83571400
3304,2012/02/08,890,73,616,244,1345,334,83600,13900,48700,6900,8300,86176000
3305,2012/02/09,359,85,518,232,1048,452,88300,14700,51500,7300,8800,86211400
3306,2012/02/10,005,68,213,136,276,488,129000,43000,86000,21500,12900,93041200
3307,2012/02/13,732,81,654,170,1427,612,101200,16800,59000,8400,10100,105545400
3308,2012/02/14,219,121,525,276,1019,516,69800,11600,40700,5800,6900,78508000
3309,2012/02/15,059,70,433,155,1000,286,117600,19600,68600,9800,11700,90088800
3310,2012/02/16,668,65,226,142,270,457,126000,42000,84000,21000,12600,91216800
3311,2012/02/17,629,89,581,283,1248,587,83200,13800,48500,6900,8300,95027000
3312,2012/02/20,563,111,642,216,1071,564,102700,17100,59900,8500,10200,111848600
3313,2012/02/21,126,148,607,277,1144,555,69200,11500,40300,5700,6900,86367400
3314,2012/02/22,141,82,293,175,460,549,93900,31300,62600,15600,9300,89359600
3315,2012/02/23,366,53,199,123,204,607,128900,42900,85900,21400,12800,84858600
3316,2012/02/24,267,79,642,246,1298,524,88900,14800,51800,7400,8800,96871000
3317,2012/02/27,343,137,267,180,274,508,114100,38000,76000,19000,11400,112204800
3318,2012/02/28,490,80,389,173,870,294,112600,18700,65600,9300,11200,87008000
3319,2012/02/29,874,142,476,243,1073,781,71500,11900,41700,5900,7100,84375600
3320,2012/03/01,012,75,422,174,789,818,103900,17300,60600,8600,10300,91069000
3321,2012/03/02,007,90,272,209,344,362,98300,32700,65500,16300,9800,90368200
3322,2012/03/05,976,73,559,217,1046,534,110500,18400,64400,9200,11000,106457600
3323,2012/03/06,833,60,180,83,286,648,133600,44500,89000,22200,13300,85507800
3324,2012/03/07,017,62,339,151,852,444,122400,20400,71400,10200,12200,87634200
3325,2012/03/08,940,51,304,114,657,338,156800,26100,91400,13000,15600,89485800
3326,2012/03/09,422,110,270,217,319,616,87500,29100,58300,14500,8700,89430600
3327,2012/03/12,771,95,287,130,405,449,123300,41100,82200,20500,12300,106814200
3328,2012/03/13,300,62,233,113,227,749,114300,38100,76200,19000,11400,83271600
3329,2012/03/14,906,58,437,141,890,336,120800,20100,70400,10000,12000,86167600
3330,2012/03/15,552,83,339,154,380,545,92300,30700,61500,15300,9200,85485400
3331,2012/03/16,136,86,857,212,1885,613,70900,11800,41300,5900,7000,90070200
3332,2012/03/19,160,96,544,150,1166,367,114100,19000,66500,9500,11400,103525400
3333,2012/03/20,800,77,238,103,286,540,103100,34300,68700,17100,10300,74843200
3334,2012/03/21,241,72,474,168,1037,286,101300,16800,59000,8400,10100,81948600
3335,2012/03/22,158,97,447,165,965,470,95200,15800,55500,7900,9500,83668600
3336,2012/03/23,228,93,235,198,332,502,93900,31300,62600,15600,9300,85334200
3337,2012/03/26,226,173,337,280,361,633,79600,26500,53000,13200,7900,105456800
3338,2012/03/27,599,83,173,103,232,848,110200,36700,73400,18300,11000,81559600
3339,2012/03/28,124,84,433,223,848,541,92600,15400,54000,7700,9200,84629600
3340,2012/03/29,594,60,473,212,947,350,102900,17100,60000,8500,10200,86124000
3341,2012/03/30,627,118,546,248,998,725,82400,13700,48000,6800,8200,93287800
3342,2012/04/02,860,94,514,222,928,375,113800,18900,66300,9400,11300,107226600
3343,2012/04/03,766,61,222,95,252,638,108300,36100,72200,18000,10800,73225400
3344,2012/04/04,575,74,221,124,273,768,106600,35500,71000,17700,10600,83549600
3345,2012/04/05,895,26,406,110,903,349,147500,24500,86000,12200,14700,87889200
3346,2012/04/06,952,127,507,178,1200,400,89800,14900,52300,7400,8900,90923000
3347,2012/04/09,790,62,472,172,870,474,132200,22000,77100,11000,13200,106049600
3348,2012/04/10,284,52,435,129,1028,677,107500,17900,62700,8900,10700,84419000
3349,2012/04/11,175,86,639,288,1258,385,72500,12000,42200,6000,7200,81223800
3350,2012/04/12,916,160,557,313,1184,486,67400,11200,39300,5600,6700,87338600
3351,2012/04/13,098,100,562,216,1295,516,91600,15200,53400,7600,9100,97551800
3352,2012/04/16,789,120,771,367,1352,609,80600,13400,47000,6700,8000,113989800
3353,2012/04/17,667,103,243,160,242,454,103400,34400,68900,17200,10300,86490800
3354,2012/04/18,105,82,423,206,815,408,105400,17500,61400,8700,10500,89360000
3355,2012/04/19,278,87,499,227,962,467,92800,15400,54100,7700,9200,88655200
3356,2012/04/20,420,391,890,824,1254,483,35900,5900,20900,2900,3500,93649800
3357,2012/04/23,451,85,708,172,1292,549,102600,17100,59800,8500,10200,106270200
3358,2012/04/24,378,85,425,222,925,378,93800,15600,54700,7800,9300,83427800
3359,2012/04/25,994,75,260,160,254,356,114800,38200,76500,19100,11400,88341000
3360,2012/04/26,322,164,296,200,469,724,71300,23700,47500,11800,7100,86671800
3361,2012/04/27,564,83,527,187,1105,480,99300,16500,57900,8200,9900,92725200
3362,2012/04/30,448,129,340,222,256,582,91200,30400,60800,15200,9100,99550600
3363,2012/05/01,905,60,343,136,694,330,133000,22100,77500,11000,13300,84954000
3364,2012/05/02,138,72,709,257,1658,622,70400,11700,41000,5800,7000,84582200
3365,2012/05/03,064,80,320,119,726,303,118100,19600,68800,9800,11800,77072000
3366,2012/05/04,409,70,393,229,735,356,100000,16600,58300,8300,10000,81391600
3367,2012/05/07,701,85,610,189,1029,412,112300,18700,65500,9300,11200,105860200
3368,2012/05/08,685,91,431,160,932,572,93500,15500,54500,7700,9300,81321200
3369,2012/05/09,214,73,546,238,1011,567,83300,13800,48500,6900,8300,82201400
3370,2012/05/10,535,86,255,149,356,445,100900,33600,67200,16800,10000,83940000
3371,2012/05/11,439,80,544,247,1031,557,89700,14900,52300,7400,8900,91045200
3372,2012/05/14,301,124,585,236,1212,351,93600,15600,54600,7800,9300,103080800
3373,2012/05/15,709,78,375,149,679,297,109900,18300,64100,9100,10900,76646200
3374,2012/05/16,286,107,719,259,1384,429,69400,11500,40400,5700,6900,82805200
3375,2012/05/17,885,102,290,207,384,288,88300,29400,58800,14700,8800,84330400
3376,2012/05/18,156,78,562,216,1165,756,82700,13700,48200,6800,8200,86491400
3377,2012/05/21,828,126,253,239,270,650,95000,31600,63300,15800,9500,101284800
3378,2012/05/22,768,49,401,147,745,464,112000,18600,65300,9300,11200,77184800
3379,2012/05/23,073,112,441,166,1088,934,77200,12800,45000,6400,7700,80025000
3380,2012/05/24,547,79,406,226,881,758,83600,13900,48700,6900,8300,79531200
3381,2012/05/25,262,63,255,114,443,413,114500,38100,76300,19000,11400,86307000
3382,2012/05/28,320,148,504,249,863,405,91700,15200,53400,7600,9100,99837000
3383,2012/05/29,538,77,569,267,1246,395,72200,12000,42100,6000,7200,75558000
3384,2012/05/30,038,54,467,190,1238,317,97100,16100,56600,8000,9700,81499200
3385,2012/05/31,975,62,404,145,776,539,113300,18800,66000,9400,11300,83750000
3386,2012/06/01,729,116,588,316,1102,550,73600,12200,42900,6100,7300,89269200
3387,2012/06/04,221,144,328,217,451,665,83600,27800,55700,13900,8300,100291600
3388,2012/06/05,819,128,605,411,1293,568,55000,9100,32000,4500,5500,77462600
3389,2012/06/06,917,163,416,237,879,384,73900,12300,43100,6100,7300,79269600
3390,2012/06/07,197,63,418,143,875,461,107800,17900,62800,8900,10700,80296200
3391,2012/06/08,696,97,277,149,324,771,92100,30700,61400,15300,9200,85977000
3392,2012/06/11,600,101,297,216,364,993,87900,29300,58600,14600,8700,98480400
3393,2012/06/12,098,96,798,217,1788,375,60200,10000,35100,5000,6000,72582200
3394,2012/06/13,194,58,388,179,815,279,107500,17900,62700,8900,10700,77178600
3395,2012/06/14,495,58,435,96,923,402,117000,19500,68200,9700,11700,78995000
3396,2012/06/15,051,55,483,121,1086,411,124800,20800,72800,10400,12400,93659000
3397,2012/06/18,826,142,701,263,1254,646,81900,13600,47700,6800,8100,105835200
3398,2012/06/19,137,67,496,146,1101,478,90100,15000,52500,7500,9000,75016000
3399,2012/06/20,486,57,466,167,1002,390,109400,18200,63800,9100,10900,86233000
3400,2012/06/21,714,127,604,322,1151,431,68100,11300,39700,5600,6800,84002000
3401,2012/06/22,811,75,241,173,457,556,102100,34000,68000,17000,10200,91339000
3402,2012/06/25,523,182,792,361,1394,843,66900,11100,39000,5500,6600,107856600
3403,2012/06/26,357,151,642,312,1144,461,65900,10900,38400,5400,6500,85229800
3404,2012/06/27,884,76,204,167,241,367,117100,39000,78000,19500,11700,86501400
3405,2012/06/28,819,115,679,338,1363,436,67700,11200,39400,5600,6700,87698000
3406,2012/06/29,410,112,598,252,1169,516,83400,13900,48600,6900,8300,94179800
3407,2012/07/02,835,96,827,280,1491,592,82200,13700,47900,6800,8200,106103000
3408,2012/07/03,077,57,201,105,264,568,120700,40200,80400,20100,12000,79075000
3409,2012/07/04,851,36,496,104,1072,310,125100,20800,72900,10400,12500,83347600
3410,2012/07/05,550,106,259,159,348,336,99300,33100,66200,16500,9900,86079800
3411,2012/07/06,148,77,586,221,1259,792,81900,13600,47700,6800,8100,88825400
3412,2012/07/09,092,106,568,185,1182,754,96800,16100,56400,8000,9600,103796000
3413,2012/07/10,738,54,431,136,936,503,108800,18100,63400,9000,10800,80694600
3414,2012/07/11,034,46,366,145,827,460,121000,20100,70500,10000,12100,82446600
3415,2012/07/12,612,118,531,246,1181,438,74000,12300,43100,6100,7400,80943000
3416,2012/07/13,680,73,421,154,871,355,115200,19200,67200,9600,11500,87383200
3417,2012/07/16,047,74,497,183,976,558,101900,16900,59400,8400,10100,90808600
3418,2012/07/17,544,58,315,263,335,658,75700,25200,50400,12600,7500,77409600
3419,2012/07/18,825,106,583,273,1276,648,65500,10900,38200,5400,6500,77732600
3420,2012/07/19,377,66,203,113,331,399,115500,38500,77000,19200,11500,78069800
3421,2012/07/20,515,100,297,185,406,484,84700,28200,56400,14100,8400,82592200
3422,2012/07/23,615,159,558,292,978,425,79900,13300,46600,6600,7900,97105000
3423,2012/07/24,059,60,348,157,703,290,115400,19200,67300,9600,11500,76247000
3424,2012/07/25,899,59,200,129,296,580,112300,37400,74800,18700,11200,79662000
3425,2012/07/26,506,72,345,191,707,439,104400,17400,60900,8700,10400,79768800
3426,2012/07/27,726,131,592,386,1107,474,63000,10500,36700,5200,6300,83277200
3427,2012/07/30,486,57,509,167,951,350,118500,19700,69100,9800,11800,93123400
3428,2012/07/31,916,116,501,273,968,365,71400,11900,41600,5900,7100,75612000
3429,2012/08/01,568,74,397,203,801,508,93800,15600,54700,7800,9300,78463400
3430,2012/08/02,261,68,437,164,1010,426,96600,16100,56300,8000,9600,78005600
3431,2012/08/03,360,67,514,183,1224,455,91800,15300,53500,7600,9100,83092600
3432,2012/08/06,055,103,367,123,558,786,88300,29400,58800,14700,8800,94005600
3433,2012/08/07,788,51,200,117,270,501,110900,36900,73900,18400,11000,71695600
3434,2012/08/08,121,121,229,172,375,297,81800,27200,54500,13600,8100,73562600
3435,2012/08/09,343,87,250,169,315,497,86700,28900,57800,14400,8600,74261000
3436,2012/08/10,090,79,356,237,404,462,76800,25600,51200,12800,7600,80150600
3437,2012/08/13,302,98,406,158,731,599,102900,17100,60000,8500,10200,86662600
3438,2012/08/14,333,476,0,0,0,705,55600,0,0,0,5500,67608800
3439,2012/08/15,430,88,421,175,782,930,82400,13700,48000,6800,8200,76637200
3440,2012/08/16,979,112,155,141,219,541,101800,33900,67800,16900,10100,78806400
3441,2012/08/17,911,129,342,215,441,546,73400,24400,48900,12200,7300,84003600
3442,2012/08/20,689,128,464,215,853,485,97200,16200,56700,8100,9700,97278800
3443,2012/08/21,656,89,269,138,324,448,90000,30000,60000,15000,9000,73912600
3444,2012/08/22,810,124,561,330,1096,349,64100,10600,37300,5300,6400,76442400
3445,2012/08/23,514,118,381,229,782,435,80400,13400,46900,6700,8000,75733600
3446,2012/08/24,537,75,560,163,1088,478,93500,15500,54500,7700,9300,83506200
3447,2012/08/27,099,106,292,122,383,481,108800,36200,72500,18100,10800,95932200
3448,2012/08/28,282,102,301,159,560,349,77500,25800,51600,12900,7700,75247400
3449,2012/08/29,887,67,182,133,293,385,113500,37800,75600,18900,11300,76645800
3450,2012/08/30,526,85,416,192,863,426,92300,15300,53800,7600,9200,78154200
3451,2012/08/31,310,149,539,285,942,354,73100,12100,42600,6000,7300,84306400
3452,2012/09/03,458,100,547,258,1014,520,92000,15300,53600,7600,9200,97795600
3453,2012/09/04,357,119,512,266,900,400,71600,11900,41700,5900,7100,75563800
3454,2012/09/05,748,108,425,200,897,450,85700,14200,49900,7100,8500,79089600
3455,2012/09/06,988,68,237,128,316,529,106000,35300,70600,17600,10600,79648400
3456,2012/09/07,926,138,541,311,1245,459,67700,11200,39400,5600,6700,84184000
3457,2012/09/10,351,108,815,225,1665,471,77800,12900,45300,6400,7700,97036000
3458,2012/09/11,185,120,493,156,1016,332,81700,13600,47600,6800,8100,74710200
3459,2012/09/12,441,108,251,157,349,297,90500,30100,60300,15000,9000,77282000
3460,2012/09/13,124,92,509,262,1009,558,74000,12300,43100,6100,7400,77250600
3461,2012/09/14,445,79,194,168,234,442,110000,36600,73300,18300,11000,82844600
3462,2012/09/17,784,52,451,113,847,372,129200,21500,75300,10700,12900,86426800
3463,2012/09/18,731,75,426,170,753,621,87800,14600,51200,7300,8700,72216000
3464,2012/09/19,728,102,493,261,906,449,74600,12400,43500,6200,7400,75755200
3465,2012/09/20,049,54,354,168,744,413,111700,18600,65100,9300,11100,78019200
3466,2012/09/21,059,64,442,174,910,433,102100,17000,59500,8500,10200,81296600
3467,2012/09/24,715,125,694,304,1269,566,72600,12100,42300,6000,7200,93651400
3468,2012/09/25,100,75,217,133,274,843,95300,31700,63500,15800,9500,77573600
3469,2012/09/26,466,69,187,108,301,773,105000,35000,70000,17500,10500,77231000
3470,2012/09/27,660,185,503,320,590,429,49500,16500,33000,8200,4900,77833200
3471,2012/09/28,928,341,860,775,1286,558,33900,5600,19700,2800,3300,82886800
3472,2012/10/01,274,135,819,287,1327,722,67600,11200,39400,5600,6700,93508400
3473,2012/10/02,298,83,357,150,816,398,98400,16400,57400,8200,9800,73912400
3474,2012/10/03,498,60,389,147,813,356,108300,18000,63100,9000,10800,75578200
3475,2012/10/04,116,81,243,200,311,395,90700,30200,60400,15100,9000,77988600
3476,2012/10/05,851,63,455,128,1039,518,105800,17600,61700,8800,10500,82760600
3477,2012/10/08,782,57,560,192,1172,454,97600,16200,56900,8100,9700,87959600
3478,2012/10/09,144,85,177,133,251,518,100900,33600,67200,16800,10000,73215400
3479,2012/10/10,042,82,446,154,1052,445,90600,15100,52800,7500,9000,76195000
3480,2012/10/11,612,71,566,206,1080,380,83400,13900,48600,6900,8300,76686800
3481,2012/10/12,472,60,631,199,1171,570,84800,14100,49400,7000,8400,82148800
3482,2012/10/15,063,75,544,135,1082,835,109700,18200,63900,9100,10900,101955800
3483,2012/10/16,236,139,489,253,1145,608,67600,11200,39400,5600,6700,78820600
3484,2012/10/17,033,155,405,342,582,920,49100,16300,32700,8100,4900,77206000
3485,2012/10/18,662,58,287,164,439,321,94200,31400,62800,15700,9400,77167200
3486,2012/10/19,320,118,591,310,1124,441,71600,11900,41700,5900,7100,85141200
3487,2012/10/22,714,135,789,328,1281,553,70600,11700,41100,5800,7000,97351200
3488,2012/10/23,240,48,413,123,985,266,109400,18200,63800,9100,10900,72310800
3489,2012/10/24,341,68,472,186,1053,385,94500,15700,55100,7800,9400,80130400
3490,2012/10/25,837,63,394,160,826,428,112700,18700,65700,9300,11200,83572800
3491,2012/10/26,697,65,415,189,951,457,106800,17800,62300,8900,10600,87672200
3492,2012/10/29,480,76,420,178,877,474,121900,20300,71100,10100,12100,100339200
3493,2012/10/30,804,64,312,170,745,561,105400,17500,61400,8700,10500,78130600
3494,2012/10/31,264,54,611,183,1143,385,93900,15600,54700,7800,9300,82787800
3495,2012/11/01,778,87,236,158,256,510,102500,34100,68300,17000,10200,83075800
3496,2012/11/02,561,85,434,147,958,320,110000,18300,64100,9100,11000,86801200
3497,2012/11/05,620,112,548,248,1000,381,95700,15900,55800,7900,9500,99841200
3498,2012/11/06,044,80,331,137,375,479,84700,28200,56400,14100,8400,73796600
3499,2012/11/07,085,60,332,125,783,343,122700,20400,71500,10200,12200,78512400
3500,2012/11/08,966,84,249,116,257,510,105300,35100,70200,17500,10500,79188800
3501,2012/11/09,666,581,0,0,0,519,60600,0,0,0,6000,85250200
3502,2012/11/12,781,78,621,166,1213,378,102000,17000,59500,8500,10200,94597200
3503,2012/11/13,019,67,437,176,1017,611,84600,14100,49300,7000,8400,73066400
3504,2012/11/14,605,60,302,168,589,359,114100,19000,66500,9500,11400,74416000
3505,2012/11/15,495,43,460,155,1017,371,105800,17600,61700,8800,10500,78059600
3506,2012/11/16,464,60,221,100,277,363,130500,43500,87000,21700,13000,82019000
3507,2012/11/19,713,148,719,288,1193,601,70300,11700,41000,5800,7000,93016200
3508,2012/11/20,776,70,207,132,233,446,106600,35500,71000,17700,10600,73557600
3509,2012/11/21,872,82,655,179,1246,336,79200,13200,46200,6600,7900,76264600
3510,2012/11/22,307,84,382,217,867,394,93000,15500,54200,7700,9300,79760000
3511,2012/11/23,369,90,540,304,1037,594,64600,10700,37600,5300,6400,72242000
3512,2012/11/26,204,86,587,200,1145,347,94100,15600,54800,7800,9400,90085400
3513,2012/11/27,660,134,395,278,514,318,58700,19500,39100,9700,5800,74173600
3514,2012/11/28,195,90,464,186,1080,258,85800,14300,50000,7100,8500,74734200
3515,2012/11/29,950,89,416,140,897,590,91100,15100,53100,7500,9100,75713000
3516,2012/11/30,943,87,404,171,811,423,101900,16900,59400,8400,10100,82476200
3517,2012/12/03,217,138,668,334,1381,606,69100,11500,40300,5700,6900,95271200
3518,2012/12/04,798,55,345,222,713,390,96100,16000,56000,8000,9600,72741800
3519,2012/12/05,793,48,364,164,750,355,115800,19300,67500,9600,11500,77819200
3520,2012/12/06,931,93,588,176,1222,432,79500,13200,46300,6600,7900,77582000
3521,2012/12/07,167,53,438,154,915,437,111600,18600,65100,9300,11100,83283000
3522,2012/12/10,540,89,639,181,1260,357,98400,16400,57400,8200,9800,96651400
3523,2012/12/11,776,89,187,154,254,369,102700,34200,68400,17100,10200,76118200
3524,2012/12/12,249,53,490,164,1106,305,100000,16600,58300,8300,10000,78481800
3525,2012/12/13,374,82,428,234,896,454,87700,14600,51100,7300,8700,79954200
3526,2012/12/14,282,56,323,142,489,484,105300,35100,70200,17500,10500,90928400
3527,2012/12/17,141,114,321,169,470,430,102900,34300,68600,17100,10200,104125600
3528,2012/12/18,199,69,279,135,436,656,93000,31000,62000,15500,9300,80671600
3529,2012/12/19,036,85,448,220,869,434,92600,15400,54000,7700,9200,83107000
3530,2012/12/20,619,168,617,369,1275,513,59200,9800,34500,4900,5900,84746200
3531,2012/12/21,273,86,559,185,1233,457,91500,15200,53300,7600,9100,88602400
3532,2012/12/24,579,74,504,213,877,509,104700,17400,61000,8700,10400,94565600
3533,2012/12/25,296,79,481,278,1096,489,79600,13200,46400,6600,7900,81668600
3534,2012/12/26,426,121,472,227,927,633,79700,13200,46400,6600,7900,83752600
3535,2012/12/27,836,63,677,228,1455,374,86400,14400,50400,7200,8600,89773000
3536,2012/12/28,889,121,307,199,316,567,95700,31900,63800,15900,9500,99009400
3537,2013/01/04,609,93,465,253,926,440,105400,17500,61400,8700,10500,102903400
3538,2013/01/07,778,165,329,220,332,1124,83200,27700,55400,13800,8300,108967200
3539,2013/01/08,877,111,327,178,439,588,79200,26400,52800,13200,7900,82920800
3540,2013/01/09,239,65,466,183,1104,470,98200,16300,57200,8100,9800,84820600
3541,2013/01/10,240,75,562,214,1241,385,88800,14800,51800,7400,8800,85982800
3542,2013/01/11,044,98,312,165,449,555,91300,30400,60800,15200,9100,89744600
3543,2013/01/14,238,99,601,236,1135,516,83100,13800,48400,6900,8300,89236800
3544,2013/01/15,447,88,182,135,180,504,108600,36200,72400,18100,10800,77001800
3545,2013/01/16,663,88,279,123,231,427,106700,35500,71100,17700,10600,81621600
3546,2013/01/17,433,76,245,147,333,727,97900,32600,65200,16300,9700,83562000
3547,2013/01/18,228,146,364,360,392,592,62100,20700,41400,10300,6200,87262200
3548,2013/01/21,871,81,663,161,1313,468,106400,17700,62000,8800,10600,104488800
3549,2013/01/22,068,50,330,98,718,426,131900,21900,76900,10900,13100,77558800
3550,2013/01/23,352,130,562,180,1114,649,76800,12800,44800,6400,7600,83095600
3551,2013/01/24,794,60,528,247,1091,446,85800,14300,50000,7100,8500,81588200
3552,2013/01/25,272,85,379,139,562,343,91900,30600,61200,15300,9100,88243600
3553,2013/01/28,481,58,747,204,1341,475,101300,16800,59000,8400,10100,103750800
3554,2013/01/29,533,54,227,126,348,491,114500,38100,76300,19000,11400,81678400
3555,2013/01/30,015,70,485,147,992,765,94700,15700,55200,7800,9400,83336000
3556,2013/01/31,158,108,617,299,1175,647,69600,11600,40600,5800,6900,84748200
3557,2013/02/01,844,70,340,136,422,513,102300,34100,68200,17000,10200,89975200
3558,2013/02/04,258,192,972,416,1346,452,63600,10600,37100,5300,6300,106610200
3559,2013/02/05,300,73,192,133,208,886,105200,35000,70100,17500,10500,81637000
3560,2013/02/06,068,48,334,119,680,410,127600,21200,74400,10600,12700,76818600
3561,2013/02/07,252,88,313,131,446,376,96100,32000,64000,16000,9600,83672600
3562,2013/02/08,199,61,252,130,364,682,108700,36200,72400,18100,10800,87135800
3563,2013/02/11,481,84,604,158,1008,512,106300,17700,62000,8800,10600,97342600
3564,2013/02/12,731,60,484,208,1005,338,88000,14600,51300,7300,8800,74263400
3565,2013/02/13,381,71,632,208,1503,241,79600,13200,46400,6600,7900,79170000
3566,2013/02/14,507,77,429,186,971,328,101500,16900,59200,8400,10100,83625600
3567,2013/02/15,574,43,417,144,846,547,129500,21500,75500,10700,12900,92639000
3568,2013/02/18,972,94,701,205,1429,500,96100,16000,56000,8000,9600,106769000
3569,2013/02/19,139,81,587,184,1301,454,81500,13500,47500,6700,8100,79708200
3570,2013/02/20,230,101,466,191,981,338,96300,16000,56100,8000,9600,86828200
3571,2013/02/21,396,91,530,215,1151,466,85900,14300,50100,7100,8500,85455400
3572,2013/02/22,728,132,752,390,1432,767,60900,10100,35500,5000,6000,92295000
3573,2013/02/25,751,109,894,206,1740,594,82400,13700,48000,6800,8200,106753600
3574,2013/02/26,199,67,213,128,325,523,115600,38500,77000,19200,11500,84756600
3575,2013/02/27,181,135,320,151,486,638,78600,26200,52400,13100,7800,85162400
3576,2013/02/28,717,144,426,262,532,589,65600,21800,43700,10900,6500,88690200
3577,2013/03/01,837,42,460,164,1088,443,116200,19300,67700,9600,11600,90259800
3578,2013/03/04,723,195,827,413,1410,598,64900,10800,37800,5400,6400,108429000
3579,2013/03/05,797,64,268,151,299,290,112900,37600,75200,18800,11200,83540400
3580,2013/03/06,473,72,441,155,910,434,109200,18200,63700,9100,10900,86214600
3581,2013/03/07,158,68,552,240,1116,503,87500,14500,51000,7200,8700,86250800
3582,2013/03/08,168,115,670,357,1318,577,69500,11500,40500,5700,6900,93053200
3583,2013/03/11,898,71,284,154,342,593,121800,40600,81200,20300,12100,104118600
3584,2013/03/12,986,52,369,148,788,398,119500,19900,69700,9900,11900,81100000
3585,2013/03/13,980,66,541,192,1184,323,90300,15000,52600,7500,9000,80139200
3586,2013/03/14,528,95,511,261,913,467,81400,13500,47400,6700,8100,82384400
3587,2013/03/15,888,763,0,0,0,951,47100,0,0,0,4700,89917200
3588,2013/03/18,369,172,742,423,1051,534,64000,10600,37300,5300,6400,97346200
3589,2013/03/19,349,63,408,144,820,358,111200,18500,64800,9200,11100,78907600
3590,2013/03/20,333,668,0,0,0,663,44800,0,0,0,4400,73250200
3591,2013/03/21,735,87,713,214,1220,473,76100,12600,44300,6300,7600,81126400
3592,2013/03/22,448,93,243,232,242,606,90200,30000,60100,15000,9000,86191400
3593,2013/03/25,291,96,633,209,1183,417,98500,16400,57400,8200,9800,101581000
3594,2013/03/26,782,56,523,160,1251,394,93100,15500,54300,7700,9300,78728800
3595,2013/03/27,538,116,731,311,1502,622,59500,9900,34700,4900,5900,80279600
3596,2013/03/28,510,116,347,243,760,473,86900,14400,50600,7200,8600,82329200
3597,2013/03/29,259,67,590,222,1257,521,87000,14500,50700,7200,8700,87410400
3598,2013/04/01,044,94,273,123,316,645,118800,39600,79200,19800,11800,101437800
3599,2013/04/02,344,61,198,105,306,421,114200,38000,76100,19000,11400,73649800
3600,2013/04/03,893,86,456,230,969,354,83500,13900,48700,6900,8300,76524800
3601,2013/04/04,422,127,256,177,279,573,82100,27300,54700,13600,8200,79256600
3602,2013/04/05,318,131,604,337,1188,600,63100,10500,36800,5200,6300,82471000
3603,2013/04/08,233,123,353,181,474,836,82300,27400,54800,13700,8200,95933000
3604,2013/04/09,582,76,535,136,1083,344,93200,15500,54300,7700,9300,76502000
3605,2013/04/10,045,62,339,126,700,387,123400,20500,71900,10200,12300,79312800
3606,2013/04/11,102,100,312,163,571,327,107900,17900,62900,8900,10700,78527600
3607,2013/04/12,318,127,620,328,1146,483,63800,10600,37200,5300,6300,80294600
3608,2013/04/15,760,64,464,168,1010,371,131900,21900,76900,10900,13100,105751800
3609,2013/04/16,210,64,347,127,619,288,133500,22200,77800,11100,13300,82003600
3610,2013/04/17,114,97,261,244,379,447,82400,27400,54900,13700,8200,83236200
3611,2013/04/18,044,141,328,223,393,788,69200,23000,46100,11500,6900,83556400
3612,2013/04/19,003,95,238,155,322,462,104700,34900,69800,17400,10400,87881000
3613,2013/04/22,947,64,488,152,854,604,125500,20900,73200,10400,12500,102027000
3614,2013/04/23,715,81,596,317,1034,393,72200,12000,42100,6000,7200,78790000
3615,2013/04/24,722,90,296,162,373,520,84400,28100,56200,14000,8400,77072600
3616,2013/04/25,294,89,492,169,976,434,96600,16100,56300,8000,9600,84699000
3617,2013/04/26,921,86,504,181,1033,388,96100,16000,56000,8000,9600,85610800
3618,2013/04/29,693,136,799,218,1347,457,77100,12800,44900,6400,7700,95050000
3619,2013/04/30,706,61,358,126,730,357,126400,21000,73700,10500,12600,81659000
3620,2013/05/01,104,125,558,275,995,324,77900,12900,45400,6400,7700,85521200
3621,2013/05/02,832,72,570,182,1285,624,88000,14600,51300,7300,8800,86601600
3622,2013/05/03,714,188,726,469,1342,442,47300,7800,27500,3900,4700,77674200
3623,2013/05/06,160,61,449,136,1001,344,127900,21300,74600,10600,12700,94665200
3624,2013/05/07,570,96,513,154,1110,682,77800,12900,45300,6400,7700,74763000
3625,2013/05/08,407,99,393,193,968,347,92100,15300,53700,7600,9200,80343200
3626,2013/05/09,314,126,409,289,809,366,77300,12800,45000,6400,7700,80191000
3627,2013/05/10,034,65,408,175,960,430,103400,17200,60300,8600,10300,82338200
3628,2013/05/13,488,82,276,121,294,786,118200,39400,78800,19700,11800,100458600
3629,2013/05/14,164,70,414,169,881,378,100000,16600,58300,8300,10000,77524000
3630,2013/05/15,531,125,713,248,1438,363,66100,11000,38500,5500,6600,80093400
3631,2013/05/16,318,235,807,600,1374,496,39800,6600,23200,3300,3900,78262000
3632,2013/05/17,165,84,522,194,1020,393,90300,15000,52600,7500,9000,81998400
3633,2013/05/20,963,113,886,204,1488,371,80300,13300,46800,6600,8000,96611600
3634,2013/05/21,444,640,0,0,0,676,48100,0,0,0,4800,75669800
3635,2013/05/22,244,104,296,193,371,910,68900,22900,45900,11400,6800,74209400
3636,2013/05/23,899,43,177,125,245,818,112000,37300,74600,18600,11200,76672400
3637,2013/05/24,456,55,325,192,519,750,108100,18000,63000,9000,10800,81571000
3638,2013/05/27,345,229,733,469,1017,462,57300,9500,33400,4700,5700,96366600
3639,2013/05/28,819,125,524,408,1133,390,58200,9700,33900,4800,5800,75573000
3640,2013/05/29,980,81,654,270,1440,384,68200,11300,39700,5600,6800,76774000
3641,2013/05/30,041,60,439,126,920,328,107200,17800,62500,8900,10700,75313400
3642,2013/05/31,953,48,412,111,821,425,124800,20800,72800,10400,12400,81128000
3643,2013/06/03,723,155,732,350,1287,532,68200,11300,39700,5600,6800,97378200
3644,2013/06/04,611,86,218,172,256,576,91500,30500,61000,15200,9100,76042400
3645,2013/06/05,143,62,522,134,924,381,101600,16900,59200,8400,10100,77328000
3646,2013/06/06,292,34,205,110,338,322,132200,44000,88100,22000,13200,77651600
3647,2013/06/07,004,93,286,132,299,334,100400,33400,66900,16700,10000,80233400
3648,2013/06/10,497,80,645,170,1060,266,107300,17800,62500,8900,10700,95789600
3649,2013/06/11,137,65,558,152,1208,340,86000,14300,50100,7100,8600,72909400
3650,2013/06/12,378,73,374,241,750,571,85000,14100,49500,7000,8500,74780600
3651,2013/06/13,165,69,438,128,853,325,102800,17100,59900,8500,10200,73175200
3652,2013/06/14,477,73,246,120,271,607,112200,37400,74800,18700,11200,85038400
3653,2013/06/17,883,119,293,216,360,648,93000,31000,62000,15500,9300,100436000
3654,2013/06/18,481,51,550,169,1147,307,94000,15600,54800,7800,9400,76800000
3655,2013/06/19,238,82,458,215,906,472,83800,13900,48800,6900,8300,75701000
3656,2013/06/20,031,62,396,105,934,312,115000,19100,67000,9500,11500,76266600
3657,2013/06/21,527,121,508,302,1057,548,68200,11300,39700,5600,6800,79532000
3658,2013/06/24,068,79,448,163,801,519,118500,19700,69100,9800,11800,96800600
3659,2013/06/25,032,34,375,88,805,337,142500,23700,83100,11800,14200,78733000
3660,2013/06/26,314,127,606,344,1053,693,59200,9800,34500,4900,5900,77129800
3661,2013/06/27,725,158,551,287,929,630,67800,11300,39500,5600,6700,84059000
3662,2013/06/28,848,85,322,126,337,542,100800,33600,67200,16800,10000,86640000
3663,2013/07/01,790,66,430,168,885,640,125000,20800,72900,10400,12500,103773800
3664,2013/07/02,307,75,482,216,1143,447,84800,14100,49400,7000,8400,79461800
3665,2013/07/03,587,44,365,135,787,349,127900,21300,74600,10600,12700,80765200
3666,2013/07/04,812,90,525,262,1186,553,74300,12300,43300,6100,7400,80001400
3667,2013/07/05,676,92,229,182,271,523,97100,32300,64700,16100,9700,83551400
3668,2013/07/08,551,137,360,238,362,557,80800,26900,53800,13400,8000,95535400
3669,2013/07/09,082,69,339,130,836,405,106700,17700,62200,8800,10600,73903800
3670,2013/07/10,343,71,212,128,289,399,110100,36700,73400,18300,11000,77119200
3671,2013/07/11,820,86,328,193,652,339,101500,16900,59200,8400,10100,77084800
3672,2013/07/12,456,79,330,184,571,474,107000,17800,62400,8900,10700,79978200
3673,2013/07/15,940,58,383,139,772,306,133200,22200,77700,11100,13300,88215800
3674,2013/07/16,950,73,476,202,922,322,89500,14900,52200,7400,8900,75468000
3675,2013/07/17,044,303,389,355,351,938,41900,13900,27900,6900,4100,76512000
3676,2013/07/18,195,57,395,183,818,583,96100,16000,56000,8000,9600,76076000
3677,2013/07/19,235,109,491,252,956,459,77300,12800,45000,6400,7700,79607200
3678,2013/07/22,342,101,634,172,1291,591,88300,14700,51500,7300,8800,93010400
3679,2013/07/23,293,53,390,142,812,326,108000,18000,63000,9000,10800,72312200
3680,2013/07/24,346,109,429,193,889,1153,69300,11500,40400,5700,6900,74315200
3681,2013/07/25,740,48,380,122,889,378,121000,20100,70500,10000,12100,79198000
3682,2013/07/26,501,75,395,173,845,422,100800,16800,58800,8400,10000,79415200
3683,2013/07/29,333,502,0,0,0,871,69600,0,0,0,6900,91216200
3684,2013/07/30,254,89,428,189,897,820,76600,12700,44600,6300,7600,72814800
3685,2013/07/31,757,63,196,95,279,397,124400,41400,82900,20700,12400,76816200
3686,2013/08/01,811,124,285,233,367,431,72200,24000,48100,12000,7200,76860200
3687,2013/08/02,914,82,389,210,770,454,93000,15500,54200,7700,9300,78376200
3688,2013/08/05,257,114,690,257,1131,311,80600,13400,47000,6700,8000,90392200
3689,2013/08/06,497,36,413,148,827,260,112800,18800,65800,9400,11200,71739400
3690,2013/08/07,017,63,348,124,806,394,111600,18600,65100,9300,11100,74411800
3691,2013/08/08,283,48,526,173,1185,347,88800,14800,51800,7400,8800,73056600
3692,2013/08/09,917,98,454,248,931,328,79000,13100,46000,6500,7900,75339000
3693,2013/08/12,234,124,481,228,804,481,85400,14200,49800,7100,8500,85930000
3694,2013/08/13,078,52,316,121,769,413,109300,18200,63700,9100,10900,68182400
3695,2013/08/14,155,65,216,121,303,658,92800,30900,61800,15400,9200,68920000
3696,2013/08/15,801,96,528,210,1104,306,80800,13400,47100,6700,8000,77142000
3697,2013/08/16,900,99,244,169,332,974,80800,26900,53800,13400,8000,80056600
3698,2013/08/19,155,67,273,116,393,500,121400,40400,80900,20200,12100,94696400
3699,2013/08/20,317,98,486,274,1000,401,73100,12100,42600,6000,7300,75125600
3700,2013/08/21,710,138,366,203,843,353,81500,13500,47500,6700,8100,76666400
3701,2013/08/22,850,67,388,140,873,313,108400,18000,63200,9000,10800,76504600
3702,2013/08/23,294,65,517,216,1072,438,89200,14800,52000,7400,8900,81419600
3703,2013/08/26,893,93,454,206,983,1394,86200,14300,50200,7100,8600,97751200
3704,2013/08/27,682,78,584,201,1290,417,78500,13000,45700,6500,7800,77081800
3705,2013/08/28,793,53,411,201,814,300,106500,17700,62100,8800,10600,79665200
3706,2013/08/29,351,91,542,176,1183,425,85000,14100,49500,7000,8500,80377600
3707,2013/08/30,311,114,286,200,405,489,79300,26400,52800,13200,7900,80917200
3708,2013/09/02,501,100,603,194,1047,312,98800,16400,57600,8200,9800,94924800
3709,2013/09/03,204,58,601,230,1214,273,79500,13200,46300,6600,7900,74428800
3710,2013/09/04,975,45,403,159,773,648,101000,16800,58900,8400,10100,75045000
3711,2013/09/05,536,74,362,156,753,462,103700,17200,60400,8600,10300,77077000
3712,2013/09/06,791,44,429,125,926,327,121600,20200,70900,10100,12100,80653000
3713,2013/09/09,547,68,466,149,844,650,117700,19600,68600,9800,11700,96306600
3714,2013/09/10,300,67,154,107,151,583,125900,41900,83900,20900,12500,76420600
3715,2013/09/11,192,71,588,176,1313,319,84200,14000,49100,7000,8400,77339000
3716,2013/09/12,537,82,729,200,1323,381,73600,12200,42900,6100,7300,76643000
3717,2013/09/13,511,107,302,185,383,551,80400,26800,53600,13400,8000,80454800
3718,2013/09/16,137,89,870,253,1570,322,67400,11200,39300,5600,6700,81626400
3719,2013/09/17,760,50,268,115,584,371,135200,22500,78800,11200,13500,74385000
3720,2013/09/18,595,67,177,125,273,291,122100,40700,81400,20300,12200,77050200
3721,2013/09/19,789,104,378,253,785,683,76100,12600,44300,6300,7600,75887400
3722,2013/09/20,039,72,401,133,876,524,102800,17100,59900,8500,10200,78109400
3723,2013/09/23,389,88,436,231,868,352,95400,15900,55600,7900,9500,85452200
3724,2013/09/24,613,91,446,217,942,335,80400,13400,46900,6700,8000,72170600
3725,2013/09/25,825,124,554,274,1077,593,64700,10700,37700,5300,6400,75630600
3726,2013/09/26,236,134,497,257,1140,443,68100,11300,39700,5600,6800,76583600
3727,2013/09/27,895,59,428,190,905,314,103400,17200,60300,8600,10300,79988600
3728,2013/09/30,817,123,686,286,1129,603,77100,12800,44900,6400,7700,95797200
3729,2013/10/01,113,100,218,170,326,357,89500,29800,59600,14900,8900,74792200
3730,2013/10/02,021,54,738,121,1421,337,85900,14300,50100,7100,8500,76314200
3731,2013/10/03,996,80,194,141,251,447,105500,35100,70300,17500,10500,76297200
3732,2013/10/04,865,68,404,140,866,340,109200,18200,63700,9100,10900,78422800
3733,2013/10/07,694,108,642,219,1186,360,86700,14400,50500,7200,8600,92078800
3734,2013/10/08,708,142,297,209,606,1067,67900,11300,39600,5600,6700,71082000
3735,2013/10/09,451,65,433,140,987,327,95800,15900,55800,7900,9500,71077800
3736,2013/10/10,110,122,369,260,413,575,61100,20300,40700,10100,6100,74047800
3737,2013/10/11,484,37,270,121,294,380,112900,37600,75200,18800,11200,73950200
3738,2013/10/14,572,113,705,242,1312,502,69000,11500,40200,5700,6900,81522400
3739,2013/10/15,355,67,198,96,198,555,107300,35700,71500,17800,10700,68132000
3740,2013/10/16,249,78,372,194,877,447,87600,14600,51100,7300,8700,72291200
3741,2013/10/17,896,81,386,178,791,485,93800,15600,54700,7800,9300,75794000
3742,2013/10/18,139,102,531,196,1326,520,74900,12400,43600,6200,7400,77867400
3743,2013/10/21,077,66,243,112,327,546,126500,42100,84300,21000,12600,93011200
3744,2013/10/22,503,80,358,189,721,435,93000,15500,54200,7700,9300,73068400
3745,2013/10/23,907,66,301,128,717,251,119800,19900,69800,9900,11900,73406200
3746,2013/10/24,306,68,384,195,729,238,99200,16500,57800,8200,9900,72854600
3747,2013/10/25,693,90,788,319,1758,592,56200,9300,32700,4600,5600,76577600
3748,2013/10/28,454,84,218,118,245,462,132800,44200,88500,22100,13200,95178600
3749,2013/10/29,140,60,404,123,944,293,105200,17500,61300,8700,10500,71781600
3750,2013/10/30,348,94,388,176,874,463,90000,15000,52500,7500,9000,76130000
3751,2013/10/31,052,78,405,137,879,464,101200,16800,59000,8400,10100,77619800
3752,2013/11/01,535,70,203,121,282,513,112600,37500,75000,18700,11200,79273800
3753,2013/11/04,952,51,553,145,1234,329,108600,18100,63300,9000,10800,87781600
3754,2013/11/05,650,73,308,149,642,382,110400,18400,64400,9200,11000,74390200
3755,2013/11/06,524,75,361,197,743,627,90900,15100,53000,7500,9000,75764600
3756,2013/11/07,694,51,365,137,857,366,111700,18600,65100,9300,11100,74426400
3757,2013/11/08,380,69,387,165,979,329,103400,17200,60300,8600,10300,79155800
3758,2013/11/11,885,81,236,156,301,467,116300,38700,77500,19300,11600,93184800
3759,2013/11/12,470,97,343,133,736,311,98100,16300,57200,8100,9800,70672600
3760,2013/11/13,910,86,475,213,932,357,81300,13500,47400,6700,8100,72821200
3761,2013/11/14,014,76,443,161,975,679,83200,13800,48500,6900,8300,72707400
3762,2013/11/15,638,155,457,280,894,554,64900,10800,37800,5400,6400,75746200
3763,2013/11/18,439,95,551,236,1099,508,88200,14700,51400,7300,8800,91610400
3764,2013/11/19,484,57,265,125,271,293,103900,34600,69200,17300,10300,70004600
3765,2013/11/20,721,130,501,267,1105,334,66600,11100,38800,5500,6600,73292000
3766,2013/11/21,922,92,234,167,338,783,77000,25600,51300,12800,7700,71201400
3767,2013/11/22,983,44,552,120,1123,344,99900,16600,58200,8300,9900,74216400
3768,2013/11/25,081,74,619,139,1208,1446,79800,13300,46500,6600,7900,89317200
3769,2013/11/26,975,35,457,111,952,458,107700,17900,62800,8900,10700,72111600
3770,2013/11/27,724,132,652,329,1299,378,57400,9500,33400,4700,5700,73841200
3771,2013/11/28,244,89,218,129,316,678,91000,30300,60600,15100,9100,74486400
3772,2013/11/29,842,68,610,146,1174,438,86900,14400,50600,7200,8600,76615600
3773,2013/12/02,421,144,775,276,1365,422,71200,11800,41500,5900,7100,93371400
3774,2013/12/03,752,84,562,149,1126,305,86800,14400,50600,7200,8600,75053600
3775,2013/12/04,928,93,461,249,908,487,77900,12900,45400,6400,7700,76111200
3776,2013/12/05,674,88,371,153,768,609,95400,15900,55600,7900,9500,77243800
3777,2013/12/06,443,75,203,154,224,375,110300,36700,73500,18300,11000,78489400
3778,2013/12/09,542,91,664,165,1231,558,92500,15400,53900,7700,9200,93813800
3779,2013/12/10,023,53,400,136,889,483,104400,17400,60900,8700,10400,74567400
3780,2013/12/11,622,86,282,160,403,881,80700,26900,53800,13400,8000,79299800
3781,2013/12/12,372,56,523,148,1200,350,95300,15800,55500,7900,9500,77198800
3782,2013/12/13,186,128,532,272,1316,455,72500,12000,42200,6000,7200,85561800
3783,2013/12/16,515,159,451,229,506,665,74600,24800,49700,12400,7400,101617200
3784,2013/12/17,576,31,454,130,909,384,120100,20000,70000,10000,12000,79176400
3785,2013/12/18,107,112,403,241,745,422,83100,13800,48400,6900,8300,78344400
3786,2013/12/19,540,44,333,92,757,289,143700,23900,83800,11900,14300,78317800
3787,2013/12/20,879,65,447,154,890,445,105000,17500,61200,8700,10500,81267000
3788,2013/12/23,997,60,210,152,243,436,131400,43800,87600,21900,13100,92153600
3789,2013/12/24,456,107,436,260,660,407,83300,13800,48500,6900,8300,79067800
3790,2013/12/25,271,73,502,156,1159,327,100900,16800,58800,8400,10000,84537200
3791,2013/12/26,672,60,522,151,1099,452,101200,16800,59000,8400,10100,83634000
3792,2013/12/27,127,206,560,394,1018,860,58900,9800,34300,4900,5800,91709600
3793,2013/12/30,549,80,612,192,1235,572,104900,17400,61100,8700,10400,105959800
3794,2014/01/06,098,100,668,224,1519,874,94800,15800,55300,7900,9400,117156600
3795,2014/01/07,578,77,531,194,1000,527,97600,16200,56900,8100,9700,90008200
3796,2014/01/08,721,128,627,277,1285,492,71600,11900,41700,5900,7100,87645000
3797,2014/01/09,613,114,707,309,1380,443,71000,11800,41400,5900,7100,90156600
3798,2014/01/10,005,71,191,128,236,550,129700,43200,86400,21600,12900,90652400
3799,2014/01/13,136,143,745,229,1305,632,80700,13400,47000,6700,8000,102820200
3800,2014/01/14,560,96,353,159,672,625,103900,17300,60600,8600,10300,84592400
3801,2014/01/15,506,59,380,134,807,396,130000,21600,75800,10800,13000,88858200
3802,2014/01/16,641,71,561,158,1238,458,99900,16600,58200,8300,9900,90109200
3803,2014/01/17,720,108,489,255,1077,382,90100,15000,52500,7500,9000,93428400
3804,2014/01/20,921,200,1017,340,1699,762,64400,10700,37500,5300,6400,112483200
3805,2014/01/21,119,184,340,332,338,676,60700,20200,40400,10100,6000,86707400
3806,2014/01/22,154,63,482,125,1181,523,106600,17700,62100,8800,10600,87005000
3807,2014/01/23,314,128,568,398,960,601,65300,10800,38000,5400,6500,86341600
3808,2014/01/24,311,128,419,278,551,768,68700,22900,45800,11400,6800,94914200
3809,2014/01/27,138,134,1212,404,2343,646,60000,10000,35000,5000,6000,110964600
3810,2014/01/28,369,175,705,475,1034,644,54900,9100,32000,4500,5400,87961400
3811,2014/01/29,070,66,217,102,394,474,126600,42200,84400,21100,12600,89878600
3812,2014/01/30,327,122,576,343,1143,542,68800,11400,40100,5700,6800,86861800
3813,2014/01/31,729,142,661,359,1271,1250,60400,10000,35200,5000,6000,92957400
3814,2014/02/03,044,318,387,326,423,890,61000,20300,40600,10100,6100,111690400
3815,2014/02/04,861,51,501,167,1170,470,98000,16300,57100,8100,9800,81994800
3816,2014/02/05,200,105,191,133,223,781,103000,34300,68600,17100,10300,85297000
3817,2014/02/06,095,52,395,122,793,402,125600,20900,73200,10400,12500,82457200
3818,2014/02/07,264,65,581,146,1154,406,100300,16700,58500,8300,10000,85565600
3819,2014/02/10,423,176,663,296,1125,577,71200,11800,41500,5900,7100,96714400
3820,2014/02/11,343,80,265,133,286,380,98600,32800,65700,16400,9800,75085200
3821,2014/02/12,951,55,424,131,971,493,112100,18600,65300,9300,11200,82790400
3822,2014/02/13,805,66,432,183,833,399,104200,17300,60700,8600,10400,82008800
3823,2014/02/14,709,47,347,171,729,410,120400,20000,70200,10000,12000,81971000
3824,2014/02/17,271,134,1382,318,2678,438,56900,9400,33100,4700,5600,103360600
3825,2014/02/18,687,64,353,170,736,540,108600,18100,63300,9000,10800,81467800
3826,2014/02/19,722,121,320,203,418,615,76500,25500,51000,12700,7600,84095600
3827,2014/02/20,099,74,169,113,271,655,119700,39900,79800,19900,11900,84160200
3828,2014/02/21,172,93,856,188,1861,464,70000,11600,40800,5800,7000,85159000
3829,2014/02/24,287,88,825,260,1709,409,83100,13800,48400,6900,8300,103609800
3830,2014/02/25,061,59,419,105,919,353,126400,21000,73700,10500,12600,84849600
3831,2014/02/26,272,122,439,215,661,445,70100,23300,46700,11600,7000,88245800
3832,2014/02/27,171,82,411,175,790,353,77200,25700,51400,12800,7700,86266600
3833,2014/02/28,101,116,288,200,336,470,96000,32000,64000,16000,9600,95661400
3834,2014/03/03,992,91,276,186,408,561,113500,37800,75600,18900,11300,108736600
3835,2014/03/04,834,65,517,225,962,631,91200,15200,53200,7600,9100,86347800
3836,2014/03/05,624,127,598,255,1092,574,71300,11800,41500,5900,7100,83110800
3837,2014/03/06,087,44,320,115,727,302,151600,25200,88400,12600,15100,85995000
3838,2014/03/07,169,91,582,277,1323,535,77500,12900,45200,6400,7700,88423000
3839,2014/03/10,975,98,521,209,966,553,106700,17700,62200,8800,10600,104940800
3840,2014/03/11,661,65,227,142,348,331,114600,38200,76400,19100,11400,83157800
3841,2014/03/12,558,88,186,156,216,642,109000,36300,72600,18100,10900,85867800
3842,2014/03/13,619,110,437,298,915,564,72100,12000,42000,6000,7200,78489600
3843,2014/03/14,784,63,441,159,977,369,112900,18800,65800,9400,11200,87230000
3844,2014/03/17,198,140,788,471,1712,594,62300,10300,36300,5100,6200,103712600
3845,2014/03/18,729,110,579,307,1202,504,66300,11000,38600,5500,6600,79059600
3846,2014/03/19,045,112,464,141,817,462,98000,16300,57100,8100,9800,84035800
3847,2014/03/20,608,64,426,198,819,341,100100,16600,58300,8300,10000,78567200
3848,2014/03/21,787,84,255,155,348,366,92600,30800,61700,15400,9200,75544400
3849,2014/03/24,263,116,781,216,1504,606,80800,13400,47100,6700,8000,100297400
3850,2014/03/25,636,63,184,108,286,707,115700,38500,77100,19200,11500,80941600
3851,2014/03/26,710,83,418,210,854,463,93600,15600,54600,7800,9300,81690400
3852,2014/03/27,841,90,573,204,1215,465,81800,13600,47700,6800,8100,82262200
3853,2014/03/28,643,82,457,139,996,467,106100,17600,61800,8800,10600,86990400
3854,2014/03/31,098,79,480,195,1092,420,111800,18600,65200,9300,11100,100822800
3855,2014/04/01,108,139,536,339,1069,352,64900,10800,37800,5400,6400,79475800
3856,2014/04/02,606,110,379,236,505,333,73100,24300,48700,12100,7300,83095800
3857,2014/04/03,858,36,164,94,233,323,156900,52300,104600,26100,15600,78294200
3858,2014/04/04,740,59,448,187,990,433,102500,17000,59700,8500,10200,84006200
3859,2014/04/07,942,54,711,140,1408,587,103900,17300,60600,8600,10300,99398000
3860,2014/04/08,701,64,404,147,765,308,114500,19000,66700,9500,11400,79321200
3861,2014/04/09,295,77,506,180,1101,381,91800,15300,53500,7600,9100,80890400
3862,2014/04/10,808,126,238,234,248,395,82800,27600,55200,13800,8200,81418800
3863,2014/04/11,135,88,602,228,1283,409,80300,13300,46800,6600,8000,83802800
3864,2014/04/14,123,239,790,401,1182,585,57900,9600,33700,4800,5700,98093600
3865,2014/04/15,160,45,481,133,1132,412,112900,18800,65800,9400,11200,84944200
3866,2014/04/16,637,67,446,192,1016,399,103200,17200,60200,8600,10300,86671200
3867,2014/04/17,493,93,425,225,998,450,90800,15100,52900,7500,9000,85471200
3868,2014/04/18,725,148,695,392,1340,511,58900,9800,34300,4900,5800,85829400
3869,2014/04/21,017,105,632,187,1089,687,95000,15800,55400,7900,9500,101185200
3870,2014/04/22,290,50,442,117,938,339,120600,20100,70300,10000,12000,81484400
3871,2014/04/23,951,57,486,136,973,556,106600,17700,62100,8800,10600,83927200
3872,2014/04/24,809,86,492,245,1069,430,84300,14000,49100,7000,8400,83008800
3873,2014/04/25,589,68,428,237,851,489,101200,16800,59000,8400,10100,89410600
3874,2014/04/28,442,86,366,169,449,491,107800,35900,71800,17900,10700,106552800
3875,2014/04/29,199,135,267,177,337,578,74500,24800,49600,12400,7400,75574000
3876,2014/04/30,495,51,473,158,904,303,116600,19400,68000,9700,11600,84927200
3877,2014/05/01,808,113,238,230,247,652,85900,28600,57200,14300,8500,86310800
3878,2014/05/02,336,128,240,208,317,652,87200,29000,58100,14500,8700,90106200
3879,2014/05/05,994,55,208,131,242,463,137600,45800,91700,22900,13700,91248800
3880,2014/05/06,806,60,350,179,711,341,105900,17600,61700,8800,10500,74451600
3881,2014/05/07,297,83,457,157,1104,360,95400,15900,55600,7900,9500,80370000
3882,2014/05/08,353,89,222,165,252,486,101300,33700,67500,16800,10100,81877200
3883,2014/05/09,154,56,548,111,1313,407,104700,17400,61000,8700,10400,84322200
3884,2014/05/12,367,111,519,176,829,652,103400,17200,60300,8600,10300,99911600
3885,2014/05/13,934,75,553,177,1279,471,84400,14000,49200,7000,8400,79567000
3886,2014/05/14,463,101,473,179,1008,471,88200,14700,51400,7300,8800,81446400
3887,2014/05/15,153,83,671,173,1400,350,81600,13600,47600,6800,8100,81150000
3888,2014/05/16,065,51,407,127,776,393,128900,21400,75100,10700,12800,85058800
3889,2014/05/19,836,79,706,224,1321,701,88300,14700,51500,7300,8800,99649400
3890,2014/05/20,281,47,478,192,1141,435,94300,15700,55000,7800,9400,79076400
3891,2014/05/21,746,50,331,156,751,724,107500,17900,62700,8900,10700,79174000
3892,2014/05/22,433,108,303,179,325,826,78700,26200,52400,13100,7800,81398600
3893,2014/05/23,034,65,466,180,1039,624,96500,16000,56200,8000,9600,85076600
3894,2014/05/26,086,47,464,128,983,446,135800,22600,79200,11300,13500,98245600
3895,2014/05/27,845,86,438,242,835,507,85200,14200,49700,7100,8500,79629200
3896,2014/05/28,474,72,243,139,358,800,95100,31700,63400,15800,9500,81478600
3897,2014/05/29,761,89,513,129,1142,366,95600,15900,55700,7900,9500,81110400
3898,2014/05/30,839,74,463,156,984,607,99200,16500,57800,8200,9900,84923400
3899,2014/06/02,468,135,798,317,1188,580,71600,11900,41700,5900,7100,97170200
3900,2014/06/03,327,90,597,329,1106,612,65400,10900,38100,5400,6500,77754000
3901,2014/06/04,769,53,385,163,864,433,111000,18500,64700,9200,11100,80798000
3902,2014/06/05,790,49,337,128,729,426,125300,20800,73000,10400,12500,78880600
3903,2014/06/06,928,99,426,294,973,472,76400,12700,44500,6300,7600,79771000
3904,2014/06/09,620,110,436,182,844,398,105100,17500,61300,8700,10500,93258200
3905,2014/06/10,431,65,416,105,1058,483,105000,17500,61200,8700,10500,77519200
3906,2014/06/11,334,85,309,157,380,500,86500,28800,57600,14400,8600,78122800
3907,2014/06/12,429,92,411,238,795,406,85200,14200,49700,7100,8500,76993600
3908,2014/06/13,690,80,421,163,895,346,112600,18700,65600,9300,11200,88693400
3909,2014/06/16,797,81,249,157,283,365,131900,43900,87900,21900,13100,103325800
3910,2014/06/17,226,98,245,182,310,682,85300,28400,56800,14200,8500,79836000
3911,2014/06/18,084,52,407,118,856,446,121900,20300,71100,10100,12100,82531200
3912,2014/06/19,568,75,489,238,910,461,88300,14700,51500,7300,8800,81946800
3913,2014/06/20,644,74,231,133,290,675,108100,36000,72000,18000,10800,85465800
3914,2014/06/23,338,119,254,175,269,629,105300,35100,70200,17500,10500,100244800
3915,2014/06/24,955,48,196,105,299,654,118100,39300,78700,19600,11800,78407600
3916,2014/06/25,732,66,491,138,1129,511,101500,16900,59200,8400,10100,84291600
3917,2014/06/26,101,72,227,174,259,437,106600,35500,71000,17700,10600,83100000
3918,2014/06/27,785,46,362,119,848,414,132800,22100,77400,11000,13200,84942600
3919,2014/06/30,092,80,566,170,987,540,111900,18600,65200,9300,11100,101897600
3920,2014/07/01,571,74,613,242,1377,579,74400,12400,43400,6200,7400,81069600
3921,2014/07/02,953,73,463,139,1000,423,106100,17600,61800,8800,10600,84159600
3922,2014/07/03,307,95,713,286,1581,394,65900,10900,38400,5400,6500,80926600
3923,2014/07/04,583,103,691,246,1441,500,72500,12000,42200,6000,7200,85753200
3924,2014/07/07,076,95,538,197,1018,602,100200,16700,58400,8300,10000,99025600
3925,2014/07/08,856,59,425,138,801,446,109200,18200,63700,9100,10900,78087800
3926,2014/07/09,389,76,401,216,842,376,93800,15600,54700,7800,9300,78516600
3927,2014/07/10,647,75,384,163,827,654,97100,16100,56600,8000,9700,79573200
3928,2014/07/11,398,62,424,177,878,624,102400,17000,59700,8500,10200,84605800
3929,2014/07/14,061,72,533,125,1146,468,117200,19500,68300,9700,11700,97959400
3930,2014/07/15,495,88,432,216,887,472,87300,14500,50900,7200,8700,78992000
3931,2014/07/16,239,62,442,197,1013,536,93500,15500,54500,7700,9300,80744000
3932,2014/07/17,621,98,594,257,1279,454,72900,12100,42500,6000,7200,80832800
3933,2014/07/18,790,69,373,172,731,392,113600,18900,66200,9400,11300,83731400
3934,2014/07/21,954,100,411,172,756,523,104200,17300,60700,8600,10400,88971800
3935,2014/07/22,197,52,481,169,976,361,99200,16500,57800,8200,9900,76816600
3936,2014/07/23,059,94,431,178,785,654,87400,14500,50900,7200,8700,77869200
3937,2014/07/24,070,40,188,94,272,311,143100,47700,95400,23800,14300,76889000
3938,2014/07/25,498,57,373,159,765,530,111400,18500,64900,9200,11100,81410000
3939,2014/07/28,190,89,729,206,1298,528,86600,14400,50500,7200,8600,94699800
3940,2014/07/29,234,74,387,198,733,425,95800,15900,55800,7900,9500,76141200
3941,2014/07/30,392,74,483,176,1018,384,92800,15400,54100,7700,9200,78469200
3942,2014/07/31,649,83,491,184,1040,457,89100,14800,51900,7400,8900,80116000
3943,2014/08/01,940,77,450,172,1098,356,98800,16400,57600,8200,9800,83350000
3944,2014/08/04,764,93,479,154,891,510,108400,18000,63200,9000,10800,93510000
3945,2014/08/05,955,39,164,74,209,548,145500,48500,97000,24200,14500,75248400
3946,2014/08/06,933,48,274,112,367,531,108100,36000,72000,18000,10800,78887800
3947,2014/08/07,857,114,412,165,915,394,87900,14600,51200,7300,8700,77083200
3948,2014/08/08,031,53,428,105,918,371,121200,20200,70700,10100,12100,80583200
3949,2014/08/11,793,79,643,208,1030,656,89900,14900,52400,7400,8900,91743800
3950,2014/08/12,448,88,291,179,251,529,85200,28400,56800,14200,8500,75568400
3951,2014/08/13,528,101,650,325,1193,422,62600,10400,36500,5200,6200,75276000
3952,2014/08/14,371,70,523,186,1139,285,83500,13900,48700,6900,8300,72206800
3953,2014/08/15,122,90,240,169,368,545,94300,31400,62800,15700,9400,83533200
3954,2014/08/18,425,128,612,350,1093,635,76400,12700,44500,6300,7600,100074800
3955,2014/08/19,701,54,462,203,901,420,94700,15700,55200,7800,9400,77143000
3956,2014/08/20,852,77,536,124,1097,453,94100,15600,54800,7800,9400,78519800
3957,2014/08/21,059,63,375,144,744,283,118900,19800,69300,9900,11800,79219600
3958,2014/08/22,685,69,417,148,815,398,109800,18300,64000,9100,10900,81180800
3959,2014/08/25,105,119,590,260,1047,446,89000,14800,51900,7400,8900,99084600
3960,2014/08/26,958,101,441,201,930,545,82100,13600,47800,6800,8200,77395200
3961,2014/08/27,314,122,459,302,787,696,71700,11900,41800,5900,7100,81335600
3962,2014/08/28,376,64,438,202,888,421,98900,16400,57600,8200,9800,81571400
3963,2014/08/29,653,78,401,132,826,499,112600,18700,65600,9300,11200,85223400
3964,2014/09/01,151,89,235,123,448,546,118900,39600,79200,19800,11800,100078600
3965,2014/09/02,721,112,678,350,1315,362,63300,10500,36900,5200,6300,80908400
3966,2014/09/03,058,71,457,173,926,380,103100,17100,60100,8500,10300,83235200
3967,2014/09/04,586,79,480,178,1003,390,93600,15600,54600,7800,9300,80177200
3968,2014/09/05,621,99,609,227,1366,324,80000,13300,46600,6600,8000,85197600
3969,2014/09/08,802,128,565,299,963,489,84600,14100,49300,7000,8400,98873200
3970,2014/09/09,983,47,534,151,1294,336,96100,16000,56000,8000,9600,78098200
3971,2014/09/10,816,124,506,304,1222,965,62300,10300,36300,5100,6200,80965400
3972,2014/09/11,644,52,177,91,193,643,132300,44100,88200,22000,13200,78876600
3973,2014/09/12,249,55,552,185,1120,485,95500,15900,55700,7900,9500,84204200
3974,2014/09/15,509,76,565,181,1048,407,101200,16800,59000,8400,10100,90814400
3975,2014/09/16,289,41,419,138,1016,415,104100,17300,60700,8600,10400,73460000
3976,2014/09/17,927,108,450,293,1062,475,73000,12100,42500,6000,7300,79537400
3977,2014/09/18,498,85,378,209,731,670,89000,14800,51900,7400,8900,78769200
3978,2014/09/19,181,72,245,142,382,415,104800,34900,69800,17400,10400,82347400
3979,2014/09/22,174,102,855,247,1845,602,71700,11900,41800,5900,7100,96057800
3980,2014/09/23,468,79,385,197,686,390,89300,14800,52000,7400,8900,70301600
3981,2014/09/24,697,75,342,165,712,340,106400,17700,62000,8800,10600,76093600
3982,2014/09/25,113,113,232,203,318,369,84300,28100,56200,14000,8400,77903000
3983,2014/09/26,517,85,614,288,1143,526,74400,12400,43400,6200,7400,83253200
3984,2014/09/29,786,92,447,192,857,449,109600,18200,63900,9100,10900,96198000
3985,2014/09/30,066,180,357,186,445,1089,57400,19100,38200,9500,5700,77404200
3986,2014/10/01,354,84,451,162,872,481,93900,15600,54700,7800,9300,78151600
3987,2014/10/02,045,64,345,122,734,495,114400,19000,66700,9500,11400,77132400
3988,2014/10/03,745,60,436,162,807,333,111500,18500,65000,9200,11100,81247800
3989,2014/10/06,065,69,445,134,835,451,121100,20100,70600,10000,12100,90458000
3990,2014/10/07,890,72,459,215,1095,441,83300,13800,48500,6900,8300,75792400
3991,2014/10/08,148,91,551,179,1096,448,84200,14000,49100,7000,8400,79285200
3992,2014/10/09,178,133,635,333,1276,537,57700,9600,33600,4800,5700,76180600
3993,2014/10/10,782,89,581,209,1329,481,78600,13100,45800,6500,7800,81576800
3994,2014/10/13,509,73,508,196,987,369,92000,15300,53600,7600,9200,80033600
3995,2014/10/14,369,164,609,460,1129,393,46700,7700,27200,3800,4600,69324600
3996,2014/10/15,893,113,677,371,1279,509,60800,10100,35400,5000,6000,81062000
3997,2014/10/16,963,95,527,227,1174,409,80200,13300,46700,6600,8000,80912200
3998,2014/10/17,908,112,513,254,1231,392,77700,12900,45300,6400,7700,84210000
3999,2014/10/20,717,118,279,195,270,622,97600,32500,65000,16200,9700,97254600
4000,2014/10/21,404,55,235,128,423,360,105400,35100,70200,17500,10500,76199400
4001,2014/10/22,373,144,257,193,284,495,73900,24600,49200,12300,7300,74760800
4002,2014/10/23,336,60,145,90,226,685,126100,42000,84000,21000,12600,76962400
4003,2014/10/24,799,66,182,105,264,672,123300,41100,82200,20500,12300,84399400
4004,2014/10/27,444,443,0,0,0,666,87400,0,0,0,8700,99072000
4005,2014/10/28,260,64,282,121,642,299,130300,21700,76000,10800,13000,76784400
4006,2014/10/29,009,60,179,137,285,384,119600,39800,79700,19900,11900,78915000
4007,2014/10/30,274,94,582,271,1186,396,71600,11900,41700,5900,7100,77578200
4008,2014/10/31,885,57,235,157,277,538,108900,36300,72600,18100,10800,82298000
4009,2014/11/03,040,67,205,97,289,407,138100,46000,92000,23000,13800,88709600
4010,2014/11/04,832,71,452,152,957,469,93800,15600,54700,7800,9300,75407400
4011,2014/11/05,861,49,465,124,1149,438,104700,17400,61000,8700,10400,78768200
4012,2014/11/06,551,140,457,327,470,470,54500,18100,36300,9000,5400,77047200
4013,2014/11/07,866,53,200,111,264,518,125100,41700,83400,20800,12500,80475200
4014,2014/11/10,611,137,357,240,511,726,73400,24400,48900,12200,7300,93616600
4015,2014/11/11,181,96,308,157,450,320,81700,27200,54400,13600,8100,74573400
4016,2014/11/12,112,184,443,388,390,658,48100,16000,32000,8000,4800,77201200
4017,2014/11/13,277,95,292,179,372,560,79600,26500,53000,13200,7900,76033400
4018,2014/11/14,194,75,380,167,865,514,100100,16600,58300,8300,10000,79979600
4019,2014/11/17,335,136,342,230,284,524,81800,27200,54500,13600,8100,91518000
4020,2014/11/18,618,133,440,278,882,755,63000,10500,36700,5200,6300,72475200
4021,2014/11/19,095,48,482,162,1104,264,99700,16600,58100,8300,9900,75656000
4022,2014/11/20,536,72,353,153,669,432,102700,17100,59900,8500,10200,72814800
4023,2014/11/21,426,96,496,207,982,489,81100,13500,47300,6700,8100,77538200
4024,2014/11/24,000,289,0,0,0,817,102400,0,0,0,10200,84415400
4025,2014/11/25,303,82,286,151,297,537,81400,27100,54200,13500,8100,68993400
4026,2014/11/26,372,67,518,177,1205,423,81200,13500,47300,6700,8100,72077000
4027,2014/11/27,384,61,430,137,732,414,108800,18100,63400,9000,10800,76218800
4028,2014/11/28,990,69,203,174,309,424,104300,34700,69500,17300,10400,80391200
4029,2014/12/01,913,114,712,276,1365,442,76300,12700,44500,6300,7600,93551200
4030,2014/12/02,725,117,508,314,1022,456,63900,10600,37200,5300,6300,73305000
4031,2014/12/03,076,57,299,135,673,359,123400,20500,71900,10200,12300,76142400
4032,2014/12/04,916,86,432,265,930,334,76300,12700,44500,6300,7600,71826000
4033,2014/12/05,384,67,400,166,829,350,107700,17900,62800,8900,10700,80119800
4034,2014/12/08,900,80,202,133,333,542,120300,40100,80200,20000,12000,92470600
4035,2014/12/09,312,115,422,182,802,352,83100,13800,48400,6900,8300,72676400
4036,2014/12/10,501,70,379,185,901,440,98100,16300,57200,8100,9800,78554000
4037,2014/12/11,840,79,291,124,678,335,118300,19700,69000,9800,11800,76249800
4038,2014/12/12,410,223,682,339,1194,498,56400,9400,32900,4700,5600,85714200
4039,2014/12/15,511,162,427,281,591,827,71100,23700,47400,11800,7100,106322600
4040,2014/12/16,889,79,173,128,218,460,115300,38400,76800,19200,11500,78025800
4041,2014/12/17,235,111,483,215,986,365,84500,14000,49200,7000,8400,81814600
4042,2014/12/18,983,51,616,167,1496,332,88500,14700,51600,7300,8800,80516200
4043,2014/12/19,929,124,219,201,274,480,91800,30600,61200,15300,9100,86633600
4044,2014/12/22,853,113,880,196,1779,520,80800,13400,47100,6700,8000,103156600
4045,2014/12/23,330,170,282,261,320,464,63300,21100,42200,10500,6300,75698000
4046,2014/12/24,516,121,445,239,914,426,84400,14000,49200,7000,8400,85066400
4047,2014/12/25,728,137,619,407,1073,586,61500,10200,35800,5100,6100,85609800
4048,2014/12/26,167,119,568,291,1158,806,72200,12000,42100,6000,7200,89935400
4049,2014/12/29,537,115,876,231,1519,554,82700,13700,48200,6800,8200,106226200
4050,2014/12/30,642,101,732,196,1447,555,76000,12600,44300,6300,7600,86782800
4051,2015/01/05,025,106,519,204,991,607,102400,17000,59700,8500,10200,103500800
4052,2015/01/06,202,113,299,177,343,327,85300,28400,56800,14200,8500,79740600
4053,2015/01/07,826,102,446,254,894,439,84900,14100,49500,7000,8400,83573400
4054,2015/01/08,211,83,267,132,356,406,99300,33100,66200,16500,9900,79491200
4055,2015/01/09,031,65,623,118,1298,441,98800,16400,57600,8200,9800,85656800
4056,2015/01/12,763,84,508,172,887,511,111500,18500,65000,9200,11100,97687800
4057,2015/01/13,836,65,555,207,1057,668,83200,13800,48500,6900,8300,80132800
4058,2015/01/14,271,78,643,230,1589,395,76800,12800,44800,6400,7600,83863000
4059,2015/01/15,765,48,321,94,660,280,147400,24500,85900,12200,14700,78408800
4060,2015/01/16,048,57,367,112,740,501,133400,22200,77800,11100,13300,87591000
4061,2015/01/19,222,699,0,0,0,656,59700,0,0,0,5900,101566000
4062,2015/01/20,597,88,375,159,708,670,95100,15800,55400,7900,9500,78037400
4063,2015/01/21,772,53,225,128,327,430,113700,37900,75800,18900,11300,78544400
4064,2015/01/22,849,89,353,119,864,417,103000,17100,60000,8500,10300,75793000
4065,2015/01/23,432,77,529,201,995,553,91100,15100,53100,7500,9100,85173800
4066,2015/01/26,996,71,239,135,253,667,133500,44500,89000,22200,13300,103737400
4067,2015/01/27,722,92,334,249,515,421,73200,24400,48800,12200,7300,80924200
4068,2015/01/28,740,56,359,108,854,283,132800,22100,77400,11000,13200,82166600
4069,2015/01/29,809,65,560,255,1153,420,82200,13700,47900,6800,8200,81394400
4070,2015/01/30,355,60,263,125,239,595,109800,36600,73200,18300,10900,80601600
4071,2015/02/02,192,92,811,239,1542,532,82900,13800,48300,6900,8200,101014800
4072,2015/02/03,250,53,378,121,753,500,120800,20100,70400,10000,12000,80384000
4073,2015/02/04,365,101,439,189,744,335,97900,16300,57100,8100,9700,82702200
4074,2015/02/05,690,49,349,153,710,386,121000,20100,70500,10000,12100,79124000
4075,2015/02/06,201,76,480,165,950,454,104100,17300,60700,8600,10400,87229200
4076,2015/02/09,377,87,227,142,337,505,121800,40600,81200,20300,12100,98556400
4077,2015/02/10,583,86,632,238,1206,708,71200,11800,41500,5900,7100,79360000
4078,2015/02/11,266,60,205,117,274,538,112900,37600,75200,18800,11200,76769600
4079,2015/02/12,349,79,419,155,966,414,101300,16800,59000,8400,10100,81320800
4080,2015/02/13,539,75,479,199,1004,569,99700,16600,58100,8300,9900,91216200
4081,2015/02/16,202,153,383,239,385,431,89400,29800,59600,14900,8900,108827000
4082,2015/02/17,845,89,415,211,822,433,93000,15500,54200,7700,9300,81295800
4083,2015/02/18,682,60,540,166,1170,477,95600,15900,55700,7900,9500,83289400
4084,2015/02/19,521,126,684,275,1375,482,67800,11300,39500,5600,6700,84935400
4085,2015/02/20,829,126,522,259,1026,480,80000,13300,46600,6600,8000,88472200
4086,2015/02/23,618,160,670,374,1168,999,68500,11400,39900,5700,6800,104659400
4087,2015/02/24,904,94,420,159,771,466,99200,16500,57800,8200,9900,81055400
4088,2015/02/25,824,116,555,275,1019,509,76200,12700,44400,6300,7600,85540200
4089,2015/02/26,574,45,379,113,901,495,121400,20200,70800,10100,12100,80628600
4090,2015/02/27,311,152,393,279,432,647,66600,22200,44400,11100,6600,89644000
4091,2015/03/02,161,78,267,128,414,450,125800,41900,83800,20900,12500,102475200
4092,2015/03/03,462,114,572,207,1102,1393,64600,10700,37600,5300,6400,80588000
4093,2015/03/04,227,140,326,364,392,612,60500,20100,40300,10000,6000,83121000
4094,2015/03/05,751,78,611,163,1349,537,83800,13900,48800,6900,8300,82141400
4095,2015/03/06,526,122,647,318,1162,479,68700,11400,40000,5700,6800,85551200
4096,2015/03/09,862,103,738,203,1232,508,87500,14500,51000,7200,8700,96869600
4097,2015/03/10,100,62,193,106,214,788,113600,37800,75700,18900,11300,78666000
4098,2015/03/11,623,135,509,269,1031,484,69700,11600,40600,5800,6900,79181600
4099,2015/03/12,553,70,200,96,262,386,126600,42200,84400,21100,12600,79634600
4100,2015/03/13,302,86,598,226,1105,367,124100,20600,72300,10300,12400,123108400
4101,2015/03/16,813,133,1083,341,1845,580,68900,11400,40100,5700,6800,111008000
4102,2015/03/17,607,50,360,119,743,365,135600,22600,79100,11300,13500,83740200
4103,2015/03/18,944,80,358,171,454,719,82500,27500,55000,13700,8200,84539200
4104,2015/03/19,339,106,267,209,259,525,84000,28000,56000,14000,8400,80318400
4105,2015/03/20,663,99,228,187,305,457,99000,33000,66000,16500,9900,87194000
4106,2015/03/23,011,73,316,127,471,626,114100,38000,76000,19000,11400,102511800
4107,2015/03/24,245,69,514,186,1002,334,91800,15300,53500,7600,9100,77605800
4108,2015/03/25,427,137,662,283,1193,512,66900,11100,39000,5500,6600,83776800
4109,2015/03/26,908,63,514,278,1154,439,83900,13900,48900,6900,8300,84087000
4110,2015/03/27,928,113,550,276,975,603,77100,12800,44900,6400,7700,86978200
4111,2015/03/30,187,63,762,186,1396,664,95900,15900,55900,7900,9500,102623600
4112,2015/03/31,007,87,257,150,250,288,106600,35500,71000,17700,10600,81308400
4113,2015/04/01,336,83,249,169,271,645,94600,31500,63000,15700,9400,81651400
4114,2015/04/02,677,99,278,188,371,466,88000,29300,58600,14600,8800,83229400
4115,2015/04/03,845,78,491,211,876,395,95100,15800,55400,7900,9500,83649800
4116,2015/04/06,159,95,686,228,1188,482,92700,15400,54000,7700,9200,100917200
4117,2015/04/07,589,85,344,222,732,410,92100,15300,53700,7600,9200,76520200
4118,2015/04/08,521,64,500,157,951,417,97200,16200,56700,8100,9700,77809600
4119,2015/04/09,988,61,234,108,275,1003,100900,33600,67200,16800,10000,80080800
4120,2015/04/10,658,76,446,169,848,540,98000,16300,57100,8100,9800,81361000
4121,2015/04/13,507,87,481,225,787,410,106300,17700,62000,8800,10600,95748400
4122,2015/04/14,986,41,336,146,795,412,116500,19400,67900,9700,11600,75040600
4123,2015/04/15,675,91,599,190,1054,659,86900,14400,50600,7200,8600,87964800
4124,2015/04/16,009,78,223,148,306,410,116400,38800,77600,19400,11600,88746800
4125,2015/04/17,348,66,495,201,947,504,100200,16700,58400,8300,10000,88022400
4126,2015/04/20,164,96,677,268,1286,594,85000,14100,49500,7000,8500,100529600
4127,2015/04/21,222,521,0,0,0,728,62800,0,0,0,6200,82935200
4128,2015/04/22,220,107,328,179,416,463,81900,27300,54600,13600,8100,82195600
4129,2015/04/23,081,56,455,109,1067,360,114200,19000,66600,9500,11400,81307200
4130,2015/04/24,153,113,756,207,1580,477,72800,12100,42400,6000,7200,87276200
4131,2015/04/27,190,58,638,187,1235,761,102800,17100,59900,8500,10200,103401200
4132,2015/04/28,450,50,408,130,821,298,125900,20900,73400,10400,12500,81751600
4133,2015/04/29,899,72,296,199,344,869,77400,25800,51600,12900,7700,77025600
4134,2015/04/30,242,57,275,105,402,442,114500,38100,76300,19000,11400,83960200
4135,2015/05/01,897,46,586,165,1239,415,103000,17100,60000,8500,10300,88064800
4136,2015/05/04,636,59,262,122,280,692,118700,39500,79100,19700,11800,90638800
4137,2015/05/05,856,43,384,150,790,508,105400,17500,61400,8700,10500,72881600
4138,2015/05/06,906,52,329,113,617,381,129800,21600,75700,10800,12900,75681800
4139,2015/05/07,905,47,477,208,1035,412,94300,15700,55000,7800,9400,78667600
4140,2015/05/08,440,110,347,192,526,431,79800,26600,53200,13300,7900,85997200
4141,2015/05/11,356,111,602,195,838,427,103700,17200,60400,8600,10300,100857200
4142,2015/05/12,800,67,204,140,241,830,96300,32100,64200,16000,9600,75232800
4143,2015/05/13,595,49,206,93,280,370,136400,45400,90900,22700,13600,79842400
4144,2015/05/14,361,67,467,149,1062,407,96800,16100,56400,8000,9600,77667800
4145,2015/05/15,735,109,652,246,1101,502,75500,12500,44000,6200,7500,84431000
4146,2015/05/18,991,77,292,145,427,706,105400,35100,70200,17500,10500,96763000
4147,2015/05/19,433,91,210,103,269,839,95900,31900,63900,15900,9500,76382600
4148,2015/05/20,576,40,423,105,749,447,127500,21200,74300,10600,12700,79033400
4149,2015/05/21,934,60,436,159,987,588,97300,16200,56700,8100,9700,79292200
4150,2015/05/22,977,81,267,161,282,594,96400,32100,64200,16000,9600,82220600
4151,2015/05/25,362,114,695,188,1382,471,88800,14800,51800,7400,8800,99016600
4152,2015/05/26,166,56,218,127,359,658,104400,34800,69600,17400,10400,78675200
4153,2015/05/27,309,70,416,230,785,455,94500,15700,55100,7800,9400,80804200
4154,2015/05/28,384,63,376,176,729,471,105600,17600,61600,8800,10500,78931000
4155,2015/05/29,778,83,252,179,300,630,93200,31000,62100,15500,9300,82715600
4156,2015/06/01,465,95,573,190,996,555,100200,16700,58400,8300,10000,97995200
4157,2015/06/02,641,74,385,78,811,471,116700,19400,68000,9700,11600,77393000
4158,2015/06/03,537,81,639,173,1216,440,81200,13500,47300,6700,8100,78294800
4159,2015/06/04,858,60,240,141,313,429,109100,36300,72700,18100,10900,79822200
4160,2015/06/05,191,87,324,128,527,327,92000,30600,61300,15300,9200,81975600
4161,2015/06/08,081,63,687,146,1296,387,105200,17500,61300,8700,10500,95754400
4162,2015/06/09,240,92,501,196,1058,316,82400,13700,48000,6800,8200,75004400
4163,2015/06/10,455,62,235,120,256,817,103100,34300,68700,17100,10300,78977400
4164,2015/06/11,402,85,373,195,747,347,96300,16000,56100,8000,9600,76605800
4165,2015/06/12,549,102,462,269,983,408,79300,13200,46200,6600,7900,80908200
4166,2015/06/15,690,74,492,185,956,605,113200,18800,66000,9400,11300,101721000
4167,2015/06/16,589,89,410,226,864,559,89300,14800,52000,7400,8900,82770000
4168,2015/06/17,451,81,496,194,1094,473,91400,15200,53300,7600,9100,84355400
4169,2015/06/18,313,137,373,255,339,807,65200,21700,43400,10800,6500,82427400
4170,2015/06/19,258,108,656,268,1157,421,74500,12400,43400,6200,7400,84796000
4171,2015/06/22,880,78,306,171,340,751,107600,35800,71700,17900,10700,101830000
4172,2015/06/23,454,80,266,140,351,438,96500,32100,64300,16000,9600,78179000
4173,2015/06/24,691,64,490,161,1125,383,97800,16300,57000,8100,9700,80790000
4174,2015/06/25,885,80,221,122,304,516,111600,37200,74400,18600,11100,83645800
4175,2015/06/26,086,61,466,149,873,417,112200,18700,65400,9300,11200,84801800
4176,2015/06/29,319,142,648,277,1131,756,79100,13100,46100,6500,7900,102291600
4177,2015/06/30,686,60,169,104,235,299,144000,48000,96000,24000,14400,81554200
4178,2015/07/01,470,62,414,139,896,626,106800,17800,62300,8900,10600,82915800
4179,2015/07/02,516,97,452,224,869,440,89400,14900,52100,7400,8900,83324200
4180,2015/07/03,447,78,227,142,270,638,108000,36000,72000,18000,10800,85761000
4181,2015/07/06,174,87,924,193,1795,616,79900,13300,46600,6600,7900,100393800
4182,2015/07/07,097,60,387,118,869,370,119600,19900,69700,9900,11900,80492000
4183,2015/07/08,583,87,649,313,1433,496,66300,11000,38600,5500,6600,80613400
4184,2015/07/09,590,43,500,151,1007,425,104000,17300,60600,8600,10400,78823200
4185,2015/07/10,818,131,274,260,301,536,76800,25600,51200,12800,7600,85246600
4186,2015/07/13,721,220,926,445,1583,750,50800,8400,29600,4200,5000,94980600
4187,2015/07/14,279,114,489,253,1018,825,65200,10800,38000,5400,6500,74063000
4188,2015/07/15,023,56,377,139,813,458,113000,18800,65900,9400,11300,78771400
4189,2015/07/16,334,84,325,235,264,427,76900,25600,51200,12800,7600,74501600
4190,2015/07/17,598,67,392,163,756,688,98900,16400,57600,8200,9800,79018200
4191,2015/07/20,844,67,279,120,348,724,104700,34900,69800,17400,10400,86182000
4192,2015/07/21,895,51,307,86,711,406,131800,21900,76800,10900,13100,73863000
4193,2015/07/22,013,57,365,109,825,286,120400,20000,70200,10000,12000,74595400
4194,2015/07/23,300,111,252,180,254,776,77400,25800,51600,12900,7700,74843600
4195,2015/07/24,468,80,397,206,846,570,90400,15000,52700,7500,9000,79162600
4196,2015/07/27,287,77,887,204,1681,565,77200,12800,45000,6400,7700,92725800
4197,2015/07/28,080,36,167,97,219,332,147700,49200,98400,24600,14700,74211000
4198,2015/07/29,461,67,454,133,808,405,104900,17400,61100,8700,10400,76541000
4199,2015/07/30,409,69,338,208,679,416,98500,16400,57400,8200,9800,75559200
4200,2015/07/31,004,67,336,184,384,317,90700,30200,60400,15100,9000,80136200
4201,2015/08/03,336,119,257,172,228,681,95100,31700,63400,15800,9500,89943000
4202,2015/08/04,907,59,314,136,580,333,119900,19900,69900,9900,11900,72594000
4203,2015/08/05,275,85,635,215,1366,475,71400,11900,41600,5900,7100,75822200
4204,2015/08/06,426,80,504,252,976,418,76000,12600,44300,6300,7600,73334000
4205,2015/08/07,802,84,414,247,850,384,84900,14100,49500,7000,8400,76672400
4206,2015/08/10,567,90,445,206,709,392,105500,17500,61500,8700,10500,89721800
4207,2015/08/11,419,78,355,218,798,463,86500,14400,50400,7200,8600,72560800
4208,2015/08/12,119,147,319,273,294,290,64700,21500,43100,10700,6400,73891400
4209,2015/08/13,809,79,648,363,1477,412,56100,9300,32700,4600,5600,70201400
4210,2015/08/14,859,55,622,213,1421,397,82700,13700,48200,6800,8200,81144400
4211,2015/08/17,507,95,451,216,818,398,104100,17300,60700,8600,10400,93554400
4212,2015/08/18,978,54,594,177,1134,571,86100,14300,50200,7100,8600,78109000
4213,2015/08/19,580,72,546,162,944,476,91600,15200,53400,7600,9100,78146400
4214,2015/08/20,214,82,489,220,953,583,82000,13600,47800,6800,8200,78339200
4215,2015/08/21,372,82,545,207,1321,451,82100,13600,47800,6800,8200,81950400
4216,2015/08/24,315,216,815,414,1269,1153,52500,8700,30600,4300,5200,95148400
4217,2015/08/25,282,63,265,110,450,373,99600,33200,66400,16600,9900,74637800
4218,2015/08/26,920,106,418,224,844,350,86000,14300,50100,7100,8600,78738400
4219,2015/08/27,778,61,217,161,232,354,113200,37700,75400,18800,11300,79186000
4220,2015/08/28,169,62,501,197,1085,860,84600,14100,49300,7000,8400,82204000
4221,2015/08/31,763,79,534,142,1004,486,113700,18900,66300,9400,11300,96831800
4222,2015/09/01,104,109,436,264,852,309,78500,13000,45700,6500,7800,76363200
4223,2015/09/02,787,36,174,125,270,362,138900,46300,92600,23100,13800,79810200
4224,2015/09/03,890,73,604,281,1359,648,68800,11400,40100,5700,6800,78884000
4225,2015/09/04,489,68,441,217,790,531,97200,16200,56700,8100,9700,83598400
4226,2015/09/07,678,147,511,292,839,790,79200,13200,46200,6600,7900,97073600
4227,2015/09/08,423,63,419,183,857,345,95600,15900,55700,7900,9500,73435800
4228,2015/09/09,896,44,304,143,680,421,120400,20000,70200,10000,12000,74103400
4229,2015/09/10,468,101,469,264,848,351,78700,13100,45900,6500,7800,76833200
4230,2015/09/11,549,55,499,216,1008,426,96300,16000,56100,8000,9600,83705600
4231,2015/09/14,820,98,426,201,838,348,111000,18500,64700,9200,11100,96472400
4232,2015/09/15,759,65,423,146,795,329,108000,18000,63000,9000,10800,76778000
4233,2015/09/16,117,213,326,377,361,639,51000,17000,34000,8500,5100,79021600
4234,2015/09/17,306,95,326,221,832,318,86100,14300,50200,7100,8600,72625200
4235,2015/09/18,302,54,335,141,748,250,128300,21300,74800,10600,12800,79724400
4236,2015/09/21,243,59,544,143,1039,742,95800,15900,55800,7900,9500,83876200
4237,2015/09/22,264,55,555,119,1090,323,90000,15000,52500,7500,9000,68047600
4238,2015/09/23,144,49,208,113,310,587,104700,34900,68800,17400,10400,70746600
4239,2015/09/24,924,258,649,616,897,581,38300,6300,22300,3100,3800,73065600
4240,2015/09/25,792,87,522,161,1206,441,86500,14400,50400,7200,8600,79366000
4241,2015/09/28,191,50,337,113,494,450,119000,39600,79300,19800,11900,96546400
4242,2015/09/29,166,58,205,107,260,467,119900,39900,79900,19900,11900,76674800
4243,2015/09/30,945,49,344,104,711,549,126600,21100,73800,10500,12600,79103800
4244,2015/10/01,203,51,354,170,688,429,110400,18400,64400,9200,11000,75917400
4245,2015/10/02,468,88,454,286,861,413,81700,13600,47600,6800,8100,80551200
4246,2015/10/05,173,67,701,190,1316,437,97000,16100,56500,8000,9700,96596800
4247,2015/10/06,524,110,451,216,828,438,80000,13300,46600,6600,8000,75405800
4248,2015/10/07,425,98,381,229,631,505,87500,14500,51000,7200,8700,77501400
4249,2015/10/08,321,98,466,187,1031,328,84900,14100,49500,7000,8400,76173800
4250,2015/10/09,658,50,500,182,1000,433,99700,16600,58100,8300,9900,81181400
4251,2015/10/12,185,67,635,195,1270,449,88900,14800,51800,7400,8800,86395400
4252,2015/10/13,418,96,431,248,903,487,72000,12000,42000,6000,7200,69863400
4253,2015/10/14,119,111,268,250,293,458,73600,24500,49000,12200,7300,75533600
4254,2015/10/15,288,58,238,121,355,571,112700,37500,75100,18700,11200,83729000
4255,2015/10/16,503,112,397,296,959,314,81400,13500,47400,6700,8100,83686800
4256,2015/10/19,363,83,288,149,352,438,114700,38200,76400,19100,11400,97125600
4257,2015/10/20,504,57,327,159,717,370,115200,19200,67200,9600,11500,77083200
4258,2015/10/21,458,78,518,233,1010,385,86300,14300,50300,7100,8600,81159000
4259,2015/10/22,396,69,659,250,1623,432,71400,11900,41600,5900,7100,79844000
4260,2015/10/23,686,60,217,141,263,477,120400,40100,80200,20000,12000,85108400
4261,2015/10/26,370,96,624,140,1365,542,100000,16600,58300,8300,10000,99998400
4262,2015/10/27,906,48,360,161,751,408,116300,19300,67800,9600,11600,78929200
4263,2015/10/28,049,45,328,124,834,383,132700,22100,77400,11000,13200,82529200
4264,2015/10/29,118,162,345,318,380,421,62000,20600,41300,10300,6200,81927600
4265,2015/10/30,394,65,421,152,896,415,113300,18800,66000,9400,11300,85611000
4266,2015/11/02,675,77,654,213,1082,480,97200,16200,56700,8100,9700,96944600
4267,2015/11/03,230,55,464,128,899,558,97000,16100,56500,8000,9700,72805400
4268,2015/11/04,675,44,414,112,747,268,134900,22400,78600,11200,13400,80191400
4269,2015/11/05,715,117,597,291,1048,399,71000,11800,41400,5900,7100,81055600
4270,2015/11/06,220,80,270,172,282,378,103100,34300,68700,17100,10300,84727600
4271,2015/11/09,708,88,443,213,787,517,106500,17700,62100,8800,10600,95486600
4272,2015/11/10,945,54,454,159,903,378,102400,17000,59700,8500,10200,76390800
4273,2015/11/11,493,71,432,188,826,487,99300,16500,57900,8200,9900,81760400
4274,2015/11/12,711,121,325,155,536,597,73300,24400,48800,12200,7300,78464800
4275,2015/11/13,050,56,212,137,248,343,124600,41500,83000,20700,12400,81356400
4276,2015/11/16,305,415,585,280,906,739,50600,8400,29500,4200,5000,92905400
4277,2015/11/17,757,66,212,124,210,536,105700,35200,70400,17600,10500,72356600
4278,2015/11/18,414,85,174,177,193,384,99200,33000,66100,16500,9900,73140800
4279,2015/11/19,161,72,324,166,505,376,83900,27900,55900,13900,8300,76952600
4280,2015/11/20,851,52,438,142,918,406,110300,18300,64300,9100,11000,79667600
4281,2015/11/23,359,86,533,229,1016,323,89900,14900,52400,7400,8900,85042200
4282,2015/11/24,691,54,411,133,1001,298,103500,17200,60300,8600,10300,72089400
4283,2015/11/25,748,63,466,226,936,477,86800,14400,50600,7200,8600,76885400
4284,2015/11/26,895,71,632,228,1233,437,74500,12400,43400,6200,7400,75511400
4285,2015/11/27,372,58,528,199,1235,526,86000,14300,50100,7100,8600,79865800
4286,2015/11/30,547,100,558,203,921,578,96900,16100,56500,8000,9600,96073400
4287,2015/12/01,784,61,433,147,774,409,108800,18100,63400,9000,10800,78470200
4288,2015/12/02,999,522,0,0,0,599,62700,0,0,0,6200,81152800
4289,2015/12/03,422,73,192,162,260,567,100000,33300,66600,16600,10000,76692200
4290,2015/12/04,192,64,575,173,1251,387,91300,15200,53200,7600,9100,81963800
4291,2015/12/07,429,130,811,360,1328,805,65800,10900,38300,5400,6500,97550600
4292,2015/12/08,368,109,574,278,1149,468,67600,11200,39400,5600,6700,76623800
4293,2015/12/09,687,87,418,130,844,521,100200,16700,58400,8300,10000,79044800
4294,2015/12/10,336,98,266,201,225,745,82900,27600,55200,13800,8200,79741000
4295,2015/12/11,332,104,233,126,255,495,104000,34600,69300,17300,10400,82708400
4296,2015/12/14,671,83,583,223,1093,540,99200,16500,57800,8200,9900,100407600
4297,2015/12/15,484,63,309,117,299,332,115800,38600,77200,19300,11500,84190800
4298,2015/12/16,166,93,242,130,325,584,105400,35100,70200,17500,10500,87382000
4299,2015/12/17,308,152,462,317,950,395,72700,12100,42400,6000,7200,86045000
4300,2015/12/18,966,82,270,134,294,357,114900,38300,76600,19100,11400,88419000
4301,2015/12/21,530,109,527,204,959,444,105000,17500,61200,8700,10500,102761400
4302,2015/12/22,454,83,198,133,263,423,115300,38400,76800,19200,11500,83034800
4303,2015/12/23,447,70,204,139,198,404,116400,38800,77600,19400,11600,78669000
4304,2015/12/24,187,47,508,123,1083,419,116000,19300,67600,9600,11600,86563800
4305,2015/12/25,166,107,255,148,334,547,103700,34500,69100,17200,10300,92422200
4306,2015/12/28,549,104,853,276,1584,521,85500,14200,49800,7100,8500,112410800
4307,2015/12/29,710,95,441,282,852,681,87200,14500,50800,7200,8700,91582400
4308,2015/12/30,350,63,485,177,1058,379,115000,19100,67000,9500,11500,95408200
4309,2016/01/04,748,51,502,187,937,456,113600,18900,66200,9400,11300,92836200
4310,2016/01/05,988,98,293,207,364,554,87400,29100,58200,14500,8700,87433800
4311,2016/01/06,274,100,568,220,1145,540,82500,13700,48100,6800,8200,86612600
4312,2016/01/07,603,75,419,191,902,403,103100,17100,60100,8500,10300,85222400
4313,2016/01/08,797,58,227,182,234,730,108300,36100,72200,18000,10800,88372600
4314,2016/01/11,787,118,432,209,501,502,84800,28200,56500,14100,8400,100906800
4315,2016/01/12,946,77,415,188,932,1252,81400,13500,47400,6700,8100,83052800
4316,2016/01/13,081,54,519,137,1103,375,108900,18100,63500,9000,10800,84698800
4317,2016/01/14,727,95,216,205,262,649,89900,29900,59900,14900,8900,82407800
4318,2016/01/15,992,57,322,147,423,419,108500,36100,72300,18000,10800,90387800
4319,2016/01/18,283,111,624,211,1282,480,89700,14900,52300,7400,8900,98330400
4320,2016/01/19,392,62,458,175,969,277,100000,16600,58300,8300,10000,77528600
4321,2016/01/20,814,116,547,243,1064,483,75400,12500,43900,6200,7500,81475000
4322,2016/01/21,725,196,718,454,1175,729,49500,8200,28800,4100,4900,82682600
4323,2016/01/22,751,60,655,166,1232,698,88100,14600,51300,7300,8800,85931000
4324,2016/01/25,211,88,446,191,531,621,84200,28000,56100,14000,8400,96377400
4325,2016/01/26,564,39,387,109,718,342,136500,22700,79600,11300,13600,79242200
4326,2016/01/27,504,78,408,175,802,377,109400,18200,63800,9100,10900,85743200
4327,2016/01/28,234,74,502,212,1003,429,92000,15300,53600,7600,9200,83398000
4328,2016/01/29,694,36,377,141,781,340,134700,22400,78500,11200,13400,83900200
4329,2016/02/01,366,99,309,165,314,664,110600,36800,73700,18400,11000,105923600
4330,2016/02/02,602,71,355,155,650,400,111500,18500,65000,9200,11100,77996400
4331,2016/02/03,712,113,663,274,1471,582,68100,11300,39700,5600,6800,85493200
4332,2016/02/04,182,83,645,162,1455,443,83400,13900,48600,6900,8300,83566400
4333,2016/02/05,418,100,457,312,941,605,80900,13400,47100,6700,8000,89469800
4334,2016/02/08,305,126,681,299,1110,467,83300,13800,48500,6900,8300,102429200
4335,2016/02/09,344,67,203,118,273,634,109400,36400,72900,18200,10900,78383000
4336,2016/02/10,307,86,400,202,833,366,99700,16600,58100,8300,9900,83471800
4337,2016/02/11,136,88,515,196,1104,562,79400,13200,46300,6600,7900,77077800
4338,2016/02/12,147,152,739,344,1491,460,60500,10000,35200,5000,6000,86909400
4339,2016/02/15,886,115,273,182,368,633,105300,35100,70200,17500,10500,105797800
4340,2016/02/16,721,141,595,281,1194,428,68900,11400,40100,5700,6800,83727200
4341,2016/02/17,092,74,478,157,1033,495,102800,17100,59900,8500,10200,87065800
4342,2016/02/18,934,64,437,158,998,398,111200,18500,64800,9200,11100,86987000
4343,2016/02/19,055,62,288,120,401,822,105800,35200,70500,17600,10500,91052000
4344,2016/02/22,456,150,624,306,861,640,81100,13500,47300,6700,8100,102428400
4345,2016/02/23,908,92,536,332,1158,450,71000,11800,41400,5900,7100,81541000
4346,2016/02/24,837,82,532,190,1239,475,87900,14600,51200,7300,8700,84463400
4347,2016/02/25,878,78,316,178,378,615,89700,29900,59800,14900,8900,85087800
4348,2016/02/26,250,50,381,122,783,424,138500,23000,80700,11500,13800,89971000
4349,2016/02/29,311,169,459,314,549,686,66800,22200,44500,11100,6600,102766800
4350,2016/03/01,099,36,205,109,296,609,128100,42700,85400,21300,12800,81775800
4351,2016/03/02,927,88,492,291,1070,483,79800,13300,46500,6600,7900,84645800
4352,2016/03/03,002,143,215,133,285,388,96500,32100,64300,16000,9600,83567600
4353,2016/03/04,201,105,695,231,1244,537,75400,12500,43900,6200,7500,85995000
4354,2016/03/07,405,120,436,230,774,371,103800,17300,60500,8600,10300,98918000
4355,2016/03/08,500,100,275,146,270,1105,81000,27000,54000,13500,8100,80073800
4356,2016/03/09,334,82,228,167,264,385,97600,32500,65000,16200,9700,76334800
4357,2016/03/10,244,93,307,161,390,781,82800,27600,55200,13800,8200,82061600
4358,2016/03/11,200,128,186,161,189,724,95600,31800,63700,15900,9500,85323400
4359,2016/03/14,426,135,790,298,1216,462,72400,12000,42200,6000,7200,94716000
4360,2016/03/15,986,68,376,123,821,419,114700,19100,66900,9500,11400,79773000
4361,2016/03/16,937,54,399,129,853,370,121500,20200,70800,10100,12100,82061600
4362,2016/03/17,146,73,459,128,935,416,104500,17400,60900,8700,10400,79875800
4363,2016/03/18,213,93,592,222,1083,521,81500,13500,47500,6700,8100,84016200
4364,2016/03/21,257,107,699,235,1153,416,80100,13300,46700,6600,8000,88747400
4365,2016/03/22,187,49,475,114,964,433,107700,17900,62800,8900,10700,76194400
4366,2016/03/23,355,94,276,176,223,468,93600,31200,62400,15600,9300,80569000
4367,2016/03/24,207,108,400,252,790,391,81500,13500,47500,6700,8100,77300400
4368,2016/03/25,913,80,511,232,1126,306,88200,14700,51400,7300,8800,83313000
4369,2016/03/28,457,76,475,250,821,531,103300,17200,60200,8600,10300,97007400
4370,2016/03/29,446,92,264,145,213,504,96400,32100,64200,16000,9600,77724200
4371,2016/03/30,622,112,301,193,389,660,78600,26200,52400,13100,7800,82507600
4372,2016/03/31,654,53,542,107,1006,465,108500,18000,63200,9000,10800,81051600
4373,2016/04/01,375,134,745,329,1311,500,61600,10200,35900,5100,6100,83419200
4374,2016/04/04,304,123,538,235,920,460,92300,15300,53800,7600,9200,96961600
4375,2016/04/05,602,61,301,132,598,347,129800,21600,75700,10800,12900,78695600
4376,2016/04/06,878,79,223,120,270,439,114000,38000,76000,19000,11400,81633200
4377,2016/04/07,065,44,313,87,711,490,127500,21200,74300,10600,12700,72343000
4378,2016/04/08,863,43,570,181,1137,409,98000,16300,57100,8100,9800,82664800
4379,2016/04/11,900,92,316,179,320,869,94100,31300,62700,15600,9400,95640800
4380,2016/04/12,813,83,549,254,1256,400,73000,12100,42500,6000,7300,75830800
4381,2016/04/13,763,57,426,134,760,239,117500,19500,68500,9700,11700,76656800
4382,2016/04/14,661,79,278,136,388,302,97300,32400,64800,16200,9700,77286400
4383,2016/04/15,836,67,591,192,1106,683,91200,15200,53200,7600,9100,88775800
4384,2016/04/18,180,77,688,206,1302,396,97400,16200,56800,8100,9700,99561000
4385,2016/04/19,230,63,504,136,973,345,104400,17400,60900,8700,10400,79373400
4386,2016/04/20,660,158,385,202,390,566,69200,23000,46100,11500,6900,83499000
4387,2016/04/21,603,110,676,289,1332,446,63600,10600,37100,5300,6300,77366000
4388,2016/04/22,099,67,238,130,307,814,105600,35200,70400,17600,10500,85811400
4389,2016/04/25,188,118,353,218,463,719,84500,28100,56300,14000,8400,99619800
4390,2016/04/26,263,74,564,155,1189,441,91800,15300,53500,7600,9100,81929000
4391,2016/04/27,962,49,484,144,1066,360,112600,18700,65600,9300,11200,84733200
4392,2016/04/28,183,105,665,226,1395,364,73900,12300,43100,6100,7300,82239800
4393,2016/04/29,183,72,554,204,1297,270,86400,14400,50400,7200,8600,80378600
4394,2016/05/02,701,73,579,232,938,457,108600,18100,63300,9000,10800,103522000
4395,2016/05/03,732,75,539,141,1270,425,84600,14100,49300,7000,8400,74370800
4396,2016/05/04,942,57,510,101,1116,438,103400,17200,60300,8600,10300,77609400
4397,2016/05/05,987,46,452,151,939,415,105700,17600,61600,8800,10500,77373200
4398,2016/05/06,528,158,621,351,1124,590,59500,9900,34700,4900,5900,81865800
4399,2016/05/09,468,189,618,328,907,522,70900,11800,41300,5900,7000,96418000
4400,2016/05/10,933,36,227,115,278,888,107500,35800,71600,17900,10700,77330000
4401,2016/05/11,511,324,449,532,431,698,37200,12400,24800,6200,3700,80189600
4402,2016/05/12,497,88,379,157,874,326,100300,16700,58500,8300,10000,77651200
4403,2016/05/13,339,72,227,169,271,656,98400,32800,65600,16400,9800,81147400
4404,2016/05/16,975,98,526,187,870,528,99700,16600,58100,8300,9900,93100000
4405,2016/05/17,750,80,379,169,826,365,96300,16000,56100,8000,9600,74286400
4406,2016/05/18,590,60,593,218,1214,433,82200,13700,47900,6800,8200,78726600
4407,2016/05/19,237,67,438,155,988,384,98900,16400,57600,8200,9800,77208800
4408,2016/05/20,402,81,478,233,993,524,85600,14200,49900,7100,8500,82204000
4409,2016/05/23,985,159,416,173,996,468,90800,15100,52900,7500,9000,92659200
4410,2016/05/24,664,43,204,133,249,440,115800,38600,77200,19300,11500,73396400
4411,2016/05/25,070,154,246,142,280,316,85600,28500,57000,14200,8500,77855400
4412,2016/05/26,642,65,542,148,1121,332,92800,15400,54100,7700,9200,76014200
4413,2016/05/27,271,56,617,191,1399,320,84400,14000,49200,7000,8400,78644800
4414,2016/05/30,921,126,600,227,1159,468,82000,13600,47800,6800,8200,91462800
4415,2016/05/31,397,100,419,169,866,326,90500,15000,52700,7500,9000,75129800
4416,2016/06/01,658,63,504,217,1055,499,87900,14600,51200,7300,8700,80394400
4417,2016/06/02,256,123,398,174,838,409,85600,14200,49900,7100,8500,76460800
4418,2016/06/03,093,54,389,127,839,399,120400,20000,70200,10000,12000,81031800
4419,2016/06/06,617,129,486,282,807,749,81200,13500,47300,6700,8100,93264000
4420,2016/06/07,034,38,278,109,585,467,132100,22000,77000,11000,13200,71483400
4421,2016/06/08,262,81,242,129,349,394,98200,32700,65400,16300,9800,75380200
4422,2016/06/09,355,59,219,103,255,571,108900,36300,72600,18100,10800,72712800
4423,2016/06/10,809,110,500,380,1178,638,61100,10100,35600,5000,6100,78459200
4424,2016/06/13,244,67,245,129,284,675,112300,37400,74800,18700,11200,87236600
4425,2016/06/14,543,61,489,137,1042,344,94600,15700,55100,7800,9400,72291200
4426,2016/06/15,742,80,636,173,1394,590,80800,13400,47100,6700,8000,83019600
4427,2016/06/16,370,57,431,149,986,340,107600,17900,62700,8900,10700,79430200
4428,2016/06/17,063,84,510,138,1102,614,95900,15900,55900,7900,9500,85872000
4429,2016/06/20,724,120,709,291,1264,617,75800,12600,44200,6300,7500,96927800
4430,2016/06/21,615,119,472,278,818,508,72100,12000,42000,6000,7200,76772000
4431,2016/06/22,125,107,471,285,914,434,74800,12400,43600,6200,7400,78421200
4432,2016/06/23,693,55,595,193,1408,304,84400,14000,49200,7000,8400,77822400
4433,2016/06/24,088,69,335,154,441,734,86600,28800,57700,14400,8600,82840400
4434,2016/06/27,440,151,396,280,444,427,74500,24800,49600,12400,7400,97121000
4435,2016/06/28,546,59,532,207,978,425,87000,14500,50700,7200,8700,75908800
4436,2016/06/29,748,97,462,271,915,535,78500,13000,45700,6500,7800,80577200
4437,2016/06/30,602,65,360,163,739,395,113500,18900,66200,9400,11300,81016600
4438,2016/07/01,958,57,460,141,1042,416,108400,18000,63200,9000,10800,82991200
4439,2016/07/04,728,162,684,428,1145,544,62800,10400,36600,5200,6200,94273000
4440,2016/07/05,514,122,425,245,875,409,76800,12800,44800,6400,7600,76822000
4441,2016/07/06,510,99,420,225,905,386,87400,14500,50900,7200,8700,80548400
4442,2016/07/07,003,44,208,110,278,365,131900,43900,87900,21900,13100,79025400
4443,2016/07/08,443,66,244,175,287,333,105600,35200,70400,17600,10500,81050600
4444,2016/07/11,826,132,638,291,1116,522,77600,12900,45200,6400,7700,95455600
4445,2016/07/12,716,117,423,255,787,449,75000,12500,43700,6200,7500,74501000
4446,2016/07/13,291,88,451,202,1028,412,83300,13800,48500,6900,8300,75511200
4447,2016/07/14,001,40,183,95,287,338,136600,45500,91000,22700,13600,74677800
4448,2016/07/15,292,49,270,137,377,431,106900,35600,71200,17800,10600,79936400
4449,2016/07/18,914,106,487,243,823,387,88800,14800,51800,7400,8800,86106000
4450,2016/07/19,804,97,343,230,637,448,82500,13700,48100,6800,8200,70886200
4451,2016/07/20,451,45,402,173,866,429,105100,17500,61300,8700,10500,76619000
4452,2016/07/21,095,68,445,152,1013,401,95900,15900,55900,7900,9500,75735000
4453,2016/07/22,141,86,298,147,446,419,89100,29700,59400,14800,8900,79117000
4454,2016/07/25,097,54,441,135,906,386,131100,21800,76400,10900,13100,93388200
4455,2016/07/26,356,81,375,184,738,339,95800,15900,55800,7900,9500,73719200
4456,2016/07/27,052,53,342,131,735,650,113200,18800,66000,9400,11300,78700800
4457,2016/07/28,047,50,396,136,852,407,111100,18500,64800,9200,11100,75866800
4458,2016/07/29,532,71,478,140,1097,455,99200,16500,57800,8200,9900,81415600
4459,2016/08/01,806,76,493,210,777,440,105000,17500,61200,8700,10500,90934200
4460,2016/08/02,206,57,401,187,769,305,101400,16900,59100,8400,10100,73846400
4461,2016/08/03,308,103,661,311,1414,392,62900,10400,36600,5200,6200,77111400
4462,2016/08/04,867,42,300,148,623,376,127100,21100,74100,10500,12700,75692800
4463,2016/08/05,623,108,571,298,1026,527,68700,11400,40000,5700,6800,78670800
4464,2016/08/08,682,58,663,136,1416,400,98100,16300,57200,8100,9800,88542800
4465,2016/08/09,058,45,382,127,770,339,113900,18900,66400,9400,11300,71126600
4466,2016/08/10,472,69,524,182,1132,447,86300,14300,50300,7100,8600,77056600
4467,2016/08/11,067,50,353,148,714,313,110300,18300,64300,9100,11000,70113800
4468,2016/08/12,377,73,221,148,327,940,88200,29400,58800,14700,8800,77251800
4469,2016/08/15,367,89,603,268,966,390,88700,14700,51700,7300,8800,91752800
4470,2016/08/16,773,178,238,215,302,431,70700,23500,47100,11700,7000,77713600
4471,2016/08/17,001,39,167,84,277,306,155800,51900,103800,25900,15500,78756000
4472,2016/08/18,142,59,500,124,1039,422,100800,16800,58800,8400,10000,76952400
4473,2016/08/19,768,44,353,146,642,407,131100,21800,76400,10900,13100,82273000
4474,2016/08/22,621,121,669,284,1241,441,72900,12100,42500,6000,7200,88475800
4475,2016/08/23,695,84,416,164,818,349,96100,16000,56000,8000,9600,75191800
4476,2016/08/24,431,56,415,116,1026,554,103800,17300,60500,8600,10300,76992000
4477,2016/08/25,111,459,0,0,0,656,68000,0,0,0,6800,79375800
4478,2016/08/26,100,189,380,285,534,972,51500,17100,34300,8500,5100,79294400
4479,2016/08/29,595,59,209,117,298,330,142900,47600,95200,23800,14200,91900000
4480,2016/08/30,988,59,182,113,275,493,112800,37600,75200,18800,11200,72748200
4481,2016/08/31,103,80,506,275,976,387,81900,13600,47700,6800,8100,80995800
4482,2016/09/01,054,56,381,124,782,524,113000,18800,65900,9400,11300,77709000
4483,2016/09/02,284,54,521,153,1057,425,101500,16900,59200,8400,10100,81357000
4484,2016/09/05,337,197,322,215,325,488,76800,25600,51200,12800,7600,94065000
4485,2016/09/06,509,71,417,222,925,546,82700,13700,48200,6800,8200,73823800
4486,2016/09/07,701,71,462,182,908,406,92000,15300,53600,7600,9200,75778400
4487,2016/09/08,346,49,377,162,885,442,101500,16900,59200,8400,10100,73177200
4488,2016/09/09,879,66,516,190,928,648,88400,14700,51500,7300,8800,79557200
4489,2016/09/12,450,71,469,178,829,398,113100,18800,65900,9400,11300,91026400
4490,2016/09/13,437,41,435,146,956,287,104400,17400,60900,8700,10400,71276400
4491,2016/09/14,927,89,469,262,973,486,76000,12600,44300,6300,7600,75979200
4492,2016/09/15,053,56,386,121,941,685,101200,16800,59000,8400,10100,76002000
4493,2016/09/16,804,54,409,176,688,402,110600,18400,64500,9200,11000,79250200
4494,2016/09/19,470,65,504,156,981,355,104500,17400,60900,8700,10400,82998200
4495,2016/09/20,401,76,353,173,845,354,86600,14400,50500,7200,8600,65766800
4496,2016/09/21,211,74,264,144,400,598,90600,30200,60400,15100,9000,77441800
4497,2016/09/22,373,73,197,148,245,241,101800,33900,67800,16900,10100,68419000
4498,2016/09/23,947,55,380,133,760,487,117000,19500,68200,9700,11700,80087800
4499,2016/09/26,545,68,251,127,228,539,126700,42200,84400,21100,12600,92432600
4500,2016/09/27,237,70,516,195,1155,399,82400,13700,48000,6800,8200,74389800
4501,2016/09/28,139,73,492,158,1004,500,90300,15000,52600,7500,9000,76462400
4502,2016/09/29,161,63,267,146,394,381,96300,32100,64200,16000,9600,75626400
4503,2016/09/30,719,84,509,282,885,545,79300,13200,46200,6600,7900,81426400
4504,2016/10/03,636,78,273,106,284,582,118900,39600,79200,19800,11800,91222600
4505,2016/10/04,167,64,458,190,834,429,92100,15300,53700,7600,9200,74487600
4506,2016/10/05,861,57,501,152,1296,273,95700,15900,55800,7900,9500,77517800
4507,2016/10/06,787,84,289,180,330,501,85600,28500,57000,14200,8500,77195000
4508,2016/10/07,316,123,596,293,1124,443,68800,11400,40100,5700,6800,81265600
4509,2016/10/10,657,66,520,135,908,464,108700,18100,63400,9000,10800,85388400
4510,2016/10/11,480,49,313,95,652,274,133100,22100,77600,11000,13300,70539200
4511,2016/10/12,829,83,468,224,1101,522,78000,13000,45500,6500,7800,75591000
4512,2016/10/13,662,39,171,89,224,437,140000,46600,93300,23300,14000,73547800
4513,2016/10/14,271,55,691,259,1421,444,79200,13200,46200,6600,7900,85232200
4514,2016/10/17,946,67,508,176,973,506,111900,18600,65200,9300,11100,96058400
4515,2016/10/18,410,71,534,208,1009,340,87000,14500,50700,7200,8700,77262600
4516,2016/10/19,774,66,215,124,259,525,112900,37600,75200,18800,11200,79306400
4517,2016/10/20,693,54,630,194,1338,511,80400,13400,46900,6700,8000,77690000
4518,2016/10/21,471,72,780,273,1583,283,70700,11700,41200,5800,7000,81963800
4519,2016/10/24,217,149,674,301,1295,623,69500,11500,40500,5700,6900,93809800
4520,2016/10/25,111,342,0,0,0,580,86300,0,0,0,8600,76744600
4521,2016/10/26,090,81,323,177,405,510,84000,28000,56000,14000,8400,79414000
4522,2016/10/27,640,53,471,174,843,302,105900,17600,61700,8800,10500,78485800
4523,2016/10/28,568,84,495,247,883,543,79900,13300,46600,6600,7900,77872400
4524,2016/10/31,485,83,554,165,1011,519,103300,17200,60200,8600,10300,93676200
4525,2016/11/01,643,63,435,149,918,408,101800,16900,59300,8400,10100,76913400
4526,2016/11/02,215,108,478,201,920,389,85700,14200,49900,7100,8500,80124800
4527,2016/11/03,306,120,425,302,836,419,68400,11400,39900,5700,6800,72796600
4528,2016/11/04,971,52,476,132,907,348,115700,19200,67400,9600,11500,82015400
4529,2016/11/07,721,174,1023,486,1713,525,52600,8700,30600,4300,5200,96266200
4530,2016/11/08,994,43,177,97,201,422,137500,45800,91600,22900,13700,74105800
4531,2016/11/09,687,36,397,131,743,398,119400,19900,69600,9900,11900,74431200
4532,2016/11/10,526,96,415,227,783,417,84000,14000,49000,7000,8400,75540000
4533,2016/11/11,623,82,568,267,987,416,77300,12800,45000,6400,7700,78464800
4534,2016/11/14,244,91,289,174,334,846,93100,31000,62000,15500,9300,91858400
4535,2016/11/15,697,44,357,137,711,378,119000,19800,69400,9900,11900,74212000
4536,2016/11/16,396,77,652,228,1326,490,72800,12100,42400,6000,7200,77414400
4537,2016/11/17,899,49,227,124,240,640,110000,36600,73300,18300,11000,76108400
4538,2016/11/18,281,72,513,150,1167,474,91900,15300,53600,7600,9100,79585000
4539,2016/11/21,722,110,361,237,401,780,76800,25600,51200,12800,7600,91093800
4540,2016/11/22,325,179,402,259,777,413,65600,10900,38200,5400,6500,73407000
4541,2016/11/23,850,51,309,137,791,420,108900,18100,63500,9000,10800,70268000
4542,2016/11/24,839,54,445,144,1160,484,87300,14500,50900,7200,8700,69327200
4543,2016/11/25,609,63,414,181,757,449,103300,17200,60200,8600,10300,79377400
4544,2016/11/28,090,120,420,195,434,532,80400,26800,53600,13400,8000,92146200
4545,2016/11/29,217,110,785,318,1667,427,55000,9100,32000,4500,5500,74377000
4546,2016/11/30,628,91,492,263,899,543,78200,13000,45600,6500,7800,79187400
4547,2016/12/01,939,130,230,163,239,587,84600,28200,56400,14100,8400,77866200
4548,2016/12/02,336,130,349,257,291,501,70400,23400,46900,11700,7000,80842400
4549,2016/12/05,043,63,491,95,850,587,131400,21900,76600,10900,13100,96301200
4550,2016/12/06,699,82,189,131,223,418,107600,35800,71700,17900,10700,74483800
4551,2016/12/07,367,100,453,197,725,479,89000,14800,51900,7400,8900,78903400
4552,2016/12/08,087,47,377,136,772,462,117200,19500,68300,9700,11700,78112400
4553,2016/12/09,721,287,1009,566,1978,452,37600,6200,21900,3100,3700,83260000
4554,2016/12/12,687,98,580,286,968,400,89000,14800,51900,7400,8900,95385600
4555,2016/12/13,231,58,589,103,1210,340,95200,15800,55500,7900,9500,74298800
4556,2016/12/14,915,103,420,190,824,363,90800,15100,52900,7500,9000,78504400
4557,2016/12/15,679,70,405,194,805,543,103400,17200,60300,8600,10300,85515400
4558,2016/12/16,073,59,473,117,1161,461,113800,18900,66300,9400,11300,88254400
4559,2016/12/19,137,111,887,302,1609,790,74800,12400,43600,6200,7400,107809000
4560,2016/12/20,513,109,627,283,1198,436,71900,11900,41900,5900,7100,83410000
4561,2016/12/21,651,83,582,222,1068,869,81500,13500,47500,6700,8100,87939600
4562,2016/12/22,291,41,520,190,1224,360,103000,17100,60000,8500,10300,86240600
4563,2016/12/23,153,65,574,127,1208,364,100300,16700,58500,8300,10000,82908200
4564,2016/12/26,934,83,572,238,1156,694,100200,16700,58400,8300,10000,107559400
4565,2016/12/27,837,50,381,120,935,497,122500,20400,71400,10200,12200,84739400
4566,2016/12/28,007,77,377,187,337,531,95000,31600,63300,15800,9500,92266400
4567,2016/12/29,415,125,460,275,877,424,82900,13800,48300,6900,8200,88068200
4568,2016/12/30,767,46,237,117,308,542,134200,44700,89400,22300,13400,92015000
4569,2017/01/04,450,47,544,147,843,335,119500,19900,69700,9900,11900,86885400
4570,2017/01/05,387,66,369,135,700,624,112900,18800,65800,9400,11200,82094600
4571,2017/01/06,714,126,678,344,1292,443,65600,10900,38200,5400,6500,86357600
4572,2017/01/09,076,78,577,176,1018,771,102500,17000,59700,8500,10200,100037800
4573,2017/01/10,339,79,270,179,259,495,99400,33100,66200,16500,9900,84192000
4574,2017/01/11,694,88,485,214,980,423,91400,15200,53300,7600,9100,84882800
4575,2017/01/12,575,96,217,161,249,478,101200,33700,67400,16800,10100,82145600
4576,2017/01/13,211,134,388,237,605,749,64900,21600,43200,10800,6400,86212000
4577,2017/01/16,085,61,442,83,805,431,147000,24500,85700,12200,14700,95856600
4578,2017/01/17,649,49,381,104,701,507,124800,20800,72800,10400,12400,78322400
4579,2017/01/18,745,50,597,185,1005,491,94500,15700,55100,7800,9400,81969800
4580,2017/01/19,697,104,411,270,867,537,79000,13100,46000,6500,7900,80101600
4581,2017/01/20,859,75,460,231,997,534,87900,14600,51200,7300,8700,82642600
4582,2017/01/23,857,71,611,165,1119,594,102100,17000,59500,8500,10200,95731800
4583,2017/01/24,387,76,381,162,784,696,92200,15300,53700,7600,9200,75654800
4584,2017/01/25,644,59,224,127,242,675,116700,38900,77800,19400,11600,84610000
4585,2017/01/26,852,51,608,141,1318,433,95200,15800,55500,7900,9500,82037200
4586,2017/01/27,132,46,599,121,1215,473,107000,17800,62400,8900,10700,86784800
4587,2017/01/30,440,144,291,140,329,379,105300,35100,70200,17500,10500,100003000
4588,2017/01/31,837,73,502,227,1020,634,83500,13900,48700,6900,8300,81198400
4589,2017/02/01,906,94,467,228,781,471,92200,15300,53700,7600,9200,85475800
4590,2017/02/02,292,67,244,171,337,433,100200,33400,66800,16700,10000,80562400
4591,2017/02/03,132,50,817,134,1487,379,91200,15200,53200,7600,9100,86428200
4592,2017/02/06,762,54,658,161,1159,575,107800,17900,62800,8900,10700,98618000
4593,2017/02/07,862,59,542,152,1189,278,98800,16400,57600,8200,9800,80186800
4594,2017/02/08,828,105,295,205,268,960,78900,26300,52600,13100,7800,84308600
4595,2017/02/09,070,54,177,89,248,387,136600,45500,91000,22700,13600,76628600
4596,2017/02/10,261,63,579,165,1187,407,94700,15700,55200,7800,9400,83215000
4597,2017/02/13,425,133,650,321,1140,558,75600,12600,44100,6300,7500,97375600
4598,2017/02/14,027,45,433,135,830,538,108800,18100,63400,9000,10800,77113600
4599,2017/02/15,089,42,584,218,1510,722,87000,14500,50700,7200,8700,89893400
4600,2017/02/16,464,46,174,108,256,425,149600,49800,99700,24900,14900,86845200
4601,2017/02/17,015,65,424,135,906,472,118500,19700,69100,9800,11800,88844600
4602,2017/02/20,890,89,584,253,1187,425,97200,16200,56700,8100,9700,102757200
4603,2017/02/21,866,45,237,83,266,852,119000,39600,79300,19800,11900,81722000
4604,2017/02/22,893,65,442,243,935,432,96100,16000,56000,8000,9600,85809000
4605,2017/02/23,840,37,395,110,832,342,136800,22800,79800,11400,13600,82288200
4606,2017/02/24,631,72,563,153,1236,486,100300,16700,58500,8300,10000,90678200
4607,2017/02/27,147,138,894,389,1659,773,64200,10700,37400,5300,6400,104145600
4608,2017/02/28,788,56,272,117,349,666,109000,36300,72600,18100,10900,84647000
4609,2017/03/01,157,75,572,243,1234,479,85500,14200,49800,7100,8500,88012400
4610,2017/03/02,449,56,168,142,217,350,133100,44300,88700,22100,13300,82216400
4611,2017/03/03,111,613,0,0,0,775,58200,0,0,0,5800,89419400
4612,2017/03/06,226,150,400,280,370,623,74800,24900,49800,12400,7400,98860200
4613,2017/03/07,868,61,198,135,280,525,112600,37500,75000,18700,11200,79138400
4614,2017/03/08,959,53,220,111,253,412,130900,43600,87200,21800,13000,82581000
4615,2017/03/09,960,65,420,137,787,400,114600,19100,66800,9500,11400,81677000
4616,2017/03/10,689,86,542,262,1043,507,82900,13800,48300,6900,8200,86061600
4617,2017/03/13,785,77,655,150,1284,419,104900,17400,61100,8700,10400,98561400
4618,2017/03/14,101,70,208,161,240,435,106000,35300,70600,17600,10600,77817800
4619,2017/03/15,789,97,538,286,902,368,77500,12900,45200,6400,7700,80212400
4620,2017/03/16,101,88,243,165,306,353,98700,32900,65800,16400,9800,80195000
4621,2017/03/17,692,65,443,143,972,577,105200,17500,61300,8700,10500,84418000
4622,2017/03/20,164,92,495,195,897,434,97400,16200,56800,8100,9700,88016600
4623,2017/03/21,064,25,281,86,623,282,161100,26800,93900,13400,16100,72401000
4624,2017/03/22,712,82,795,266,1840,427,63300,10500,36900,5200,6300,79641800
4625,2017/03/23,405,65,439,216,709,394,95000,15800,55400,7900,9500,76610400
4626,2017/03/24,719,78,401,237,764,415,95700,15900,55800,7900,9500,82584600
4627,2017/03/27,546,64,637,175,1017,556,102400,17000,59700,8500,10200,93955600
4628,2017/03/28,619,108,516,353,1130,365,66200,11000,38600,5500,6600,78158200
4629,2017/03/29,053,34,408,127,947,540,117900,19600,68700,9800,11700,80974000
4630,2017/03/30,638,142,525,275,1000,1649,56700,9400,33000,4700,5600,80496000
4631,2017/03/31,226,75,240,196,261,403,97100,32300,64700,16100,9700,79785000
4632,2017/04/03,066,104,381,144,455,828,87600,29200,58400,14600,8700,94569200
4633,2017/04/04,642,47,622,172,1263,391,85800,14300,50000,7100,8500,75402000
4634,2017/04/05,374,128,506,302,951,713,66000,11000,38500,5500,6600,79162400
4635,2017/04/06,984,34,354,82,825,377,137800,22900,80300,11400,13700,75742600
4636,2017/04/07,132,73,671,189,1237,445,80700,13400,47000,6700,8000,79393400
4637,2017/04/10,473,76,436,163,946,444,112300,18700,65500,9300,11200,91585400
4638,2017/04/11,081,43,415,134,962,333,104500,17400,60900,8700,10400,70581400
4639,2017/04/12,353,66,251,136,270,366,105100,35000,70000,17500,10500,75229400
4640,2017/04/13,067,45,348,117,689,531,118000,19600,68800,9800,11800,73902600
4641,2017/04/14,535,76,258,141,350,760,99900,33300,66600,16600,9900,86705400
4642,2017/04/17,439,111,576,276,996,616,84000,14000,49000,7000,8400,95786800
4643,2017/04/18,833,61,200,99,266,728,112900,37600,75200,18800,11200,77977200
4644,2017/04/19,091,60,493,134,999,449,101400,16900,59100,8400,10100,78534200
4645,2017/04/20,771,89,239,127,292,339,106500,35500,71000,17700,10600,79497600
4646,2017/04/21,254,83,472,167,906,492,98200,16300,57200,8100,9800,83787600
4647,2017/04/24,364,121,782,228,1506,713,73700,12200,42900,6100,7300,95298800
4648,2017/04/25,849,55,397,108,736,388,124800,20800,72800,10400,12400,78870000
4649,2017/04/26,796,56,357,107,776,413,123500,20500,72000,10200,12300,77958000
4650,2017/04/27,799,87,271,160,287,792,90000,30000,60000,15000,9000,82274000
4651,2017/04/28,508,97,495,233,838,679,85900,14300,50100,7100,8500,86520400
4652,2017/05/01,525,135,310,209,290,589,89500,29800,59600,14900,8900,96544800
4653,2017/05/02,939,39,149,76,184,435,168200,56000,112100,28000,16800,79827200
4654,2017/05/03,479,61,418,198,834,361,93700,15600,54600,7800,9300,73283400
4655,2017/05/04,904,67,356,177,812,343,98900,16400,57600,8200,9800,72876200
4656,2017/05/05,433,58,253,104,277,467,111600,37200,74400,18600,11100,75572000
4657,2017/05/08,459,80,597,247,1160,484,89000,14800,51900,7400,8900,92768200
4658,2017/05/09,768,53,487,188,901,497,91100,15100,53100,7500,9100,74659800
4659,2017/05/10,161,74,248,123,407,391,99300,33100,66200,16500,9900,76290400
4660,2017/05/11,895,62,403,163,797,411,103000,17100,60000,8500,10300,76002000
4661,2017/05/12,922,61,209,185,276,541,101100,33700,67400,16800,10100,79618000
4662,2017/05/15,682,77,631,151,1196,467,100100,16600,58300,8300,10000,92742200
4663,2017/05/16,017,88,406,163,825,745,85800,14300,50000,7100,8500,75137000
4664,2017/05/17,597,46,435,140,802,409,109200,18200,63700,9100,10900,74747200
4665,2017/05/18,423,99,506,306,895,477,69200,11500,40300,5700,6900,74452600
4666,2017/05/19,909,74,228,138,243,427,110800,36900,73800,18400,11000,80113000
4667,2017/05/22,052,50,472,113,970,405,126700,21100,73900,10500,12600,88989600
4668,2017/05/23,509,73,525,271,939,233,76900,12800,44800,6400,7600,71836600
4669,2017/05/24,307,57,328,166,775,316,106600,17700,62100,8800,10600,72201600
4670,2017/05/25,039,77,433,154,858,667,90600,15100,52800,7500,9000,75945800
4671,2017/05/26,041,59,469,116,998,583,105000,17500,61200,8700,10500,80855000
4672,2017/05/29,990,89,303,139,359,717,99400,33100,66200,16500,9900,91544600
4673,2017/05/30,537,65,498,176,936,489,86300,14300,50300,7100,8600,72440600
4674,2017/05/31,471,62,595,199,1280,298,81100,13500,47300,6700,8100,74641200
4675,2017/06/01,570,45,409,111,868,345,120200,20000,70100,10000,12000,76117800
4676,2017/06/02,622,89,358,213,438,467,75900,25300,50600,12600,7500,79368600
4677,2017/06/05,873,81,545,170,1173,385,98600,16400,57500,8200,9800,89267400
4678,2017/06/06,289,74,507,189,1021,448,81500,13500,47500,6700,8100,72210400
4679,2017/06/07,870,56,372,126,717,284,115100,19100,67100,9500,11500,71577200
4680,2017/06/08,037,74,366,139,847,460,97500,16200,56800,8100,9700,72108800
4681,2017/06/09,908,135,815,480,1382,542,48800,8100,28400,4000,4800,78158400
4682,2017/06/12,172,52,1060,222,2198,451,67700,11200,39400,5600,6700,88248000
4683,2017/06/13,577,53,199,85,238,570,118100,39300,78700,19600,11800,71619000
4684,2017/06/14,428,106,344,260,671,366,79400,13200,46300,6600,7900,71925600
4685,2017/06/15,501,76,450,180,880,393,98100,16300,57200,8100,9800,80376000
4686,2017/06/16,540,58,568,136,1071,382,103700,17200,60400,8600,10300,82860000
4687,2017/06/19,874,119,593,185,1051,519,91700,15200,53400,7600,9100,94854400
4688,2017/06/20,671,45,437,117,969,330,115700,19200,67400,9600,11500,77103400
4689,2017/06/21,311,73,227,175,342,627,85400,28400,56900,14200,8500,73083400
4690,2017/06/22,375,81,555,226,1007,496,79100,13100,46100,6500,7900,77182600
4691,2017/06/23,811,83,228,169,333,496,99400,33100,66200,16500,9900,83278600
4692,2017/06/26,242,55,297,104,407,453,125900,41900,83900,20900,12500,94193800
4693,2017/06/27,171,79,378,199,575,468,71800,23900,47800,11900,7100,76735000
4694,2017/06/28,796,88,346,157,732,590,97300,16200,56700,8100,9700,77303400
4695,2017/06/29,208,60,411,177,786,322,104200,17300,60700,8600,10400,76356000
4696,2017/06/30,161,73,280,133,472,403,98800,32900,65800,16400,9800,82160600
4697,2017/07/03,871,125,702,322,1379,714,67200,11200,39200,5600,6700,92064400
4698,2017/07/04,713,98,569,281,1136,401,66500,11000,38700,5500,6600,72654400
4699,2017/07/05,749,47,388,163,793,456,107900,17900,62900,8900,10700,76373800
4700,2017/07/06,817,92,562,234,1081,584,75100,12500,43800,6200,7500,78650200
4701,2017/07/07,346,61,414,183,880,471,104100,17300,60700,8600,10400,82680600
4702,2017/07/10,844,48,332,122,372,775,107800,35900,71800,17900,10700,90988400
4703,2017/07/11,010,183,304,242,373,429,60700,20200,40400,10100,6000,74294600
4704,2017/07/12,904,48,298,141,680,334,124500,20700,72600,10300,12400,74706800
4705,2017/07/13,159,85,455,150,916,542,87500,14500,51000,7200,8700,73674200
4706,2017/07/14,458,54,409,199,892,506,97400,16200,56800,8100,9700,78689600
4707,2017/07/17,401,100,510,218,884,432,85900,14300,50100,7100,8500,81956400
4708,2017/07/18,880,57,243,119,272,334,106100,35300,70700,17600,10600,69827200
4709,2017/07/19,332,51,225,104,270,456,113700,37900,75800,18900,11300,72289800
4710,2017/07/20,008,65,175,97,243,335,124200,41400,82800,20700,12400,72331600
4711,2017/07/21,109,123,600,276,980,462,66800,11100,38900,5500,6600,76057000
4712,2017/07/24,381,79,772,206,1626,389,76100,12600,44300,6300,7600,84995800
4713,2017/07/25,661,54,251,116,346,308,105600,35200,70400,17600,10500,71270600
4714,2017/07/26,898,64,208,116,223,954,94500,31500,63000,15700,9400,72097800
4715,2017/07/27,593,73,338,139,721,402,105700,17600,61600,8800,10500,73011200
4716,2017/07/28,679,52,383,175,697,406,109400,18200,63800,9100,10900,77030800
4717,2017/07/31,718,134,765,322,1402,689,62600,10400,36500,5200,6200,88388800
4718,2017/08/01,463,75,479,154,905,506,87000,14500,50700,7200,8700,71745200
4719,2017/08/02,722,101,269,199,375,580,75200,25000,50100,12500,7500,74235800
4720,2017/08/03,661,93,219,95,303,339,105400,35100,70200,17500,10500,73548000
4721,2017/08/04,082,28,388,110,864,293,134300,22300,78300,11100,13400,77039400
4722,2017/08/07,207,62,399,178,708,494,109300,18200,63700,9100,10900,82796800
4723,2017/08/08,594,56,427,233,971,377,82500,13700,48100,6800,8200,70009000
4724,2017/08/09,097,40,408,132,865,365,107600,17900,62700,8900,10700,70214600
4725,2017/08/10,229,67,256,152,277,560,92800,30900,61800,15400,9200,73419000
4726,2017/08/11,347,47,381,148,818,439,100700,16700,58700,8300,10000,69127400
4727,2017/08/14,693,71,636,214,1378,325,80800,13400,47100,6700,8000,80666600
4728,2017/08/15,201,65,385,118,722,430,110000,18300,64100,9100,11000,73677800
4729,2017/08/16,508,72,423,173,775,446,96700,16100,56400,8000,9600,75838800
4730,2017/08/17,711,98,341,177,499,711,72100,24000,48000,12000,7200,77561800
4731,2017/08/18,105,91,420,249,823,456,85500,14200,49800,7100,8500,79920600
4732,2017/08/21,933,53,291,119,323,571,120800,40200,80500,20100,12000,91347000
4733,2017/08/22,015,36,334,122,740,369,124300,20700,72500,10300,12400,72208400
4734,2017/08/23,409,68,369,212,673,498,91500,15200,53300,7600,9100,73085200
4735,2017/08/24,432,60,391,123,811,342,111500,18500,65000,9200,11100,74077200
4736,2017/08/25,253,72,492,155,980,607,95000,15800,55400,7900,9500,81699200
4737,2017/08/28,185,70,655,173,1311,551,95900,15900,55900,7900,9500,94802400
4738,2017/08/29,153,85,642,197,1318,302,75000,12500,43700,6200,7500,74578200
4739,2017/08/30,862,45,475,138,1098,323,105400,17500,61400,8700,10500,76954000
4740,2017/08/31,007,84,323,176,300,388,88700,29500,59100,14700,8800,78465400
4741,2017/09/01,906,106,445,232,822,563,83800,13900,48800,6900,8300,82052200
4742,2017/09/04,630,125,578,233,982,524,85400,14200,49800,7100,8500,93335000
4743,2017/09/05,058,68,401,134,827,369,105900,17600,61700,8800,10500,75062200
4744,2017/09/06,301,104,481,197,889,679,76700,12700,44700,6300,7600,75205800
4745,2017/09/07,297,52,585,176,1222,483,83900,13900,48900,6900,8300,75042000
4746,2017/09/08,707,83,255,166,281,502,96900,32300,64600,16100,9600,80965400
4747,2017/09/11,199,126,413,204,489,738,74700,24900,49800,12400,7400,92184800
4748,2017/09/12,147,73,570,227,1106,338,74900,12400,43600,6200,7400,70984200
4749,2017/09/13,302,82,449,230,911,472,81700,13600,47600,6800,8100,75207400
4750,2017/09/14,648,60,410,147,870,479,99000,16500,57700,8200,9900,73622200
4751,2017/09/15,132,102,657,300,1222,413,67000,11100,39000,5500,6700,78878000
4752,2017/09/18,372,71,582,159,1166,606,87600,14600,51100,7300,8700,81519800
4753,2017/09/19,005,74,195,96,230,427,113400,37800,75600,18900,11300,71615000
4754,2017/09/20,684,53,324,90,739,335,127800,21300,74500,10600,12700,72311000
4755,2017/09/21,276,55,357,113,760,303,119800,19900,69800,9900,11900,72966200
4756,2017/09/22,222,536,0,0,0,731,55700,0,0,0,5500,75440200
4757,2017/09/25,313,153,313,244,378,572,75400,25100,50200,12500,7500,90514000
4758,2017/09/26,214,83,471,216,883,505,79900,13300,46600,6600,7900,73106600
4759,2017/09/27,228,103,238,203,233,441,83100,27700,55400,13800,8300,74023400
4760,2017/09/28,347,77,403,190,898,353,88900,14800,51800,7400,8800,72148600
4761,2017/09/29,573,103,598,154,1083,425,86500,14400,50400,7200,8600,81805000
4762,2017/10/02,321,126,1053,293,1602,561,61100,10100,35600,5000,6100,89893400
4763,2017/10/03,679,59,360,173,661,284,108800,18100,63400,9000,10800,73378200
4764,2017/10/04,925,163,405,289,817,358,67100,11100,39100,5500,6700,75109000
4765,2017/10/05,870,47,361,136,730,383,118700,19700,69200,9800,11800,75344200
4766,2017/10/06,656,45,197,103,265,515,123500,41100,82300,20500,12300,75509800
4767,2017/10/09,187,82,528,193,1038,588,84400,14000,49200,7000,8400,80262200
4768,2017/10/10,925,74,323,191,612,298,97600,16200,56900,8100,9700,69465600
4769,2017/10/11,085,48,417,88,876,284,121100,20100,70600,10000,12100,72728600
4770,2017/10/12,933,59,266,109,279,596,100100,33300,66700,16600,10000,72666800
4771,2017/10/13,394,66,455,152,954,444,105100,17500,61300,8700,10500,82782200
4772,2017/10/16,236,123,663,295,1445,679,68400,11400,39900,5700,6800,90303000
4773,2017/10/17,219,79,484,216,1133,420,80700,13400,47000,6700,8000,75737600
4774,2017/10/18,021,35,441,92,910,411,122400,20400,71400,10200,12200,75940000
4775,2017/10/19,227,116,324,243,317,494,66700,22200,44400,11100,6600,72472400
4776,2017/10/20,420,107,490,267,933,613,73600,12200,42900,6100,7300,79101000
4777,2017/10/23,071,72,567,129,1096,531,100300,16700,58500,8300,10000,86146200
4778,2017/10/24,252,71,244,163,372,338,91700,30500,61100,15200,9100,72760200
4779,2017/10/25,921,92,477,222,915,409,80200,13300,46700,6600,8000,74552200
4780,2017/10/26,072,93,531,247,1061,463,75400,12500,43900,6200,7500,77152200
4781,2017/10/27,830,89,440,201,945,277,94800,15800,55300,7900,9400,81385200
4782,2017/10/30,205,95,487,176,871,394,103600,17200,60400,8600,10300,90042600
4783,2017/10/31,023,68,566,195,1084,492,82300,13700,48000,6800,8200,76094000
4784,2017/11/01,046,54,313,141,629,473,122300,20300,71300,10100,12200,78358600
4785,2017/11/02,501,82,590,230,1023,573,77700,12900,45300,6400,7700,78938000
4786,2017/11/03,221,113,310,233,374,553,69700,23200,46400,11600,6900,75870000
4787,2017/11/06,996,72,231,123,252,451,130500,43500,87000,21700,13000,92288200
4788,2017/11/07,496,40,393,142,868,281,114800,19100,66900,9500,11400,73692200
4789,2017/11/08,714,96,563,320,1074,326,66100,11000,38500,5500,6600,73316000
4790,2017/11/09,836,40,477,155,1014,397,99400,16500,57900,8200,9900,73839000
4791,2017/11/10,621,107,582,242,1168,708,68700,11400,40000,5700,6800,78429200
4792,2017/11/13,732,75,805,242,1558,596,75100,12500,43800,6200,7500,90102400
4793,2017/11/14,523,105,410,241,842,477,73400,12200,42800,6100,7300,70459400
4794,2017/11/15,385,139,747,373,1523,435,52800,8800,30800,4400,5200,76471800
4795,2017/11/16,754,47,391,95,740,377,123600,20600,72100,10300,12300,73348800
4796,2017/11/17,434,46,222,92,259,660,121600,40500,81000,20200,12100,78523400
4797,2017/11/20,891,89,639,220,1427,303,82800,13800,48300,6900,8200,87145400
4798,2017/11/21,176,66,397,135,883,282,101800,16900,59300,8400,10100,70769600
4799,2017/11/22,609,74,483,226,873,408,81000,13500,47200,6700,8100,72039400
4800,2017/11/23,794,66,375,159,772,292,95300,15800,55500,7900,9500,66720000
4801,2017/11/24,177,124,219,136,307,624,88000,29300,58600,14600,8800,78499800
4802,2017/11/27,173,75,679,177,1374,398,90000,15000,52500,7500,9000,89215000
4803,2017/11/28,261,72,500,116,1037,582,89000,14800,51900,7400,8900,72745800
4804,2017/11/29,782,61,536,193,1148,371,83000,13800,48400,6900,8300,73015600
4805,2017/11/30,820,73,423,222,800,333,90900,15100,53000,7500,9000,75366400
4806,2017/12/01,242,45,254,97,374,361,122900,40900,81900,20400,12200,79973200
4807,2017/12/04,945,70,653,205,1085,422,93900,15600,54700,7800,9300,89987800
4808,2017/12/05,233,42,198,81,253,562,125200,41700,83400,20800,12500,72460000
4809,2017/12/06,218,89,524,254,1101,581,69700,11600,40600,5800,6900,73567000
4810,2017/12/07,618,120,491,296,911,406,67800,11300,39500,5600,6700,74008000
4811,2017/12/08,937,34,354,120,1071,495,116300,19300,67800,9600,11600,78041400
4812,2017/12/11,278,95,629,232,1250,751,79800,13300,46500,6600,7900,91228200
4813,2017/12/12,276,47,434,180,948,326,97900,16300,57100,8100,9700,73153000
4814,2017/12/13,043,53,357,111,744,375,122700,20400,71500,10200,12200,75513200
4815,2017/12/14,078,50,325,122,733,461,118700,19700,69200,9800,11800,74550000
4816,2017/12/15,542,41,487,116,1111,355,123800,20600,72200,10300,12300,87465000
4817,2017/12/18,325,186,792,309,1192,656,67600,11200,39400,5600,6700,99755400
4818,2017/12/19,162,41,605,128,1390,392,95800,15900,55800,7900,9500,79121200
4819,2017/12/20,351,96,751,233,1506,560,68200,11300,39700,5600,6800,81726800
4820,2017/12/21,663,48,228,112,255,456,127900,42600,85200,21300,12700,81523600
4821,2017/12/22,288,43,201,99,295,584,134600,44800,89700,22400,13400,84826200
4822,2017/12/25,720,94,530,231,1047,416,102000,17000,59500,8500,10200,101118400
4823,2017/12/26,809,116,818,453,1533,544,52800,8800,30800,4400,5200,82133800
4824,2017/12/27,372,77,640,185,1428,461,81300,13500,47400,6700,8100,82520200
4825,2017/12/28,591,63,398,149,952,427,112500,18700,65600,9300,11200,84635600
4826,2017/12/29,842,73,655,158,1350,522,95700,15900,55800,7900,9500,93400600
4827,2018/01/04,858,62,262,144,237,574,119400,39800,79600,19900,11900,90879000
4828,2018/01/05,384,79,450,208,822,442,96500,16000,56200,8000,9600,83224600
4829,2018/01/08,976,81,598,149,1095,509,111400,18500,64900,9200,11100,101503000
4830,2018/01/09,930,90,475,180,890,356,95300,15800,55500,7900,9500,81348400
4831,2018/01/10,634,125,517,304,985,475,73200,12200,42700,6100,7300,84334600
4832,2018/01/11,223,133,341,285,340,597,67900,22600,45200,11300,6700,83548800
4833,2018/01/12,413,108,517,254,1099,483,78400,13000,45700,6500,7800,84027400
4834,2018/01/15,881,70,242,140,382,508,127600,42500,85000,21200,12700,101700200
4835,2018/01/16,368,85,615,260,1067,651,73200,12200,42700,6100,7300,80281800
4836,2018/01/17,873,70,509,248,1079,441,80700,13400,47000,6700,8000,77753400
4837,2018/01/18,916,110,527,331,1037,497,69100,11500,40300,5700,6900,81009400
4838,2018/01/19,955,49,251,144,296,1064,99200,33000,66100,16500,9900,84766600
4839,2018/01/22,122,320,563,599,497,742,39500,13100,26300,6500,3900,93623400
4840,2018/01/23,327,105,691,310,1329,543,56900,9400,33100,4700,5600,71604600
4841,2018/01/24,092,78,430,177,823,402,91600,15200,53400,7600,9100,73664000
4842,2018/01/25,282,47,248,107,367,279,117600,39200,78400,19600,11700,75806000
4843,2018/01/26,956,54,358,136,807,377,122200,20300,71200,10100,12200,80961800
4844,2018/01/29,415,121,670,347,1055,536,74500,12400,43400,6200,7400,95554600
4845,2018/01/30,432,62,596,166,1150,626,81400,13500,47400,6700,8100,75446600
4846,2018/01/31,437,39,459,151,1014,518,105800,17600,61700,8800,10500,79959200
4847,2018/02/01,546,53,461,201,850,491,96900,16100,56500,8000,9600,79035000
4848,2018/02/02,291,62,637,217,1238,347,85300,14200,49700,7100,8500,82087400
4849,2018/02/05,461,102,649,183,1113,518,94400,15700,55000,7800,9400,96903000
4850,2018/02/06,139,72,497,150,1094,539,87700,14600,51100,7300,8700,75530600
4851,2018/02/07,138,85,674,273,1532,541,64300,10700,37500,5300,6400,76976800
4852,2018/02/08,448,71,251,153,248,424,102400,34100,68200,17000,10200,77469200
4853,2018/02/09,936,68,644,227,1502,506,77100,12800,44900,6400,7700,82940200
4854,2018/02/12,221,123,642,249,940,668,53200,17700,35400,8800,5300,85905000
4855,2018/02/13,876,38,340,96,612,269,141900,23600,82700,11800,14100,72122600
4856,2018/02/14,347,89,446,220,846,538,81300,13500,47400,6700,8100,75195800
4857,2018/02/15,631,80,662,180,1418,498,83100,13800,48400,6900,8300,85559600
4858,2018/02/16,725,176,684,398,1212,593,57800,9600,33700,4800,5700,87756800
4859,2018/02/19,949,64,204,114,240,477,150900,50300,100600,25100,15000,99202600
4860,2018/02/20,271,118,957,382,2102,412,49500,8200,28800,4100,4900,78953000
4861,2018/02/21,545,53,161,89,179,411,151500,50500,101000,25200,15100,79776400
4862,2018/02/22,320,90,451,254,871,320,85300,14200,49700,7100,8500,79222200
4863,2018/02/23,060,94,264,135,267,479,105300,35100,70200,17500,10500,85273000
4864,2018/02/26,060,77,258,133,310,273,133600,44500,89000,22200,13300,98178000
4865,2018/02/27,350,45,428,126,880,443,115500,19200,67300,9600,11500,78920400
4866,2018/02/28,839,61,547,218,1162,466,86400,14400,50400,7200,8600,81260600
4867,2018/03/01,382,77,626,202,1334,418,78100,13000,45500,6500,7800,78541600
4868,2018/03/02,776,56,173,93,223,444,147500,49100,98300,24500,14700,84361800
4869,2018/03/05,411,111,325,212,498,862,80500,26800,53600,13400,8000,94829600
4870,2018/03/06,586,53,438,162,885,448,101900,16900,59400,8400,10100,76832000
4871,2018/03/07,045,79,456,172,910,393,94000,15600,54800,7800,9400,77445000
4872,2018/03/08,123,137,761,388,1418,524,49200,8200,28700,4100,4900,72270800
4873,2018/03/09,720,48,391,146,747,323,122200,20300,71200,10100,12200,79593400
4874,2018/03/12,497,67,586,194,986,576,103100,17100,60100,8500,10300,95765200
4875,2018/03/13,243,47,532,140,1088,363,99400,16500,57900,8200,9900,76112000
4876,2018/03/14,363,52,305,148,362,408,98200,32700,65400,16300,9800,77186800
4877,2018/03/15,236,89,689,329,1359,829,59000,9800,34400,4900,5900,77645200
4878,2018/03/16,399,49,189,126,233,570,123600,41200,82400,20600,12300,80204000
4879,2018/03/19,217,150,1109,408,1900,515,59600,9900,34700,4900,5900,103783600
4880,2018/03/20,118,113,269,235,274,468,79300,26400,52800,13200,7900,79684600
4881,2018/03/21,486,41,477,132,809,308,109000,18100,63500,9000,10900,71683800
4882,2018/03/22,029,52,407,135,705,458,119100,19800,69400,9900,11900,80268800
4883,2018/03/23,900,123,358,235,407,1333,65400,21800,43600,10900,6500,87260800
4884,2018/03/26,484,78,308,112,304,408,131400,43800,87600,21900,13100,101273800
4885,2018/03/27,905,72,441,196,849,412,94700,15700,55200,7800,9400,78271200
4886,2018/03/28,800,58,247,117,268,572,112800,37600,75200,18800,11200,80294600
4887,2018/03/29,339,141,389,263,335,552,64200,21400,42800,10700,6400,79524800
4888,2018/03/30,950,51,538,149,1001,405,109400,18200,63800,9100,10900,85458200
4889,2018/04/02,684,99,665,159,1045,424,102200,17000,59600,8500,10200,98131200
4890,2018/04/03,507,76,411,187,660,377,99600,16600,58100,8300,9900,76658000
4891,2018/04/04,750,63,418,166,740,358,107500,17900,62700,8900,10700,78120800
4892,2018/04/05,352,42,644,128,1123,359,100400,16700,58500,8300,10000,78904800
4893,2018/04/06,516,96,462,261,867,400,82800,13800,48300,6900,8200,80500400
4894,2018/04/09,760,77,503,131,911,554,116200,19300,67700,9600,11600,95243200
4895,2018/04/10,016,54,586,167,1130,335,92800,15400,54100,7700,9200,77698000
4896,2018/04/11,759,36,368,147,709,384,124000,20600,72300,10300,12400,77342200
4897,2018/04/12,196,46,529,145,1111,392,100600,16700,58600,8300,10000,78414200
4898,2018/04/13,775,80,239,148,243,545,118100,39300,78700,19600,11800,92745400
4899,2018/04/16,118,129,379,265,348,571,86000,28600,57300,14300,8600,104656000
4900,2018/04/17,993,59,179,122,225,374,132300,44100,88200,22000,13200,80820800
4901,2018/04/18,984,46,424,112,915,440,122500,20400,71400,10200,12200,82330600
4902,2018/04/19,159,63,559,186,884,381,98600,16400,57500,8200,9800,82533000
4903,2018/04/20,955,51,322,135,323,547,111200,37000,74100,18500,11100,88242600
4904,2018/04/23,716,113,608,289,962,603,85500,14200,49800,7100,8500,99449200
4905,2018/04/24,936,64,615,171,1231,555,82700,13700,48200,6800,8200,78039600
4906,2018/04/25,081,105,515,158,1075,382,90800,15100,52900,7500,9000,82893800
4907,2018/04/26,355,87,293,158,271,459,99800,33200,66500,16600,9900,84538000
4908,2018/04/27,714,123,753,399,1305,462,63300,10500,36900,5200,6300,89529400
4909,2018/04/30,002,56,239,115,275,421,141900,47300,94600,23600,14100,94710600
4910,2018/05/01,440,91,330,184,334,492,84100,28000,56000,14000,8400,80118400
4911,2018/05/02,372,147,661,222,1412,457,66100,11000,38500,5500,6600,80900200
4912,2018/05/03,589,76,427,208,773,397,89200,14800,52000,7400,8900,73931200
4913,2018/05/04,119,107,312,287,336,422,68900,22900,45900,11400,6800,76714600
4914,2018/05/07,299,77,366,144,490,601,94100,31300,62700,15600,9400,91388400
4915,2018/05/08,909,86,289,163,307,456,86200,28700,57400,14300,8600,74325800
4916,2018/05/09,037,37,434,116,968,495,110300,18300,64300,9100,11000,75327600
4917,2018/05/10,402,72,440,231,775,279,94100,15600,54800,7800,9400,77976600
4918,2018/05/11,030,52,376,183,411,421,90600,30200,60400,15100,9000,82570200
4919,2018/05/14,604,98,422,165,690,488,114400,19000,66700,9500,11400,94322000
4920,2018/05/15,497,41,384,147,766,380,118600,19700,69100,9800,11800,77152600
4921,2018/05/16,909,91,316,137,344,486,90200,30000,60100,15000,9000,78918200
4922,2018/05/17,851,72,626,194,1328,468,77800,12900,45300,6400,7700,77283400
4923,2018/05/18,934,48,469,187,969,347,102600,17100,59800,8500,10200,79971000
4924,2018/05/21,109,130,689,320,1071,584,73600,12200,42900,6100,7300,94753600
4925,2018/05/22,531,109,663,246,1193,387,68100,11300,39700,5600,6800,75890600
4926,2018/05/23,393,73,371,142,393,374,84700,28200,56400,14100,8400,74286400
4927,2018/05/24,496,44,442,135,861,307,115200,19200,67200,9600,11500,76516800
4928,2018/05/25,535,62,288,162,286,468,104200,34700,69400,17300,10400,83485000
4929,2018/05/28,513,168,1000,296,1526,462,64600,10700,37600,5300,6400,97790000
4930,2018/05/29,797,87,206,154,209,284,108700,36200,72400,18100,10800,77740000
4931,2018/05/30,648,65,525,183,963,398,90800,15100,52900,7500,9000,76589000
4932,2018/05/31,319,106,597,325,1178,433,65800,10900,38300,5400,6500,78539000
4933,2018/06/01,669,141,455,195,347,1111,64100,21300,42700,10600,6400,84308000
4934,2018/06/04,173,81,752,191,1337,420,90700,15100,52900,7500,9000,95030200
4935,2018/06/05,269,80,452,165,860,406,94300,15700,55000,7800,9400,76261400
4936,2018/06/06,557,90,198,129,200,409,107000,35600,71300,17800,10700,75196200
4937,2018/06/07,653,63,479,150,922,399,100100,16600,58300,8300,10000,77244400
4938,2018/06/08,137,87,621,201,1195,545,79100,13100,46100,6500,7900,81249000
4939,2018/06/11,413,90,538,241,915,558,91600,15200,53400,7600,9100,92113200
4940,2018/06/12,193,93,622,284,1193,402,67400,11200,39300,5600,6700,75244600
4941,2018/06/13,642,55,602,145,1248,444,89500,14900,52200,7400,8900,77253800
4942,2018/06/14,487,48,358,111,797,431,123600,20600,72100,10300,12300,77498800
4943,2018/06/15,765,74,578,162,1001,651,96400,16000,56200,8000,9600,88582600
4944,2018/06/18,119,183,371,335,366,587,69200,23000,46100,11500,6900,100008600
4945,2018/06/19,182,32,534,115,1153,288,114600,19100,66800,9500,11400,79730000
4946,2018/06/20,912,98,660,247,1427,461,67900,11300,39600,5600,6700,78097800
4947,2018/06/21,018,72,598,161,1245,515,87700,14600,51100,7300,8700,82066800
4948,2018/06/22,001,108,343,190,369,615,82500,27500,55000,13700,8200,86633800
4949,2018/06/25,549,56,555,196,1096,453,109900,18300,64100,9100,10900,97641600
4950,2018/06/26,256,88,545,196,1016,419,84200,14000,49100,7000,8400,78569200
4951,2018/06/27,032,61,428,118,948,476,108000,18000,63000,9000,10800,78715000
4952,2018/06/28,751,45,590,158,1236,325,95600,15900,55700,7900,9500,78819600
4953,2018/06/29,349,54,445,154,931,366,112300,18700,65500,9300,11200,82921000
4954,2018/07/02,193,143,897,369,1610,547,62700,10400,36500,5200,6200,97132000
4955,2018/07/03,489,79,314,161,708,406,104200,17300,60700,8600,10400,75281000
4956,2018/07/04,901,90,578,237,1070,344,77400,12900,45100,6400,7700,77178800
4957,2018/07/05,668,54,233,105,246,476,117800,39200,78500,19600,11700,76007000
4958,2018/07/06,870,80,404,227,738,468,89200,14800,52000,7400,8900,76970200
4959,2018/07/09,061,55,513,140,969,421,118600,19700,69100,9800,11800,90973000
4960,2018/07/10,625,114,476,231,836,693,72200,12000,42100,6000,7200,75039200
4961,2018/07/11,223,95,235,195,261,555,84200,28000,56100,14000,8400,75340600
4962,2018/07/12,205,58,369,154,657,300,115000,19100,67000,9500,11500,75172800
4963,2018/07/13,989,71,261,127,302,360,111400,37100,74200,18500,11100,81509200
4964,2018/07/16,176,85,800,163,1558,431,75700,12600,44100,6300,7500,81871600
4965,2018/07/17,877,48,301,128,409,638,87800,29200,58500,14600,8700,71381600
4966,2018/07/18,580,54,418,166,814,272,104500,17400,60900,8700,10400,73309400
4967,2018/07/19,051,58,446,148,967,367,96600,16100,56300,8000,9600,72169200
4968,2018/07/20,115,156,346,335,361,489,57700,19200,38400,9600,5700,77541600
4969,2018/07/23,330,121,346,255,317,336,78500,26100,52300,13000,7800,86055800
4970,2018/07/24,977,40,151,90,225,293,144400,48100,96200,24000,14400,69681200
4971,2018/07/25,778,94,295,156,318,511,83300,27700,55500,13800,8300,74131800
4972,2018/07/26,220,94,268,189,276,293,87600,29200,58400,14600,8700,74936200
4973,2018/07/27,241,54,560,147,1076,493,94900,15800,55300,7900,9400,78493800
4974,2018/07/30,096,81,520,123,872,502,117500,19500,68500,9700,11700,94675200
4975,2018/07/31,430,72,352,162,639,281,111800,18600,65200,9300,11100,76206000
4976,2018/08/01,918,115,546,276,1119,435,69100,11500,40300,5700,6900,77388000
4977,2018/08/02,644,56,256,128,210,661,104900,34900,69900,17400,10400,76434800
4978,2018/08/03,646,49,336,153,319,429,100000,33300,66600,16600,10000,79863800
4979,2018/08/06,047,65,497,127,807,502,121500,20200,70800,10100,12100,91703600
4980,2018/08/07,260,46,362,105,785,302,125900,20900,73400,10400,12500,73693600
4981,2018/08/08,529,103,499,231,879,384,76400,12700,44500,6300,7600,73489400
4982,2018/08/09,879,60,434,171,911,423,95000,15800,55400,7900,9500,73971800
4983,2018/08/10,890,100,887,374,1720,519,54500,9000,31700,4500,5400,80149800
4984,2018/08/13,069,62,505,172,837,483,106300,17700,62000,8800,10600,86183600
4985,2018/08/14,322,55,226,124,282,397,106300,35400,70800,17700,10600,70847000
4986,2018/08/15,505,112,258,185,286,409,88300,29400,58800,14700,8800,80445600
4987,2018/08/16,480,49,395,136,727,331,122600,20400,71500,10200,12200,78439400
4988,2018/08/17,131,103,374,215,533,501,74900,24900,49900,12400,7400,84986600
4989,2018/08/20,203,315,824,268,1336,687,56300,9300,32800,4600,5600,98734200
4990,2018/08/21,078,39,402,121,734,373,125800,20900,73300,10400,12500,76947000
4991,2018/08/22,308,142,510,289,1031,467,65900,10900,38400,5400,6500,77439600
4992,2018/08/23,371,81,665,162,1176,384,81800,13600,47700,6800,8100,76881800
4993,2018/08/24,075,47,437,120,800,357,128800,21400,75100,10700,12800,83664600
4994,2018/08/27,300,150,338,218,308,868,81500,27100,54300,13500,8100,98929200
4995,2018/08/28,650,62,364,122,791,514,111600,18600,65100,9300,11100,77229600
4996,2018/08/29,731,128,628,252,1096,385,69300,11500,40400,5700,6900,78519800
4997,2018/08/30,943,105,538,174,886,434,85200,14200,49700,7100,8500,78301800
4998,2018/08/31,271,95,800,319,1770,307,62400,10400,36400,5200,6200,82286000
4999,2018/09/03,045,94,625,221,1124,523,92800,15400,54100,7700,9200,97606400
5000,2018/09/04,317,119,696,275,1280,430,53900,8900,31400,4400,5300,65397800
5001,2018/09/05,488,88,333,131,323,560,87300,29100,58200,14500,8700,76933800
5002,2018/09/06,480,67,505,179,878,310,93600,15600,54600,7800,9300,74906800
5003,2018/09/07,571,92,636,226,1162,470,74200,12300,43200,6100,7400,78198000
5004,2018/09/10,635,76,466,142,769,460,120300,20000,70100,10000,12000,92682200
5005,2018/09/11,283,67,463,175,963,652,86200,14300,50200,7100,8600,75089400
5006,2018/09/12,739,50,386,142,766,487,109600,18200,63900,9100,10900,75471800
5007,2018/09/13,704,69,420,155,809,341,108400,18000,63200,9000,10800,79734800
5008,2018/09/14,589,70,400,192,823,399,102400,17000,59700,8500,10200,81290800
5009,2018/09/17,674,96,536,205,1024,535,88200,14700,51400,7300,8800,86976800
5010,2018/09/18,960,41,391,125,797,292,121000,20100,70500,10000,12100,73876200
5011,2018/09/19,046,65,438,155,780,478,102100,17000,59500,8500,10200,77442600
5012,2018/09/20,234,89,437,168,818,506,87900,14600,51200,7300,8700,74001400
5013,2018/09/21,681,127,482,164,979,355,83200,13800,48500,6900,8300,77675600
5014,2018/09/24,240,77,551,159,1007,359,102300,17000,59600,8500,10200,86760000
5015,2018/09/25,365,47,337,128,657,293,127500,21200,74300,10600,12700,74223000
5016,2018/09/26,763,58,408,147,769,380,108900,18100,63500,9000,10800,76003800
5017,2018/09/27,026,54,369,118,720,600,114000,19000,66500,9500,11400,77128600
5018,2018/09/28,669,65,228,171,270,481,108000,36000,72000,18000,10800,83586200
5019,2018/10/01,942,65,651,125,1314,517,99100,16500,57800,8200,9900,89834000
5020,2018/10/02,461,56,453,139,912,343,104600,17400,61000,8700,10400,75106800
5021,2018/10/03,877,50,218,109,286,394,122400,40800,81600,20400,12200,76825800
5022,2018/10/04,449,56,225,181,230,437,100800,33600,67200,16800,10000,74793200
5023,2018/10/05,233,72,251,106,312,695,103000,34300,68600,17100,10300,79618600
5024,2018/10/08,361,91,680,190,1050,393,87200,14500,50800,7200,8700,85645200
5025,2018/10/09,368,76,430,211,805,445,83200,13800,48500,6900,8300,70692400
5026,2018/10/10,131,67,262,158,417,402,90400,30100,60200,15000,9000,74235400
5027,2018/10/11,046,51,395,167,698,378,107900,17900,62900,8900,10700,74408400
5028,2018/10/12,046,79,376,177,804,355,100700,16700,58700,8300,10000,77795600
5029,2018/10/15,352,74,723,183,1386,561,94000,15600,54800,7800,9400,98782200
5030,2018/10/16,870,71,417,179,886,416,98700,16400,57500,8200,9800,79063600
5031,2018/10/17,271,92,815,335,1686,567,58700,9700,34200,4800,5800,80963200
5032,2018/10/18,083,116,455,192,1016,418,83300,13800,48500,6900,8300,79693600
5033,2018/10/19,930,69,493,202,958,447,95500,15900,55700,7900,9500,83578400
5034,2018/10/22,098,100,866,234,1716,776,71700,11900,41800,5900,7100,95955000
5035,2018/10/23,012,56,500,146,851,371,103800,17300,60500,8600,10300,76729600
5036,2018/10/24,049,72,432,187,902,315,97200,16200,56700,8100,9700,77767200
5037,2018/10/25,594,93,535,314,996,494,73700,12200,42900,6100,7300,81589600
5038,2018/10/26,244,88,276,184,317,674,89900,29900,59900,14900,8900,84527200
5039,2018/10/29,453,108,786,210,1263,476,85300,14200,49700,7100,8500,97595600
5040,2018/10/30,546,56,686,195,1007,499,83400,13900,48600,6900,8300,77518800
5041,2018/10/31,379,73,409,194,698,436,102500,17000,59700,8500,10200,81145800
5042,2018/11/01,458,77,425,207,769,519,94300,15700,55000,7800,9400,80636800
5043,2018/11/02,115,102,240,235,277,431,88800,29600,59200,14800,8800,84537600
5044,2018/11/05,735,97,912,188,1538,423,82100,13600,47800,6800,8200,96653000
5045,2018/11/06,350,66,422,189,889,382,94900,15800,55300,7900,9400,75747800
5046,2018/11/07,142,39,581,117,1087,396,108500,18000,63200,9000,10800,80619000
5047,2018/11/08,343,76,239,125,303,404,107100,35700,71400,17800,10700,78561000
5048,2018/11/09,209,77,478,187,831,493,95900,15900,55900,7900,9500,81952800
5049,2018/11/12,132,121,1047,324,1730,565,63300,10500,36900,5200,6300,96506600
5050,2018/11/13,309,103,495,269,880,336,77200,12800,45000,6400,7700,77159000
5051,2018/11/14,281,56,527,152,1123,351,96800,16100,56400,8000,9600,77731000
5052,2018/11/15,105,94,528,264,961,344,79600,13200,46400,6600,7900,79757400
5053,2018/11/16,800,66,237,157,265,1084,93000,31000,62000,15500,9300,83213000
5054,2018/11/19,775,89,182,128,188,487,134700,44900,89800,22400,13400,94304200
5055,2018/11/20,476,54,442,152,951,447,99700,16600,58100,8300,9900,75413200
5056,2018/11/21,885,59,195,120,247,376,124200,41400,82800,20700,12400,78052200
5057,2018/11/22,589,107,439,294,833,438,75900,12600,44200,6300,7500,78478000
5058,2018/11/23,275,48,488,170,895,343,102700,17100,59900,8500,10200,77046400
5059,2018/11/26,196,74,593,206,1241,508,96400,16000,56200,8000,9600,95852400
5060,2018/11/27,948,52,604,97,709,467,111200,18500,64800,9200,11100,77881400
5061,2018/11/28,987,41,538,139,1094,558,98400,16400,57400,8200,9800,78493600
5062,2018/11/29,405,114,449,256,916,351,78200,13000,45600,6500,7800,78222200
5063,2018/11/30,285,106,651,256,1236,424,74200,12300,43200,6100,7400,84005200
5064,2018/12/03,313,121,358,243,388,531,84000,28000,56000,14000,8400,97126200
5065,2018/12/04,921,80,656,270,1275,523,67500,11200,39300,5600,6700,75857000
5066,2018/12/05,009,67,239,173,334,484,97700,32500,65100,16200,9700,79512200
5067,2018/12/06,295,91,381,169,843,450,90900,15100,53000,7500,9000,74429400
5068,2018/12/07,223,115,373,237,349,469,74200,24700,49400,12300,7400,82848400
5069,2018/12/10,991,70,309,154,457,404,109700,36500,73100,18200,10900,95661400
5070,2018/12/11,656,45,180,106,256,438,129800,43200,86500,21600,12900,75658400
5071,2018/12/12,304,55,355,159,741,295,117400,19500,68400,9700,11700,77789600
5072,2018/12/13,136,105,594,198,1086,519,76400,12700,44500,6300,7600,78508200
5073,2018/12/14,922,60,273,243,351,584,94100,31300,62700,15600,9400,89963400
5074,2018/12/17,234,128,821,322,1225,528,76000,12600,44300,6300,7600,102735200
5075,2018/12/18,643,92,644,190,1259,505,80100,13300,46700,6600,8000,82972200
5076,2018/12/19,871,74,599,184,1296,520,87900,14600,51200,7300,8700,86226200
5077,2018/12/20,600,49,180,89,222,557,147100,49000,98000,24500,14700,85355000
5078,2018/12/21,100,93,252,155,273,746,100600,33500,67000,16700,10000,89543200
5079,2018/12/24,329,148,757,352,1271,534,68400,11400,39900,5700,6800,97186800
5080,2018/12/25,442,68,247,108,354,402,120000,40000,80000,20000,12000,85788600
5081,2018/12/26,644,79,254,133,257,672,108300,36100,72200,18000,10800,87289000
5082,2018/12/27,080,61,254,131,331,393,124400,41400,82900,20700,12400,90534400
5083,2018/12/28,234,96,661,269,1032,513,89300,14800,52000,7400,8900,99329800
5084,2019/01/04,804,65,593,232,967,602,111900,18600,65200,9300,11100,109437000
5085,2019/01/07,755,119,366,207,463,807,92400,30800,61600,15400,9200,110262600
5086,2019/01/08,088,69,357,145,431,518,94100,31300,62700,15600,9400,85390600
5087,2019/01/09,733,84,283,124,371,816,94700,31500,63100,15700,9400,85171400
5088,2019/01/10,654,59,558,138,1024,430,108600,18100,63300,9000,10800,87082000
5089,2019/01/11,953,66,498,142,1033,451,112500,18700,65600,9300,11200,90779600
5090,2019/01/14,650,46,417,122,793,388,147700,24600,86100,12300,14700,95748000
5091,2019/01/15,608,78,383,193,783,445,101400,16900,59100,8400,10100,82086800
5092,2019/01/16,704,71,417,225,704,407,101600,16900,59200,8400,10100,83861600
5093,2019/01/17,162,74,607,168,1260,583,87200,14500,50800,7200,8700,84672600
5094,2019/01/18,616,126,343,225,357,652,75800,25200,50500,12600,7500,86784000
5095,2019/01/21,702,109,628,214,1057,443,95900,15900,55900,7900,9500,100444400
5096,2019/01/22,637,40,431,123,719,551,119400,19900,69600,9900,11900,79240800
5097,2019/01/23,249,52,481,156,905,586,105000,17500,61200,8700,10500,83349200
5098,2019/01/24,547,57,421,138,813,415,113800,18900,66300,9400,11300,80209200
5099,2019/01/25,079,65,447,158,940,524,110400,18400,64400,9200,11000,88959400
5100,2019/01/28,647,117,589,252,946,515,92600,15400,54000,7700,9200,101403800
5101,2019/01/29,596,72,415,190,788,491,100200,16700,58400,8300,10000,81705200
5102,2019/01/30,603,129,556,265,992,433,75200,12500,43800,6200,7500,83993600
5103,2019/01/31,210,96,485,188,837,517,88800,14800,51800,7400,8800,80564800
5104,2019/02/01,049,85,531,259,945,459,87400,14500,50900,7200,8700,87297200
5105,2019/02/04,766,63,224,107,276,1055,127300,42400,84800,21200,12700,102049600
5106,2019/02/05,322,84,333,162,402,659,83800,27900,55800,13900,8300,81195200
5107,2019/02/06,660,128,323,239,433,374,71600,23800,47700,11900,7100,80361200
5108,2019/02/07,626,115,280,254,258,505,77600,25800,51700,12900,7700,81272800
5109,2019/02/08,684,51,535,136,1069,502,108600,18100,63300,9000,10800,86592000
5110,2019/02/11,077,93,238,135,321,608,108500,36100,72300,18000,10800,90823000
5111,2019/02/12,882,57,237,115,290,285,117200,39000,78100,19500,11700,75441800
5112,2019/02/13,087,80,508,169,989,480,90600,15100,52800,7500,9000,79313600
5113,2019/02/14,446,78,240,145,294,558,98700,32900,65800,16400,9800,78852800
5114,2019/02/15,771,86,308,188,339,500,100100,33300,66700,16600,10000,93591200
5115,2019/02/18,878,96,559,218,566,604,82700,27500,55100,13700,8200,107066400
5116,2019/02/19,991,107,418,203,564,381,71400,23800,47600,11900,7100,81542400
5117,2019/02/20,956,30,320,103,591,469,163300,27200,95200,13600,16300,86976400
5118,2019/02/21,831,110,588,296,1287,442,73400,12200,42800,6100,7300,86841600
5119,2019/02/22,672,77,595,177,1079,481,97300,16200,56700,8100,9700,90276200
5120,2019/02/25,661,174,424,298,427,543,72700,24200,48400,12100,7200,103404400
5121,2019/02/26,635,42,461,123,872,543,118900,19800,69300,9900,11800,83917000
5122,2019/02/27,663,89,334,228,387,507,83200,27700,55400,13800,8300,86507600
5123,2019/02/28,366,118,404,164,607,878,68200,22700,45400,11300,6800,83514600
5124,2019/03/01,958,60,413,132,885,507,127800,21300,74500,10600,12700,93815200
5125,2019/03/04,123,235,936,444,1337,607,54800,9100,31900,4500,5400,100135800
5126,2019/03/05,892,50,447,122,961,412,120500,20000,70200,10000,12000,84891400
5127,2019/03/06,637,69,502,199,1019,471,94400,15700,55000,7800,9400,84141600
5128,2019/03/07,757,47,229,118,272,450,127100,42300,84700,21100,12700,82594000
5129,2019/03/08,097,57,490,127,847,448,124300,20700,72500,10300,12400,90697200
5130,2019/03/11,302,123,621,294,1027,486,86600,14400,50500,7200,8600,102462600
5131,2019/03/12,030,67,314,163,325,511,95300,31700,63500,15800,9500,81730800
5132,2019/03/13,413,99,646,300,1076,678,69800,11600,40700,5800,6900,83664000
5133,2019/03/14,449,52,262,171,261,547,104000,34600,69300,17300,10400,81318600
5134,2019/03/15,652,60,515,135,1049,465,110400,18400,64400,9200,11000,87977000
5135,2019/03/18,631,145,986,274,1630,583,68300,11300,39800,5600,6800,100812200
5136,2019/03/19,998,57,227,148,242,397,116000,38600,77300,19300,11600,80307400
5137,2019/03/20,431,50,428,105,839,381,126600,21100,73800,10500,12600,81789200
5138,2019/03/21,378,68,467,172,833,432,95900,15900,55900,7900,9500,76479200
5139,2019/03/22,148,44,539,159,1146,478,105300,17500,61400,8700,10500,86597200
5140,2019/03/25,887,148,387,215,379,613,83500,27800,55600,13900,8300,101163000
5141,2019/03/26,556,92,268,212,291,549,85400,28400,56900,14200,8500,80936000
5142,2019/03/27,247,93,588,208,1207,648,76800,12800,44800,6400,7600,81613000
5143,2019/03/28,967,58,455,126,855,718,105300,17500,61400,8700,10500,82024600
5144,2019/03/29,960,43,498,168,1112,379,111200,18500,64800,9200,11100,87624600
5145,2019/04/01,373,133,336,219,326,559,91500,30500,61000,15200,9100,101968400
5146,2019/04/02,502,62,401,168,723,446,107700,17900,62800,8900,10700,79445600
5147,2019/04/03,942,42,599,91,912,456,115900,19300,67600,9600,11500,81526400
5148,2019/04/04,391,66,595,160,1214,367,92300,15300,53800,7600,9200,81348200
5149,2019/04/05,699,63,314,152,294,780,98500,32800,65600,16400,9800,86697800
5150,2019/04/08,169,88,765,254,1370,709,80100,13300,46700,6600,8000,97706400
5151,2019/04/09,745,61,386,123,668,536,115400,19200,67300,9600,11500,78590600
5152,2019/04/10,511,79,282,188,339,666,81100,27000,54000,13500,8100,75977000
5153,2019/04/11,026,44,403,121,838,468,121500,20200,70800,10100,12100,80574600
5154,2019/04/12,906,77,587,240,1095,539,81200,13500,47300,6700,8100,83067800
5155,2019/04/15,167,97,688,229,1235,497,94800,15800,55300,7900,9400,104939200
5156,2019/04/16,607,83,525,242,1064,475,85400,14200,49800,7100,8500,85026600
5157,2019/04/17,765,60,565,173,1072,434,100500,16700,58600,8300,10000,86681400
5158,2019/04/18,145,46,553,143,1141,417,109100,18100,63600,9000,10900,86908800
5159,2019/04/19,984,61,472,209,931,750,100800,16800,58800,8400,10000,92828200
5160,2019/04/22,764,82,686,161,1245,963,94100,15600,54800,7800,9400,102565200
5161,2019/04/23,452,75,570,156,1241,437,90600,15100,52800,7500,9000,82236600
5162,2019/04/24,152,63,614,139,1315,401,94300,15700,55000,7800,9400,83087400
5163,2019/04/25,830,130,602,299,1141,578,70600,11700,41100,5800,7000,87534200
5164,2019/04/26,166,79,310,160,340,585,103500,34500,69000,17200,10300,93009800
5165,2019/04/29,746,86,547,207,915,874,91300,15200,53200,7600,9100,93699000
5166,2019/04/30,619,111,573,304,1008,484,70700,11700,41200,5800,7000,81162000
5167,2019/05/01,335,82,235,167,240,352,110000,36600,73300,18300,11000,84863000
5168,2019/05/02,992,35,193,109,282,307,142900,47600,95200,23800,14200,79309400
5169,2019/05/03,349,68,579,208,965,609,85300,14200,49700,7100,8500,81017000
5170,2019/05/06,265,79,673,141,1248,480,100100,16600,58300,8300,10000,94683000
5171,2019/05/07,705,86,644,243,1054,577,71600,11900,41700,5900,7100,76522000
5172,2019/05/08,451,57,529,150,1013,503,99000,16500,57700,8200,9900,80869400
5173,2019/05/09,983,62,514,116,1120,466,102200,17000,59600,8500,10200,80753200
5174,2019/05/10,776,68,285,159,290,608,102800,34200,68500,17100,10200,86389200
5175,2019/05/13,482,65,661,145,1127,347,115200,19200,67200,9600,11500,99471000
5176,2019/05/14,856,64,444,170,849,456,97600,16200,56900,8100,9700,76731800
5177,2019/05/15,314,135,495,311,912,557,69800,11600,40700,5800,6900,82412400
5178,2019/05/16,129,110,566,322,1065,527,67500,11200,39300,5600,6700,80156600
5179,2019/05/17,647,105,525,215,978,678,81100,13500,47300,6700,8100,84280800
5180,2019/05/20,025,83,865,175,1498,577,84000,14000,49000,7000,8400,95635000
5181,2019/05/21,193,86,451,239,947,499,77500,12900,45200,6400,7700,74000600
5182,2019/05/22,522,300,688,664,568,724,31200,10400,20800,5200,3100,79177400
5183,2019/05/23,381,59,579,165,1218,323,88700,14700,51700,7300,8800,75997600
5184,2019/05/24,682,69,522,125,1150,295,107500,17900,62700,8900,10700,84658800
5185,2019/05/27,718,121,675,254,1177,906,74400,12400,43400,6200,7400,94315200
5186,2019/05/28,077,34,213,96,246,465,132200,44000,88100,22000,13200,75366800
5187,2019/05/29,779,69,263,139,298,368,105000,35000,70000,17500,10500,78368200
5188,2019/05/30,731,96,667,256,1282,578,68500,11400,39900,5700,6800,79407600
5189,2019/05/31,943,133,556,374,1022,520,65200,10800,38000,5400,6500,84308600
5190,2019/06/03,383,65,264,138,295,391,130700,43500,87100,21700,13000,96844000
5191,2019/06/04,755,65,222,94,247,582,113000,37600,75300,18800,11300,75610600
5192,2019/06/05,342,47,520,104,1125,497,105800,17600,61700,8800,10500,79480600
5193,2019/06/06,856,53,383,156,791,518,108700,18100,63400,9000,10800,78681600
5194,2019/06/07,397,61,396,165,826,461,105500,17500,61500,8700,10500,79352400
5195,2019/06/10,814,123,653,213,1032,442,86900,14400,50600,7200,8600,93979000
5196,2019/06/11,080,39,262,120,222,373,123500,41100,82300,20500,12300,77038600
5197,2019/06/12,246,148,526,295,1042,528,63600,10600,37100,5300,6300,77462000
5198,2019/06/13,560,105,355,175,635,356,96800,16100,56400,8000,9600,76343600
5199,2019/06/14,683,88,725,187,1401,371,86300,14300,50300,7100,8600,90520800
5200,2019/06/17,226,167,475,310,495,518,69800,23200,46500,11600,6900,103373800
5201,2019/06/18,055,61,253,117,295,452,113900,37900,75900,18900,11300,80465200
5202,2019/06/19,377,82,268,111,314,486,105100,35000,70000,17500,10500,80877600
5203,2019/06/20,942,41,463,129,941,499,113900,18900,66400,9400,11300,81465600
5204,2019/06/21,180,42,662,189,1486,365,91900,15300,53600,7600,9100,86434200
5205,2019/06/24,011,113,430,146,488,670,86800,28900,57800,14400,8600,96843400
5206,2019/06/25,957,49,430,152,718,367,118500,19700,69100,9800,11800,80593200
5207,2019/06/26,720,107,460,197,785,369,93600,15600,54600,7800,9300,83475400
5208,2019/06/27,928,102,491,270,852,740,73400,12200,42800,6100,7300,79357600
5209,2019/06/28,202,100,316,176,369,441,91100,30300,60700,15100,9100,86770400
5210,2019/07/01,937,55,488,143,807,625,125800,20900,73300,10400,12500,97736600
5211,2019/07/02,214,91,546,247,930,431,80500,13400,46900,6700,8000,79959600
5212,2019/07/03,297,61,645,160,1329,377,88000,14600,51300,7300,8800,80257000
5213,2019/07/04,951,41,399,104,781,374,132300,22000,77100,11000,13200,79599400
5214,2019/07/05,782,82,624,241,1357,443,81700,13600,47600,6800,8100,87939600
5215,2019/07/08,458,92,535,268,886,603,95500,15900,55700,7900,9500,100106400
5216,2019/07/09,739,50,454,167,892,778,94800,15800,55300,7900,9400,79127400
5217,2019/07/10,763,61,442,165,893,645,99800,16600,58200,8300,9900,82092200
5218,2019/07/11,736,68,472,153,873,760,94700,15700,55200,7800,9400,81018200
5219,2019/07/12,273,85,785,206,1648,628,73600,12200,42900,6100,7300,87706400
5220,2019/07/15,047,94,424,138,753,817,106900,17800,62300,8900,10600,92566400
5221,2019/07/16,502,71,462,192,828,334,110400,18400,64400,9200,11000,88986800
5222,2019/07/17,042,100,507,200,1177,559,90000,15000,52500,7500,9000,91096600
5223,2019/07/18,808,97,250,212,312,346,97000,32300,64600,16100,9700,88006800
5224,2019/07/19,503,86,461,248,939,381,96400,16000,56200,8000,9600,90808000
5225,2019/07/22,060,60,260,152,300,418,139000,46300,92600,23100,13900,104977000
5226,2019/07/23,463,71,545,197,1183,343,91300,15200,53200,7600,9100,83160800
5227,2019/07/24,799,69,281,97,270,607,113200,37700,75400,18800,11300,83837000
5228,2019/07/25,064,41,440,130,1031,371,121000,20100,70500,10000,12100,84255200
5229,2019/07/26,519,97,467,271,853,493,89300,14800,52000,7400,8900,90021200
5230,2019/07/29,477,64,224,139,271,591,133900,44600,89200,22300,13300,99933800
5231,2019/07/30,195,58,355,134,711,377,122400,20400,71400,10200,12200,79566000
5232,2019/07/31,980,68,560,177,1393,318,90600,15100,52800,7500,9000,83045800
5233,2019/08/01,079,65,472,188,973,367,101000,16800,58900,8400,10100,83372600
5234,2019/08/02,791,77,641,225,1383,474,81800,13600,47700,6800,8100,86929400
5235,2019/08/05,687,62,540,155,960,627,116600,19400,68000,9700,11600,99815800
5236,2019/08/06,912,70,493,229,1013,333,86900,14400,50600,7200,8600,77952000
5237,2019/08/07,975,73,412,157,861,413,104200,17300,60700,8600,10400,80191200
5238,2019/08/08,859,65,485,167,1008,569,94200,15700,54900,7800,9400,80460800
5239,2019/08/09,613,95,525,273,1201,457,79500,13200,46300,6600,7900,86237000
5240,2019/08/12,596,61,494,204,853,471,105900,17600,61700,8800,10500,89610400
5241,2019/08/13,426,91,543,233,971,494,73300,12200,42700,6100,7300,72971800
5242,2019/08/14,882,61,229,108,312,441,111000,37000,74000,18500,11100,75396000
5243,2019/08/15,557,51,208,139,190,466,118100,39300,78700,19600,11800,76443000
5244,2019/08/16,254,47,499,168,1168,418,108300,18000,63100,9000,10800,88450800
5245,2019/08/19,009,76,378,168,445,651,102200,34000,68100,17000,10200,102981400
5246,2019/08/20,554,102,241,217,239,278,91500,30500,61000,15200,9100,80311000
5247,2019/08/21,430,68,378,175,727,436,109400,18200,63800,9100,10900,82062400
5248,2019/08/22,297,57,466,148,1102,456,102900,17100,60000,8500,10200,81962600
5249,2019/08/23,633,62,284,137,361,771,103300,34400,68800,17200,10300,88475000
5250,2019/08/26,848,79,237,160,298,814,117000,39000,78000,19500,11700,102891600
5251,2019/08/27,680,44,427,119,764,329,127400,21200,74300,10600,12700,79630000
5252,2019/08/28,246,108,602,287,1075,588,69200,11500,40300,5700,6900,80607000
5253,2019/08/29,856,83,467,242,927,573,86600,14400,50500,7200,8600,84086600
5254,2019/08/30,043,57,392,125,771,442,131100,21800,76400,10900,13100,88532600
5255,2019/09/02,971,111,854,221,1696,731,79300,13200,46200,6600,7900,105273800
5256,2019/09/03,874,98,436,157,886,417,97500,16200,56800,8100,9700,81900600
5257,2019/09/04,012,71,402,147,806,413,112700,18700,65700,9300,11200,83210800
5258,2019/09/05,773,99,254,177,279,341,98100,32700,65400,16300,9800,83385000
5259,2019/09/06,489,53,431,168,890,556,110500,18400,64400,9200,11000,86609800
5260,2019/09/09,032,94,624,186,1087,607,98500,16400,57400,8200,9800,100264800
5261,2019/09/10,557,77,241,174,238,478,98200,32700,65400,16300,9800,78744800
5262,2019/09/11,169,55,569,222,1216,562,82000,13600,47800,6800,8200,79646400
5263,2019/09/12,304,62,440,175,842,410,103100,17100,60100,8500,10300,79867000
5264,2019/09/13,910,115,476,306,960,498,77300,12800,45000,6400,7700,86402000
5265,2019/09/16,133,68,275,130,442,627,107300,35700,71500,17800,10700,91256000
5266,2019/09/17,323,105,235,190,248,599,86000,28600,57300,14300,8600,78658400
5267,2019/09/18,786,50,414,109,911,545,111800,18600,65200,9300,11100,77764800
5268,2019/09/19,583,80,700,220,1586,368,71700,11900,41800,5900,7100,78776200
5269,2019/09/20,240,44,469,152,1017,386,112900,18800,65800,9400,11200,83861400
5270,2019/09/23,825,144,673,278,1064,607,70900,11800,41300,5900,7000,89479400
5271,2019/09/24,069,66,435,160,832,336,99900,16600,58200,8300,9900,74374400
5272,2019/09/25,665,66,190,102,222,329,135700,45200,90400,22600,13500,80603200
5273,2019/09/26,876,53,408,105,791,442,123300,20500,71900,10200,12300,80147600
5274,2019/09/27,286,58,546,186,1044,470,98000,16300,57100,8100,9800,85327600
5275,2019/09/30,766,57,251,138,306,779,122000,40600,81300,20300,12200,98097200
5276,2019/10/01,597,64,428,147,920,558,103500,17200,60300,8600,10300,81335000
5277,2019/10/02,715,104,489,323,1032,444,74000,12300,43100,6100,7400,83038000
5278,2019/10/03,635,60,512,183,940,464,96100,16000,56000,8000,9600,80507400
5279,2019/10/04,705,70,429,222,776,399,103600,17200,60400,8600,10300,86510200
5280,2019/10/07,902,85,547,181,951,426,110600,18400,64500,9200,11000,99233000
5281,2019/10/08,764,50,391,119,925,393,117000,19500,68200,9700,11700,78298000
5282,2019/10/09,361,48,528,175,1151,400,96700,16100,56400,8000,9600,80392000
5283,2019/10/10,191,54,334,115,531,373,99500,33100,66300,16500,9900,81379600
5284,2019/10/11,207,42,439,169,858,348,114300,19000,66600,9500,11400,81313600
5285,2019/10/14,163,119,603,286,1178,439,71700,11900,41800,5900,7100,84274000
5286,2019/10/15,393,84,371,193,435,485,88000,29300,58600,14600,8800,89527000
5287,2019/10/16,984,48,448,150,989,473,120600,20100,70300,10000,12000,91097000
5288,2019/10/17,814,68,520,254,962,476,93500,15500,54500,7700,9300,89501600
5289,2019/10/18,776,88,284,213,304,490,97600,32500,65000,16200,9700,92064800
5290,2019/10/21,808,123,306,239,313,538,99700,33200,66400,16600,9900,108699800
5291,2019/10/22,158,56,466,174,941,707,95200,15800,55500,7900,9500,81364000
5292,2019/10/23,822,95,303,189,407,654,84700,28200,56400,14100,8400,85749000
5293,2019/10/24,530,101,367,189,780,407,97900,16300,57100,8100,9700,82269400
5294,2019/10/25,175,96,504,215,1086,524,85600,14200,49900,7100,8500,85341800
5295,2019/10/28,762,84,781,187,1352,457,99400,16500,57900,8200,9900,106460600
5296,2019/10/29,716,74,494,294,909,481,81600,13600,47600,6800,8100,81943400
5297,2019/10/30,920,85,417,211,811,346,103000,17100,60000,8500,10300,86960000
5298,2019/10/31,134,70,547,194,1045,574,93100,15500,54300,7700,9300,86736800
5299,2019/11/01,317,113,743,390,1490,659,63600,10600,37100,5300,6300,92533600
5300,2019/11/04,465,66,622,204,962,397,111400,18500,64900,9200,11100,101194800
5301,2019/11/05,601,81,425,190,925,472,105600,17600,61600,8800,10500,90836600
5302,2019/11/06,219,86,763,351,1416,598,68400,11400,39900,5700,6800,90561200
5303,2019/11/07,612,128,723,299,1625,394,67900,11300,39600,5600,6700,90316400
5304,2019/11/08,153,78,938,261,1984,518,71100,11800,41400,5900,7100,95453600
5305,2019/11/11,544,126,478,232,402,1196,80600,26800,53700,13400,8000,112328400
5306,2019/11/12,961,50,581,165,1287,358,98500,16400,57400,8200,9800,84532200
5307,2019/11/13,828,175,202,249,260,541,76800,25600,51200,12800,7600,86372200
5308,2019/11/14,831,89,712,292,1572,473,66700,11100,38900,5500,6600,82554600
5309,2019/11/15,818,122,280,268,294,600,80200,26700,53400,13300,8000,89676200
5310,2019/11/18,275,94,858,277,1549,511,79800,13300,46500,6600,7900,102735800
5311,2019/11/19,695,36,420,133,841,337,126700,21100,73900,10500,12600,80939600
5312,2019/11/20,363,62,295,173,304,501,100800,33600,67200,16800,10000,84345400
5313,2019/11/21,204,66,452,163,938,422,105200,17500,61300,8700,10500,83426200
5314,2019/11/22,094,81,356,133,897,423,113400,18900,66100,9400,11300,84470600
5315,2019/11/25,962,90,747,224,1398,462,91800,15300,53500,7600,9100,103696800
5316,2019/11/26,118,125,295,317,366,429,68500,22800,45600,11400,6800,82022200
5317,2019/11/27,565,50,191,126,252,354,137500,45800,91600,22900,13700,84109200
5318,2019/11/28,491,69,463,140,1044,348,104100,17300,60700,8600,10400,80949400
5319,2019/11/29,339,90,330,221,299,730,85800,28600,57200,14300,8500,89666200
5320,2019/12/02,448,128,386,259,338,679,86800,28900,57800,14400,8600,106822000
5321,2019/12/03,242,60,367,137,600,511,92400,30800,61600,15400,9200,87233600
5322,2019/12/04,895,40,416,151,811,301,132400,22000,77200,11000,13200,86831800
5323,2019/12/05,340,119,528,222,944,296,88100,14600,51300,7300,8800,87107600
5324,2019/12/06,694,83,517,249,1196,429,89400,14900,52100,7400,8900,90788400
5325,2019/12/09,869,99,591,222,1020,661,99200,16500,57800,8200,9900,105462200
5326,2019/12/10,436,60,593,199,1254,650,88000,14600,51300,7300,8800,86949000
5327,2019/12/11,247,80,650,244,1403,666,78200,13000,45600,6500,7800,89375800
5328,2019/12/12,844,74,287,141,380,743,99100,33000,66000,16500,9900,88457600
5329,2019/12/13,865,83,680,228,1272,529,93800,15600,54700,7800,9300,101856800
5330,2019/12/16,491,83,645,198,1205,597,115400,19200,67300,9600,11500,119600200
5331,2019/12/17,392,82,662,216,1463,463,84500,14000,49200,7000,8400,91377400
5332,2019/12/18,626,93,284,206,319,487,99500,33100,66300,16500,9900,94443200
5333,2019/12/19,680,61,476,165,976,561,111400,18500,64900,9200,11100,92645200
5334,2019/12/20,325,162,631,372,1172,535,70500,11700,41100,5800,7000,99655200
5335,2019/12/23,349,103,857,262,1357,775,87400,14500,50900,7200,8700,114547200
5336,2019/12/24,079,62,405,119,886,467,130700,21700,76200,10800,13000,92816000
5337,2019/12/25,113,177,356,342,428,572,67300,22400,44800,11200,6700,97557800
5338,2019/12/26,914,82,598,275,1050,537,88200,14700,51400,7300,8800,94777800
5339,2019/12/27,475,72,574,239,1061,559,103800,17300,60500,8600,10300,104154400
5340,2019/12/30,721,246,1191,665,2298,615,49500,8200,28800,4100,4900,119403200
5341,2020/01/06,887,78,367,209,441,834,115200,38400,76800,19200,11500,127199000
5342,2020/01/07,109,96,501,283,914,427,87400,14500,50900,7200,8700,90095400
5343,2020/01/08,527,106,633,270,1099,698,75400,12500,43900,6200,7500,88886600
5344,2020/01/09,409,88,459,236,779,382,101300,16800,59000,8400,10100,91297200
5345,2020/01/10,785,48,578,181,1175,592,105800,17600,61700,8800,10500,95759200
5346,2020/01/13,705,112,558,297,919,543,94500,15700,55100,7800,9400,107000800
5347,2020/01/14,428,110,586,286,955,495,78200,13000,45600,6500,7800,87613000
5348,2020/01/15,565,40,227,111,285,511,141100,47000,94000,23500,14100,90405200
5349,2020/01/16,592,55,503,158,1206,448,107600,17900,62700,8900,10700,89993600
5350,2020/01/17,626,79,289,215,299,652,96500,32100,64300,16000,9600,93007000
5351,2020/01/20,485,83,639,209,1077,481,109200,18200,63700,9100,10900,109072600
5352,2020/01/21,069,47,504,179,1056,553,101900,16900,59400,8400,10100,85789800
5353,2020/01/22,444,289,0,0,0,848,117000,0,0,0,11700,97210200
5354,2020/01/23,366,40,235,130,261,647,122300,40700,81500,20300,12200,85172800
5355,2020/01/24,629,107,717,330,1221,746,74500,12400,43400,6200,7400,98669400
5356,2020/01/27,345,160,745,405,1022,780,71900,11900,41900,5900,7100,109239400
5357,2020/01/28,002,50,148,82,241,438,158300,52700,105500,26300,15800,83751200
5358,2020/01/29,312,101,956,292,1696,485,64800,10800,37800,5400,6400,89358200
5359,2020/01/30,472,63,624,172,1258,420,95500,15900,55700,7900,9500,87917400
5360,2020/01/31,436,59,694,238,1350,646,87000,14500,50700,7200,8700,94857400
5361,2020/02/03,272,98,570,188,783,448,84800,28200,56500,14100,8400,111023000
5362,2020/02/04,514,110,512,285,979,497,79800,13300,46500,6600,7900,87492200
5363,2020/02/05,108,142,579,351,1067,439,70700,11700,41200,5800,7000,90625800
5364,2020/02/06,577,59,261,122,374,497,112300,37400,74800,18700,11200,84762400
5365,2020/02/07,433,100,226,134,311,641,105800,35200,70500,17600,10500,89541000
5366,2020/02/10,516,118,643,311,1062,556,86800,14400,50600,7200,8600,106326000
5367,2020/02/11,720,80,461,242,884,390,87500,14500,51000,7200,8700,79881000
5368,2020/02/12,503,76,404,206,837,437,100400,16700,58500,8300,10000,84104600
5369,2020/02/13,123,148,957,425,1706,537,50900,8400,29600,4200,5000,85071000
5370,2020/02/14,006,55,235,137,306,486,137900,45900,91900,22900,13700,99434200
5371,2020/02/17,005,92,294,159,324,633,121000,40300,80600,20100,12100,111147200
5372,2020/02/18,386,58,451,208,953,393,104400,17400,60900,8700,10400,86666800
5373,2020/02/19,461,96,563,200,1173,510,89100,14800,51900,7400,8900,90221200
5374,2020/02/20,518,153,579,325,959,571,70300,11700,41000,5800,7000,90046000
5375,2020/02/21,206,65,477,250,954,429,104200,17300,60700,8600,10400,95648200
5376,2020/02/24,996,88,315,186,366,575,106700,35500,71100,17700,10600,103345800
5377,2020/02/25,445,65,201,184,238,409,115200,38400,76800,19200,11500,85856800
5378,2020/02/26,528,116,608,337,1089,533,70500,11700,41100,5800,7000,87449400
5379,2020/02/27,907,53,468,201,829,597,106200,17700,61900,8800,10600,89001600
5380,2020/02/28,780,75,467,172,979,469,113900,18900,66400,9400,11300,96672200
5381,2020/03/02,843,77,536,185,1028,518,117300,19500,68400,9700,11700,107351800
5382,2020/03/03,178,106,496,282,934,561,80500,13400,46900,6700,8000,87233200
5383,2020/03/04,452,78,533,144,1171,783,91800,15300,53500,7600,9100,87095400
5384,2020/03/05,073,51,517,122,1138,489,110300,18300,64300,9100,11000,86331400
5385,2020/03/06,162,59,689,179,1622,414,92800,15400,54100,7700,9200,93862800
5386,2020/03/09,921,149,800,310,1566,586,73100,12100,42600,6000,7300,106044600
5387,2020/03/10,372,100,640,237,1388,552,71700,11900,41800,5900,7100,82213000
5388,2020/03/11,168,117,542,336,1099,633,72000,12000,42000,6000,7200,89339800
5389,2020/03/12,233,67,286,130,377,621,105500,35100,70300,17500,10500,87732200
5390,2020/03/13,504,100,693,319,1264,514,75500,12500,44000,6200,7500,93704600
5391,2020/03/16,983,49,539,144,1147,490,127300,21200,74200,10600,12700,103998800
5392,2020/03/17,679,79,463,249,839,437,90200,15000,52600,7500,9000,83215600
5393,2020/03/18,738,94,526,239,1126,759,79100,13100,46100,6500,7900,86340800
5394,2020/03/19,376,66,598,206,1157,518,90900,15100,53000,7500,9000,87764400
5395,2020/03/20,397,69,682,278,1196,612,76300,12700,44500,6300,7600,85853000
5396,2020/03/23,063,90,608,160,1224,756,102200,17000,59600,8500,10200,105067000
5397,2020/03/24,477,34,200,141,235,619,127900,42600,85200,21300,12700,84104400
5398,2020/03/25,509,94,462,251,945,534,88800,14800,51800,7400,8800,88767600
5399,2020/03/26,930,121,511,201,954,413,88300,14700,51500,7300,8800,87216000
5400,2020/03/27,938,43,501,141,1017,439,120700,20100,70400,10000,12000,90516200
5401,2020/03/30,574,80,693,169,1034,599,103900,17300,60600,8600,10300,101650600
5402,2020/03/31,724,127,603,323,1152,1226,59300,9800,34500,4900,5900,83682600
5403,2020/04/01,176,43,488,139,996,402,113500,18900,66200,9400,11300,82912400
5404,2020/04/02,010,69,191,140,206,412,128500,42800,85600,21400,12800,86128800
5405,2020/04/03,802,80,455,237,997,560,94400,15700,55000,7800,9400,90905000
5406,2020/04/06,602,99,504,190,894,434,109000,18100,63500,9000,10900,99756400
5407,2020/04/07,221,121,312,175,399,463,81600,27200,54400,13600,8100,82448200
5408,2020/04/08,925,114,441,293,811,562,76600,12700,44600,6300,7600,82174600
5409,2020/04/09,505,90,197,133,234,380,103700,34500,69100,17200,10300,74066400
5410,2020/04/10,182,41,532,161,1149,452,97600,16200,56900,8100,9700,79065800
5411,2020/04/13,684,60,435,152,912,372,107200,17800,62500,8900,10700,79709400
5412,2020/04/14,909,77,226,174,215,386,90300,30100,60200,15000,9000,68853000
5413,2020/04/15,962,26,462,116,1021,344,122700,20400,71500,10200,12200,79174600
5414,2020/04/16,010,54,174,103,217,354,138900,46300,92600,23100,13800,77889800
5415,2020/04/17,391,68,570,179,1240,445,89400,14900,52100,7400,8900,82525000
5416,2020/04/20,950,37,431,112,853,576,123700,20600,72100,10300,12300,83280000
5417,2020/04/21,889,60,209,134,217,449,101500,33800,67600,16900,10100,67689400
5418,2020/04/22,489,54,361,164,830,330,99500,16500,58000,8200,9900,69004400
5419,2020/04/23,804,64,439,231,777,433,79900,13300,46600,6600,7900,67517600
5420,2020/04/24,654,34,315,96,681,404,128600,21400,75000,10700,12800,68497000
5421,2020/04/27,867,41,308,144,714,421,110300,18300,64300,9100,11000,68184200
5422,2020/04/28,843,33,271,98,572,441,117600,19600,68600,9800,11700,59371000
5423,2020/04/29,457,33,334,137,595,324,105100,17500,61300,8700,10500,58560400
5424,2020/04/30,054,32,302,76,788,312,125700,20900,73300,10400,12500,62471800
5425,2020/05/01,815,70,358,195,740,405,88300,14700,51500,7300,8800,67883800
5426,2020/05/04,534,40,376,121,761,382,106400,17700,62000,8800,10600,65013600
5427,2020/05/05,809,62,464,273,968,403,60200,10000,35100,5000,6000,56130000
5428,2020/05/06,348,81,317,105,590,330,94400,15700,55000,7800,9400,58178400
5429,2020/05/07,033,70,205,121,310,492,87300,29100,58200,14500,8700,62099600
5430,2020/05/08,278,59,402,150,848,413,94300,15700,55000,7800,9400,68255800
5431,2020/05/11,837,57,567,164,1033,585,88900,14800,51800,7400,8800,77395600
5432,2020/05/12,996,57,133,101,180,456,124400,41400,82900,20700,12400,67545600
5433,2020/05/13,860,37,357,118,750,373,119800,19900,69800,9900,11900,70593600
5434,2020/05/14,700,101,294,162,351,854,70200,23400,46800,11700,7000,70428400
5435,2020/05/15,325,74,450,310,854,483,74600,12400,43500,6200,7400,74534200
5436,2020/05/18,803,131,718,337,1242,488,65300,10800,38000,5400,6500,87020600
5437,2020/05/19,162,46,532,152,1168,352,93500,15500,54500,7700,9300,73962200
5438,2020/05/20,729,102,532,339,977,447,68700,11400,40000,5700,6800,78575800
5439,2020/05/21,684,60,420,171,899,377,103400,17200,60300,8600,10300,78678800
5440,2020/05/22,406,75,383,222,764,392,102600,17100,59800,8500,10200,84654800
5441,2020/05/25,663,78,298,145,270,610,118700,39500,79100,19700,11800,100240600
5442,2020/05/26,178,82,508,273,914,468,79900,13300,46600,6600,7900,79764600
5443,2020/05/27,551,106,305,243,398,805,72700,24200,48400,12100,7200,83543000
5444,2020/05/28,343,58,192,118,268,417,129100,43000,86000,21500,12900,82387800
5445,2020/05/29,892,71,602,186,1316,631,88900,14800,51800,7400,8800,89474400
5446,2020/06/01,536,101,705,234,1258,724,86600,14400,50500,7200,8600,102501000
5447,2020/06/02,202,62,239,173,319,713,97300,32400,64800,16200,9700,82536800
5448,2020/06/03,697,60,382,162,741,541,115300,19200,67200,9600,11500,85644800
5449,2020/06/04,432,81,599,191,1212,620,84100,14000,49000,7000,8400,85084200
5450,2020/06/05,863,124,737,310,1378,679,67400,11200,39300,5600,6700,91520200
5451,2020/06/08,507,117,578,285,928,581,90800,15100,52900,7500,9000,103927200
5452,2020/06/09,744,75,243,148,253,586,105700,35200,70400,17600,10500,83511800
5453,2020/06/10,774,77,276,165,387,466,97500,32500,65000,16200,9700,84583000
5454,2020/06/11,383,61,209,130,256,431,121300,40400,80800,20200,12100,81719000
5455,2020/06/12,078,53,432,139,942,525,120400,20000,70200,10000,12000,90197000
5456,2020/06/15,712,136,1002,409,2124,626,62900,10400,36600,5200,6200,109342600
5457,2020/06/16,826,110,597,370,1087,708,68400,11400,39900,5700,6800,89260200
5458,2020/06/17,153,79,717,187,1532,545,86100,14300,50200,7100,8600,93727800
5459,2020/06/18,365,74,481,189,871,578,100700,16700,58700,8300,10000,88369600
5460,2020/06/19,734,77,642,278,1363,650,81200,13500,47300,6700,8100,94760400
5461,2020/06/22,197,84,725,176,1275,562,110200,18300,64200,9100,11000,115169800
5462,2020/06/23,988,68,295,142,300,748,104000,34600,69300,17300,10400,89193400
5463,2020/06/24,550,51,244,121,286,545,128900,42900,85900,21400,12800,90344400
5464,2020/06/25,981,39,628,127,1457,402,107000,17800,62400,8900,10700,90214400
5465,2020/06/26,709,103,730,266,1148,964,75900,12600,44200,6300,7500,96544600
5466,2020/06/29,801,116,842,287,1555,624,81400,13500,47400,6700,8100,111483200
5467,2020/06/30,245,86,556,200,1073,491,90100,15000,52500,7500,9000,86961600
5468,2020/07/01,358,376,965,864,1565,674,33600,5600,19600,2800,3300,92566600
5469,2020/07/02,510,114,516,287,1005,471,82600,13700,48100,6800,8200,91481800
5470,2020/07/03,464,93,257,139,312,625,112900,37600,75200,18800,11200,96874600
5471,2020/07/06,337,127,454,252,515,809,77500,25800,51600,12900,7700,105586200
5472,2020/07/07,112,112,286,239,425,416,82100,27300,54700,13600,8200,87483600
5473,2020/07/08,024,97,518,188,1190,591,88300,14700,51500,7300,8800,88590400
5474,2020/07/09,339,102,332,211,301,638,85100,28300,56700,14100,8500,88456200
5475,2020/07/10,937,54,522,160,1011,395,119000,19800,69400,9900,11900,94722400
5476,2020/07/13,182,61,752,165,1459,562,105100,17500,61300,8700,10500,107533800
5477,2020/07/14,738,66,556,209,1111,599,88800,14800,51800,7400,8800,85548000
5478,2020/07/15,697,93,506,225,953,529,94400,15700,55000,7800,9400,92500600
5479,2020/07/16,699,84,281,150,324,795,100400,33400,66900,16700,10000,91793600
5480,2020/07/17,613,86,674,331,1414,581,75400,12500,43900,6200,7500,95109400
5481,2020/07/20,350,96,684,177,1198,493,104400,17400,60900,8700,10400,107341800
5482,2020/07/21,378,91,485,274,964,656,81400,13500,47400,6700,8100,86454600
5483,2020/07/22,637,112,864,378,1517,717,61800,10300,36000,5100,6100,92756600
5484,2020/07/23,097,48,441,152,818,518,115300,19200,67200,9600,11500,84614600
5485,2020/07/24,224,117,301,228,338,611,83400,27800,55600,13900,8300,90243400
5486,2020/07/27,495,74,694,281,1359,458,92300,15300,53800,7600,9200,105208800
5487,2020/07/28,008,73,249,134,311,601,106400,35400,70900,17700,10600,84518600
5488,2020/07/29,902,78,534,275,1042,622,82900,13800,48300,6900,8200,87787200
5489,2020/07/30,555,366,0,0,0,644,89600,0,0,0,8900,85758600
5490,2020/07/31,130,102,549,241,1133,428,85600,14200,49900,7100,8500,89691600
5491,2020/08/03,009,147,429,253,480,835,76000,25300,50600,12600,7600,105183200
5492,2020/08/04,113,136,295,282,396,437,70900,23600,47200,11800,7000,83847600
5493,2020/08/05,229,101,291,234,319,463,84700,28200,56400,14100,8400,85419800
5494,2020/08/06,796,52,478,160,951,499,108500,18000,63200,9000,10800,85467600
5495,2020/08/07,332,75,278,205,424,532,97200,32400,64800,16200,9700,92526800
5496,2020/08/10,681,102,674,182,1327,510,91600,15200,53400,7600,9100,98229000
5497,2020/08/11,871,56,542,162,1231,390,95900,15900,55900,7900,9500,81518400
5498,2020/08/12,640,43,316,114,806,530,135000,22500,78700,11200,13500,84713200
5499,2020/08/13,998,76,245,180,266,557,101400,33800,67600,16900,10100,85172400
5500,2020/08/14,132,83,768,251,1559,517,80700,13400,47000,6700,8000,96682600
5501,2020/08/17,946,64,585,216,1100,704,105200,17500,61300,8700,10500,105183400
5502,2020/08/18,858,82,324,197,305,573,89400,29800,59600,14900,8900,85346400
5503,2020/08/19,884,74,204,124,254,442,124200,41400,82800,20700,12400,85954400
5504,2020/08/20,611,118,244,199,366,709,83500,27800,55600,13900,8300,86079800
5505,2020/08/21,529,91,480,261,933,564,88400,14700,51500,7300,8800,89865200
5506,2020/08/24,317,141,819,332,1487,645,70600,11700,41100,5800,7000,103618000
5507,2020/08/25,226,160,337,363,395,573,60400,20100,40200,10000,6000,85650800
5508,2020/08/26,687,59,484,159,942,613,107100,17800,62400,8900,10700,88639600
5509,2020/08/27,267,69,546,188,1190,574,91000,15100,53000,7500,9100,86209800
5510,2020/08/28,930,63,575,198,1089,521,99700,16600,58100,8300,9900,92431400
5511,2020/08/31,443,151,345,287,321,659,81600,27200,54400,13600,8100,104629200
5512,2020/09/01,838,74,277,161,357,443,101500,33800,67600,16900,10100,85154800
5513,2020/09/02,995,66,220,154,303,478,118600,39500,79000,19700,11800,89716800
5514,2020/09/03,716,111,498,311,918,450,77600,12900,45200,6400,7700,85783800
5515,2020/09/04,445,79,223,167,234,448,118300,39400,78800,19700,11800,91661200
5516,2020/09/07,793,76,597,194,1044,533,103500,17200,60300,8600,10300,98694000
5517,2020/09/08,948,66,522,173,1000,525,96800,16100,56400,8000,9600,83907200
5518,2020/09/09,461,68,515,177,1036,462,99900,16600,58200,8300,9900,86517200
5519,2020/09/10,899,71,258,137,323,477,111200,37000,74100,18500,11100,86494000
5520,2020/09/11,195,64,500,196,1060,318,106400,17700,62000,8800,10600,90316400
5521,2020/09/14,046,105,481,211,978,693,100600,16700,58600,8300,10000,102656200
5522,2020/09/15,848,64,283,195,282,411,100800,33600,67200,16800,10000,84326600
5523,2020/09/16,927,123,564,363,1133,597,67500,11200,39300,5600,6700,87447400
5524,2020/09/17,376,55,549,183,1142,491,95100,15800,55400,7900,9500,84031600
5525,2020/09/18,432,82,568,177,1117,715,90900,15100,53000,7500,9000,89860200
5526,2020/09/21,240,201,543,265,1044,355,76300,12700,44500,6300,7600,96419200
5527,2020/09/22,208,52,336,184,803,515,103600,17200,60400,8600,10300,76908600
5528,2020/09/23,365,69,472,206,856,413,96400,16000,56200,8000,9600,81568600
5529,2020/09/24,660,161,348,203,392,246,71800,23900,47800,11900,7100,80220400
5530,2020/09/25,040,88,309,191,321,270,96400,32100,64200,16000,9600,85464400
5531,2020/09/28,932,100,652,148,1285,611,98300,16300,57300,8100,9800,101279800
5532,2020/09/29,969,50,294,122,310,513,110100,36700,73400,18300,11000,81326800
5533,2020/09/30,130,87,480,172,941,507,96500,16000,56200,8000,9600,85040800
5534,2020/10/01,659,60,372,144,734,568,116600,19400,68000,9700,11600,84005000
5535,2020/10/02,040,93,220,132,266,400,121000,40300,80600,20100,12100,91083600
5536,2020/10/05,160,97,664,207,1236,502,95800,15900,55800,7900,9500,102533800
5537,2020/10/06,472,71,559,244,1162,481,82000,13600,47800,6800,8200,82360400
5538,2020/10/07,944,58,234,143,324,626,107200,35700,71400,17800,10700,82949600
5539,2020/10/08,277,57,282,147,418,510,95000,31600,63300,15800,9500,78091600
5540,2020/10/09,820,86,370,204,757,457,100000,16600,58300,8300,10000,83466800
5541,2020/10/12,979,72,225,141,346,450,126000,42000,84000,21000,12600,96279000
5542,2020/10/13,300,120,258,149,272,602,85900,28600,57200,14300,8500,78494000
5543,2020/10/14,424,104,273,206,364,462,83100,27700,55400,13800,8300,81109800
5544,2020/10/15,650,56,363,131,811,434,128200,21300,74700,10600,12800,86605000
5545,2020/10/16,680,48,521,185,1042,551,107600,17900,62700,8900,10700,91996200
5546,2020/10/19,829,117,505,299,941,627,88600,14700,51600,7300,8800,101744400
5547,2020/10/20,963,100,729,328,1610,473,63800,10600,37200,5300,6300,84387600
5548,2020/10/21,777,429,0,0,0,508,80900,0,0,0,8000,86272200
5549,2020/10/22,118,130,288,325,372,597,64900,21600,43200,10800,6400,81486200
5550,2020/10/23,846,58,639,210,1225,529,88900,14800,51800,7400,8800,87413800
5551,2020/10/26,937,116,731,250,1232,751,82700,13700,48200,6800,8200,103278000
5552,2020/10/27,129,114,649,368,1241,434,64800,10800,37800,5400,6400,84141600
5553,2020/10/28,862,84,572,161,1267,437,90400,15000,52700,7500,9000,84922600
5554,2020/10/29,481,51,570,155,1107,443,101900,16900,59400,8400,10100,84500800
5555,2020/10/30,458,58,469,271,885,646,94800,15800,55300,7900,9400,91135400
5556,2020/11/02,761,60,564,142,1084,460,125800,20900,73300,10400,12500,104386200
5557,2020/11/03,210,86,467,192,856,442,92200,15300,53700,7600,9200,80261000
5558,2020/11/04,322,100,349,217,503,703,73300,24400,48800,12200,7300,83979000
5559,2020/11/05,993,64,256,196,356,615,99200,33000,66100,16500,9900,88440000
5560,2020/11/06,415,112,515,275,1051,499,81200,13500,47300,6700,8100,89524800
5561,2020/11/09,174,100,729,236,1689,499,84400,14000,49200,7000,8400,103210600
5562,2020/11/10,242,45,259,101,391,638,114400,38100,76200,19000,11400,83292600
5563,2020/11/11,287,51,501,134,1132,545,109300,18200,63700,9100,10900,87814200
5564,2020/11/12,475,57,600,245,911,617,92400,15400,53900,7700,9200,89854200
5565,2020/11/13,922,87,230,264,335,476,96600,32200,64400,16100,9600,95197400
5566,2020/11/16,842,92,761,183,1554,471,94600,15700,55100,7800,9400,105599800
5567,2020/11/17,136,80,579,275,1386,754,71900,11900,41900,5900,7100,84429400
5568,2020/11/18,346,76,470,216,1188,467,91400,15200,53300,7600,9100,86569800
5569,2020/11/19,000,345,0,0,0,539,93000,0,0,0,9300,82517400
5570,2020/11/20,321,108,819,276,1712,655,61400,10200,35800,5100,6100,83830400
5571,2020/11/23,014,75,572,196,1298,574,91200,15200,53200,7600,9100,91303400
5572,2020/11/24,998,72,241,132,264,400,106900,35600,71200,17800,10600,77086200
5573,2020/11/25,945,60,463,169,925,477,100800,16800,58800,8400,10000,80805200
5574,2020/11/26,171,54,319,122,615,380,95900,31900,63900,15900,9500,81471600
5575,2020/11/27,282,70,394,234,520,523,78100,26000,52000,13000,7800,86206800
5576,2020/11/30,571,75,773,181,1318,382,98600,16400,57500,8200,9800,100310800
5577,2020/12/01,659,68,392,217,748,540,107100,17800,62400,8900,10700,89605800
5578,2020/12/02,729,98,542,351,1103,550,73000,12100,42500,6000,7300,87665400
5579,2020/12/03,275,78,712,225,1265,417,81100,13500,47300,6700,8100,85680600
5580,2020/12/04,201,77,518,173,1003,385,108600,18100,63300,9000,10800,93304800
5581,2020/12/07,314,215,822,468,1323,514,60100,10000,35000,5000,6000,105181200
5582,2020/12/08,898,69,295,162,331,486,98900,32900,65900,16400,9800,83333800
5583,2020/12/09,693,85,574,174,1374,400,87300,14500,50900,7200,8700,84780800
5584,2020/12/10,823,120,629,306,1238,549,71300,11800,41500,5900,7100,88993600
5585,2020/12/11,831,117,727,372,1649,560,64500,10700,37600,5300,6400,93013600
5586,2020/12/14,688,195,334,287,324,595,76000,25300,50600,12600,7600,103344600
5587,2020/12/15,377,82,273,155,312,545,105800,35200,70500,17600,10500,90037200
5588,2020/12/16,364,53,547,151,1138,551,105700,17600,61600,8800,10500,89849400
5589,2020/12/17,711,106,308,199,488,507,84400,28100,56200,14000,8400,88796600
5590,2020/12/18,017,81,611,205,1284,538,93300,15500,54400,7700,9300,96059800
5591,2020/12/21,421,116,901,314,1679,746,74400,12400,43400,6200,7400,109805400
5592,2020/12/22,689,98,473,184,868,492,99100,16500,57800,8200,9900,89431200
5593,2020/12/23,485,59,472,151,1045,429,117100,19500,68300,9700,11700,92634200
5594,2020/12/24,316,148,714,378,1213,504,64700,10700,37700,5300,6400,91933600
5595,2020/12/25,588,69,247,152,262,494,130300,43400,86800,21700,13000,100176000
5596,2020/12/28,925,183,839,409,1199,657,72200,12000,42100,6000,7200,116768000
5597,2020/12/29,439,87,668,317,1224,834,75600,12600,44100,6300,7500,95585200
5598,2020/12/30,013,98,675,201,1488,530,88900,14800,51800,7400,8800,99790400
5599,2021/01/04,489,139,474,240,929,426,93000,15500,54200,7700,9300,98875400
5600,2021/01/05,715,133,620,343,1128,566,69400,11500,40400,5700,6900,90612000
5601,2021/01/06,325,139,613,392,1107,462,65300,10800,38000,5400,6500,88307600
5602,2021/01/07,762,73,511,132,1164,502,99100,16500,57800,8200,9900,84288600
5603,2021/01/08,229,87,257,199,357,682,95400,31800,63600,15900,9500,91855200
5604,2021/01/11,051,81,695,173,1369,496,103400,17200,60300,8600,10300,106050800
5605,2021/01/12,197,86,601,187,1162,473,99900,16600,58200,8300,9900,97610400
5606,2021/01/13,517,134,687,306,1328,489,75400,12500,43900,6200,7500,98376000
5607,2021/01/14,053,48,586,126,1193,388,123400,20500,71900,10200,12300,98041600
5608,2021/01/15,740,64,497,173,1011,749,116500,19400,67900,9700,11600,105407600
5609,2021/01/18,240,89,950,243,1532,390,106100,17600,61800,8800,10600,131095200
5610,2021/01/19,355,119,328,220,340,689,84400,28100,56200,14000,8400,93884400
5611,2021/01/20,294,70,619,212,1257,596,93400,15500,54400,7700,9300,95789400
5612,2021/01/21,923,115,611,337,1136,556,77600,12900,45200,6400,7700,97297400
5613,2021/01/22,635,71,528,211,1058,822,99500,16500,58000,8200,9900,100084600
5614,2021/01/25,196,102,781,283,1679,672,88800,14800,51800,7400,8800,119369400
5615,2021/01/26,240,70,507,165,995,363,114500,19000,66700,9500,11400,94177200
5616,2021/01/27,602,79,477,195,960,612,105100,17500,61300,8700,10500,96577400
5617,2021/01/28,951,45,586,157,1286,387,114500,19000,66700,9500,11400,96767000
5618,2021/01/29,698,78,476,208,939,578,113100,18800,65900,9400,11300,104253600
5619,2021/02/01,514,153,734,389,1345,723,81300,13500,47400,6700,8100,124063800
5620,2021/02/02,509,77,619,237,979,636,92800,15400,54100,7700,9200,95648200
5621,2021/02/03,398,72,545,242,1126,468,97900,16300,57100,8100,9700,96814800
5622,2021/02/04,704,75,430,188,815,511,112900,18800,65800,9400,11200,94216000
5623,2021/02/05,281,71,734,208,1678,624,89700,14900,52300,7400,8900,103146600
5624,2021/02/08,357,178,1003,412,1625,702,65600,10900,38200,5400,6500,115477800
5625,2021/02/09,486,78,788,232,1566,452,78400,13000,45700,6500,7800,90770400
5626,2021/02/10,843,74,502,172,900,530,111900,18600,65200,9300,11100,96002000
5627,2021/02/11,641,62,540,140,1145,918,97900,16300,57100,8100,9700,91611400
5628,2021/02/12,000,301,0,0,0,758,119800,0,0,0,11900,100344200
5629,2021/02/15,744,76,281,131,320,758,135800,45200,90500,22600,13500,116569800
5630,2021/02/16,785,59,511,162,1032,496,116300,19300,67800,9600,11600,96783000
5631,2021/02/17,003,77,189,114,227,464,141900,47300,94600,23600,14100,94688400
5632,2021/02/18,912,109,991,427,2078,603,55600,9200,32400,4600,5500,93535000
5633,2021/02/19,154,72,557,135,1186,546,115400,19200,67300,9600,11500,101863000
5634,2021/02/22,179,82,655,193,1216,855,112100,18600,65300,9300,11200,122251600
5635,2021/02/23,862,52,880,202,1610,495,80900,13400,47100,6700,8000,89989400
5636,2021/02/24,385,152,1148,465,2020,354,51800,8600,30200,4300,5100,94347600
5637,2021/02/25,997,80,210,145,208,578,127300,42400,84800,21200,12700,95994000
5638,2021/02/26,298,110,591,337,1220,693,79500,13200,46300,6600,7900,101780400
5639,2021/03/01,246,147,1107,405,1613,871,69600,11600,40600,5800,6900,122190800
5640,2021/03/02,934,84,543,172,991,567,97600,16200,56900,8100,9700,89875600
5641,2021/03/03,291,98,730,253,1548,502,80700,13400,47000,6700,8000,98086800
5642,2021/03/04,931,101,762,232,1660,457,78600,13100,45800,6500,7800,95643200
5643,2021/03/05,831,127,907,439,1766,415,63900,10600,37200,5300,6300,102814400
5644,2021/03/08,097,123,539,187,1062,707,108000,18000,63000,9000,10800,115557600
5645,2021/03/09,807,56,636,207,1173,474,96300,16000,56100,8000,9600,91657400
5646,2021/03/10,566,132,267,197,317,975,84200,28000,56100,14000,8400,94142000
5647,2021/03/11,767,85,342,174,461,511,91700,30500,61100,15200,9100,90320600
5648,2021/03/12,759,50,503,171,950,450,121000,20100,70500,10000,12100,96272000
5649,2021/03/15,351,164,1551,271,2893,540,56800,9400,33100,4700,5600,110661600
5650,2021/03/16,642,99,967,204,1787,674,67100,11100,39100,5500,6700,88895400
5651,2021/03/17,881,56,206,160,352,424,123000,41000,82000,20500,12300,90907800
5652,2021/03/18,347,84,491,213,1034,592,92300,15300,53800,7600,9200,89335000
5653,2021/03/19,989,74,353,169,400,553,102600,34200,68400,17100,10200,97242000
5654,2021/03/22,048,81,490,166,1008,664,116100,19300,67700,9600,11600,105815000
5655,2021/03/23,369,189,679,523,1132,473,51200,8500,29800,4200,5100,85350200
5656,2021/03/24,876,43,532,141,955,525,116700,19400,68000,9700,11600,89761000
5657,2021/03/25,548,48,572,184,1007,403,107700,17900,62800,8900,10700,89734600
5658,2021/03/26,020,60,224,148,309,694,121600,40500,81000,20200,12100,95782200
5659,2021/03/29,574,72,597,157,1063,503,120600,20100,70300,10000,12000,107772400
5660,2021/03/30,526,109,594,248,1078,506,79200,13200,46200,6600,7900,86892200
5661,2021/03/31,985,58,618,150,1148,511,121600,20200,70900,10100,12100,106885000
5662,2021/04/01,655,65,237,99,356,642,126200,42000,84100,21000,12600,93538600
5663,2021/04/02,933,82,371,173,474,1081,85200,28400,56800,14200,8500,96300000
5664,2021/04/05,415,168,742,450,1269,557,68400,11400,39900,5700,6800,108894000
5665,2021/04/06,053,62,506,115,1015,456,114500,19000,66700,9500,11400,87430800
5666,2021/04/07,742,117,765,259,1599,656,67300,11200,39200,5600,6700,89026200
5667,2021/04/08,611,105,270,189,461,631,84800,28200,56500,14100,8400,86932800
5668,2021/04/09,684,127,655,182,1131,581,84700,14100,49400,7000,8400,93195400
5669,2021/04/12,178,204,944,531,1853,893,54500,9000,31700,4500,5400,110872200
5670,2021/04/13,136,135,744,273,1447,518,65400,10900,38100,5400,6500,85905000
5671,2021/04/14,680,77,373,146,831,365,120500,20000,70200,10000,12000,88445400
5672,2021/04/15,016,96,556,150,1032,452,107700,17900,62800,8900,10700,97517400
5673,2021/04/16,623,129,689,397,1520,649,67800,11300,39500,5600,6700,100545400
5674,2021/04/19,750,117,555,177,1131,582,108300,18000,63100,9000,10800,112057600
5675,2021/04/20,526,115,545,301,944,477,81500,13500,47500,6700,8100,91999400
5676,2021/04/21,258,113,685,357,1216,580,69700,11600,40600,5800,6900,92189800
5677,2021/04/22,148,74,656,196,1275,470,91900,15300,53600,7600,9100,92160000
5678,2021/04/23,762,102,643,160,1201,499,100400,16700,58500,8300,10000,100964600
5679,2021/04/26,109,172,650,375,1242,788,76900,12800,44800,6400,7600,116476400
5680,2021/04/27,053,52,498,153,940,412,117600,19600,68600,9800,11700,89906800
5681,2021/04/28,537,96,696,213,1317,631,81900,13600,47700,6800,8100,92759200
5682,2021/04/29,755,56,304,142,348,588,101800,33900,67800,16900,10100,83469800
5683,2021/04/30,050,86,306,184,356,405,110800,36900,73800,18400,11000,101086400
5684,2021/05/03,971,95,703,211,1284,502,96400,16000,56200,8000,9600,105504400
5685,2021/05/04,465,80,472,140,873,464,109800,18300,64000,9100,10900,87761600
5686,2021/05/05,782,104,617,173,1258,533,81700,13600,47600,6800,8100,84673800
5687,2021/05/06,475,90,578,246,1035,559,85700,14200,49900,7100,8500,89895800
5688,2021/05/07,068,69,462,139,880,645,120600,20100,70300,10000,12000,97874600
5689,2021/05/10,860,106,539,186,964,480,116500,19400,67900,9700,11600,112090800
5690,2021/05/11,753,139,713,313,1334,456,66300,11000,38600,5500,6600,87997800
5691,2021/05/12,265,62,641,177,1306,397,95200,15800,55500,7900,9500,89025600
5692,2021/05/13,958,75,620,188,1101,694,89200,14800,52000,7400,8900,89066000
5693,2021/05/14,863,105,782,335,1554,664,69300,11500,40400,5700,6900,96628600
5694,2021/05/17,615,136,854,338,1357,527,74800,12400,43600,6200,7400,106601400
5695,2021/05/18,270,81,531,175,1121,545,91900,15300,53600,7600,9100,85684400
5696,2021/05/19,855,84,339,162,293,573,95500,31800,63600,15900,9500,87313200
5697,2021/05/20,130,99,443,168,929,443,96900,16100,56500,8000,9600,84616000
5698,2021/05/21,151,115,287,132,516,529,92500,30800,61600,15400,9200,90017600
5699,2021/05/24,052,130,705,201,1258,578,87900,14600,51200,7300,8700,103099600
5700,2021/05/25,369,176,657,474,1160,494,56400,9400,32900,4700,5600,88899800
5701,2021/05/26,576,71,638,214,1266,593,85300,14200,49700,7100,8500,88560200
5702,2021/05/27,635,82,519,192,1126,517,88900,14800,51800,7400,8800,84184200
5703,2021/05/28,282,76,267,141,453,422,112000,37300,74600,18600,11200,93775000
5704,2021/05/31,493,86,632,283,1295,708,89900,14900,52400,7400,8900,106908200
5705,2021/06/01,117,172,328,335,463,527,62700,20900,41800,10400,6200,88442600
5706,2021/06/02,948,79,433,160,879,567,105900,17600,61700,8800,10500,88123200
5707,2021/06/03,633,91,369,151,449,628,85700,28500,57100,14200,8500,86212000
5708,2021/06/04,227,137,357,301,528,540,65600,21800,43700,10900,6500,87390800
5709,2021/06/07,118,367,785,705,883,822,35000,11600,23300,5800,3500,103391600
5710,2021/06/08,841,109,498,177,942,363,90900,15100,53000,7500,9000,82871600
5711,2021/06/09,736,79,596,220,1225,488,82400,13700,48000,6800,8200,83839400
5712,2021/06/10,746,56,500,171,952,511,105300,17500,61400,8700,10500,86480200
5713,2021/06/11,695,107,506,174,986,465,97600,16200,56900,8100,9700,91466400
5714,2021/06/14,901,109,574,209,1092,519,97900,16300,57100,8100,9700,102150400
5715,2021/06/15,108,145,736,425,1376,432,64800,10800,37800,5400,6400,97024000
5716,2021/06/16,553,150,233,163,350,554,94300,31400,62800,15700,9400,94373800
5717,2021/06/17,089,107,579,208,1370,485,84600,14100,49300,7000,8400,91731400
5718,2021/06/18,752,113,771,189,1524,381,84400,14000,49200,7000,8400,96954800
5719,2021/06/21,367,177,751,268,1251,557,79700,13200,46400,6600,7900,109547800
5720,2021/06/22,400,127,205,133,264,706,102900,34300,68600,17100,10200,91149000
5721,2021/06/23,836,48,563,198,1204,443,97400,16200,56800,8100,9700,87088600
5722,2021/06/24,153,144,688,217,1377,512,72200,12000,42100,6000,7200,88448600
5723,2021/06/25,093,108,524,182,1009,406,102100,17000,59500,8500,10200,96763800
5724,2021/06/28,479,147,785,327,1351,573,78000,13000,45500,6500,7800,110773000
5725,2021/06/29,736,126,539,236,1002,481,79500,13200,46300,6600,7900,85783800
5726,2021/06/30,389,116,580,252,1095,457,82800,13800,48300,6900,8200,91420000
5727,2021/07/01,472,76,778,273,1544,469,74200,12300,43200,6100,7400,89176600
5728,2021/07/02,759,117,494,216,1003,535,91400,15200,53300,7600,9100,94000600
5729,2021/07/05,591,107,699,185,1277,442,101900,16900,59400,8400,10100,109209200
5730,2021/07/06,641,103,504,117,1237,341,101600,16900,59200,8400,10100,88649400
5731,2021/07/07,888,505,0,0,0,672,70700,0,0,0,7000,89905400
5732,2021/07/08,758,153,514,292,893,656,69200,11500,40300,5700,6900,84485000
5733,2021/07/09,292,74,277,157,467,524,104100,34700,69400,17300,10400,92836800
5734,2021/07/12,768,164,479,184,842,534,100900,16800,58800,8400,10000,106488200
5735,2021/07/13,293,74,428,200,1042,485,95300,15800,55500,7900,9500,84223400
5736,2021/07/14,740,149,386,116,901,540,95300,15800,55500,7900,9500,86921000
5737,2021/07/15,920,140,465,253,952,380,81400,13500,47400,6700,8100,87339400
5738,2021/07/16,090,131,453,244,445,988,67300,22400,44800,11200,6700,92422800
5739,2021/07/19,415,211,778,459,1435,640,56800,9400,33100,4700,5600,100133200
5740,2021/07/20,900,143,250,136,308,602,87100,29000,58000,14500,8700,83000600
5741,2021/07/21,803,78,494,227,1016,321,96500,16000,56200,8000,9600,87849400
5742,2021/07/22,764,108,432,143,887,655,91400,15200,53300,7600,9100,81828000
5743,2021/07/23,378,150,567,308,1069,572,68000,11300,39600,5600,6800,86227200
5744,2021/07/26,388,201,231,160,339,539,91100,30300,60700,15100,9100,100265200
5745,2021/07/27,556,134,160,173,192,834,86500,28800,57600,14400,8600,80420400
5746,2021/07/28,614,160,407,269,821,490,72800,12100,42400,6000,7200,81314400
5747,2021/07/29,764,125,492,157,898,315,89900,14900,52400,7400,8900,80945800
5748,2021/07/30,704,144,458,271,755,378,83000,13800,48400,6900,8300,88447800
5749,2021/08/02,239,259,764,366,1360,897,57700,9600,33600,4800,5700,103069200
5750,2021/08/03,240,253,619,412,1063,449,49300,8200,28700,4100,4900,79986200
5751,2021/08/04,696,117,208,115,259,550,101700,33900,67800,16900,10100,81679400
5752,2021/08/05,345,91,413,264,689,462,88100,14600,51300,7300,8800,81782800
5753,2021/08/06,163,254,583,282,1209,512,58700,9700,34200,4800,5800,87223000
5754,2021/08/09,419,287,575,298,993,909,56700,9400,33000,4700,5600,92151000
5755,2021/08/10,599,148,145,82,206,600,104300,34700,69500,17300,10400,80077000
5756,2021/08/11,261,151,601,195,1414,393,70800,11800,41300,5900,7000,82155600
5757,2021/08/12,745,142,358,171,833,375,88300,14700,51500,7300,8800,80158200
5758,2021/08/13,707,241,250,147,289,447,80500,26800,53600,13400,8000,92181000
5759,2021/08/16,746,247,707,264,1231,645,67600,11200,39400,5600,6700,103130200
5760,2021/08/17,630,233,503,203,911,403,67700,11200,39400,5600,6700,82968200
5761,2021/08/18,144,229,289,108,353,686,72400,24100,48200,12000,7200,84434400
5762,2021/08/19,034,160,436,147,909,476,84100,14000,49000,7000,8400,82638000
5763,2021/08/20,862,166,609,230,1216,473,73500,12200,42800,6100,7300,89978600
5764,2021/08/23,128,316,799,396,1457,909,50900,8400,29600,4200,5000,100953200
5765,2021/08/24,841,120,677,214,1200,390,74200,12300,43200,6100,7400,81904800
5766,2021/08/25,760,69,406,175,812,291,114800,19100,66900,9500,11400,85622200
5767,2021/08/26,987,159,549,200,1031,644,74100,12300,43200,6100,7400,85263600
5768,2021/08/27,413,214,480,318,981,591,65000,10800,37900,5400,6500,89681600
5769,2021/08/30,412,350,754,311,1328,451,57700,9600,33600,4800,5700,104257000
5770,2021/08/31,335,78,225,253,299,514,90200,30000,60100,15000,9000,84797000
5771,2021/09/01,502,360,435,228,813,379,59300,9800,34500,4900,5900,88548000
5772,2021/09/02,933,193,252,110,313,534,84400,28100,56200,14000,8400,85508800
5773,2021/09/03,099,390,255,154,357,502,60600,20200,40400,10100,6000,92589800
5774,2021/09/06,595,321,277,136,340,409,79100,26300,52700,13100,7900,105817600
5775,2021/09/07,059,293,692,211,1412,399,55100,9100,32100,4500,5500,84469000
5776,2021/09/08,547,294,468,145,874,473,65700,10900,38300,5400,6500,84204800
5777,2021/09/09,916,99,506,333,1027,438,74400,12400,43400,6200,7400,83918000
5778,2021/09/10,931,241,610,203,1436,440,66900,11100,39000,5500,6600,92981000
5779,2021/09/13,040,424,199,168,189,496,66800,22200,44500,11100,6600,101462000
5780,2021/09/14,468,70,496,278,939,403,81200,13500,47300,6700,8100,78240200
5781,2021/09/15,032,428,435,205,973,629,49200,8200,28700,4100,4900,83592000
5782,2021/09/16,662,213,208,129,303,362,82300,27400,54800,13700,8200,83304600
5783,2021/09/17,714,153,733,372,1423,454,62100,10300,36200,5100,6200,90692000
5784,2021/09/20,723,192,725,450,1318,571,56000,9300,32600,4600,5600,92417000
5785,2021/09/21,114,101,248,245,319,337,82000,27300,54600,13600,8200,79119000
5786,2021/09/22,708,63,355,162,721,349,115600,19200,67400,9600,11500,80068800
5787,2021/09/23,975,69,361,152,752,550,100500,16700,58600,8300,10000,74980400
5788,2021/09/24,262,47,275,121,476,382,113100,37700,75400,18800,11300,84724200
5789,2021/09/27,275,78,796,283,1488,381,80300,13300,46800,6600,8000,96023200
5790,2021/09/28,226,108,220,239,267,528,81800,27200,54500,13600,8100,79703200
5791,2021/09/29,610,121,391,237,713,416,84600,14100,49300,7000,8400,79994400
5792,2021/09/30,606,78,409,216,462,523,74200,24700,49400,12300,7400,80426800
5793,2021/10/01,910,123,494,260,1011,494,75900,12600,44200,6300,7500,82758000
5794,2021/10/04,876,52,501,136,833,458,137300,22800,80000,11400,13700,100762400
5795,2021/10/05,033,58,294,166,420,674,103500,34500,69000,17200,10300,92979400
5796,2021/10/06,649,60,707,268,1167,849,81500,13500,47500,6700,8100,93607200
5797,2021/10/07,716,86,522,349,1084,477,77100,12800,44900,6400,7700,88243800
5798,2021/10/08,071,42,685,142,1356,397,110000,18300,64100,9100,11000,95771200
5799,2021/10/11,473,80,551,165,1141,741,99300,16500,57900,8200,9900,96566000
5800,2021/10/12,461,56,545,184,1176,338,88900,14800,51800,7400,8800,76259600
5801,2021/10/13,642,52,556,182,1175,499,87300,14500,50900,7200,8700,77408400
5802,2021/10/14,019,59,387,115,849,406,118100,19600,68800,9800,11800,79307800
5803,2021/10/15,968,53,385,177,798,401,125200,20800,73000,10400,12500,91033600
5804,2021/10/18,527,121,808,379,1356,654,69500,11500,40500,5700,6900,101289600
5805,2021/10/19,491,42,466,128,978,785,114100,19000,66500,9500,11400,89907400
5806,2021/10/20,353,41,229,125,305,1393,115300,38400,76800,19200,11500,100159000
5807,2021/10/21,722,132,265,192,367,1370,77400,25800,51600,12900,7700,94049800
5808,2021/10/22,426,122,608,291,1098,1194,75100,12500,43800,6200,7500,100901000
5809,2021/10/25,970,73,764,234,1301,3420,99500,16500,58000,8200,9900,174069800
5810,2021/10/26,495,51,630,187,1353,787,103400,17200,60300,8600,10300,104943000
5811,2021/10/27,488,45,291,108,327,630,118200,39400,78800,19700,11800,87096400
5812,2021/10/28,187,54,522,180,1164,479,94200,15700,54900,7800,9400,81883000
5813,2021/10/29,236,119,793,390,1528,717,58000,9600,33800,4800,5800,87375000
5814,2021/11/01,042,99,912,196,1596,1010,92800,15400,54100,7700,9200,123614600
5815,2021/11/02,265,56,627,217,1307,2070,91800,15300,53500,7600,9100,123089800
5816,2021/11/03,188,56,214,139,378,1785,98400,32800,65600,16400,9800,100950400
5817,2021/11/04,063,75,434,118,904,453,111500,18500,65000,9200,11100,83468200
5818,2021/11/05,169,59,680,258,1487,509,81700,13600,47600,6800,8100,90392800
5819,2021/11/08,576,96,683,155,1257,815,94900,15800,55300,7900,9400,102675600
5820,2021/11/09,024,55,469,156,980,687,94400,15700,55000,7800,9400,78597200
5821,2021/11/10,905,75,394,196,782,893,91700,15200,53400,7600,9100,83478800
5822,2021/11/11,748,59,511,205,974,549,93100,15500,54300,7700,9300,82727200
5823,2021/11/12,635,116,608,234,1251,547,78900,13100,46000,6500,7800,89936800
5824,2021/11/15,245,89,824,284,1621,549,77200,12800,45000,6400,7700,99891000
5825,2021/11/16,313,100,270,193,375,564,84400,28100,56200,14000,8400,82083000
5826,2021/11/17,967,62,491,185,914,442,98400,16400,57400,8200,9800,81392200
5827,2021/11/18,802,62,408,262,871,392,92200,15300,53700,7600,9200,80867800
5828,2021/11/19,571,67,677,234,1490,499,78500,13000,45700,6500,7800,85611200
5829,2021/11/22,363,88,249,147,303,591,113500,37800,75600,18900,11300,95494400
5830,2021/11/23,549,58,394,147,885,428,102000,17000,59500,8500,10200,73921600
5831,2021/11/24,448,93,357,239,324,479,77100,25700,51400,12800,7700,81159200
5832,2021/11/25,357,149,867,440,1472,651,49400,8200,28800,4100,4900,81100000
5833,2021/11/26,931,51,566,196,1237,450,97300,16200,56700,8100,9700,88252200
5834,2021/11/29,935,131,643,298,1090,434,80800,13400,47100,6700,8000,98161200
5835,2021/11/30,840,85,497,169,1065,572,89200,14800,52000,7400,8900,81743200
5836,2021/12/01,126,114,619,406,1366,631,60700,10100,35400,5000,6000,85202000
5837,2021/12/02,398,63,487,200,931,859,97700,16200,56900,8100,9700,92201400
5838,2021/12/03,856,85,626,246,1235,480,85800,14300,50000,7100,8500,92305400
5839,2021/12/06,075,90,581,157,1116,578,108200,18000,63100,9000,10800,103269400
5840,2021/12/07,871,41,489,139,1141,305,110900,18400,64600,9200,11000,81190200
5841,2021/12/08,570,26,383,88,814,329,157100,26100,91600,13000,15700,84466200
5842,2021/12/09,398,80,488,213,885,342,94700,15700,55200,7800,9400,82872800
5843,2021/12/10,540,69,459,144,1042,474,116300,19300,67800,9600,11600,94061800
5844,2021/12/13,418,169,750,358,1305,653,68600,11400,40000,5700,6800,103197000
5845,2021/12/14,702,51,426,173,891,389,109900,18300,64100,9100,10900,82091200
5846,2021/12/15,728,156,606,382,1060,493,67800,11300,39500,5600,6700,93061200
5847,2021/12/16,074,54,499,144,1072,481,113500,18900,66200,9400,11300,90448400
5848,2021/12/17,050,49,218,129,292,411,145000,48300,96600,24100,14500,95881800
5849,2021/12/20,245,87,666,274,1160,672,93500,15500,54500,7700,9300,108467800
5850,2021/12/21,858,37,226,126,268,609,130700,43500,87100,21700,13000,87703200
5851,2021/12/22,365,105,587,257,1045,515,83300,13800,48500,6900,8300,90996200
5852,2021/12/23,486,73,650,202,1194,684,87100,14500,50800,7200,8700,90503200
5853,2021/12/24,069,55,554,179,1179,682,105100,17500,61300,8700,10500,97682800
5854,2021/12/27,692,85,685,233,1418,566,96600,16100,56300,8000,9600,109542000
5855,2021/12/28,553,80,255,137,340,603,109800,36600,73200,18300,10900,91132400
5856,2021/12/29,737,64,258,140,359,891,109300,36400,72800,18200,10900,95283200
5857,2021/12/30,131,121,446,248,657,590,72600,24200,48400,12100,7200,97424200
5858,2022/01/04,394,74,547,226,1126,599,96700,16100,56400,8000,9600,96919000
5859,2022/01/05,917,169,550,338,973,715,66900,11100,39000,5500,6600,90839800
5860,2022/01/06,201,41,441,179,968,812,105900,17600,61700,8800,10500,89614600
5861,2022/01/07,698,38,429,155,870,575,126800,21100,73900,10500,12600,93001600
5862,2022/01/10,758,112,795,299,1421,596,83000,13800,48400,6900,8300,110193800
5863,2022/01/11,906,87,470,222,910,389,102900,17100,60000,8500,10200,93715000
5864,2022/01/12,372,102,622,240,1166,506,81800,13600,47700,6800,8100,89697200
5865,2022/01/13,387,61,552,159,1128,627,97200,16200,56700,8100,9700,86973000
5866,2022/01/14,946,66,719,222,1444,807,84500,14000,49200,7000,8400,97056400
5867,2022/01/17,529,195,816,362,1357,1021,67300,11200,39200,5600,6700,113271600
5868,2022/01/18,118,267,489,547,392,759,40800,13600,27200,6800,4000,84905000
5869,2022/01/19,330,119,240,191,299,672,86400,28800,57600,14400,8600,85138400
5870,2022/01/20,739,49,531,232,1060,562,92700,15400,54000,7700,9200,86068000
5871,2022/01/21,597,77,556,189,943,760,93800,15600,54700,7800,9300,90610800
5872,2022/01/24,207,104,635,220,957,606,100000,16600,58300,8300,10000,106349200
5873,2022/01/25,607,85,375,145,702,319,121000,20100,70500,10000,12100,86726200
5874,2022/01/26,988,72,261,157,306,586,109500,36500,73000,18200,10900,90845200
5875,2022/01/27,995,49,177,101,252,456,148800,49600,99200,24800,14800,86980400
5876,2022/01/28,355,105,346,216,326,852,83900,27900,55900,13900,8300,93945000
5877,2022/01/31,125,225,875,426,1408,759,59600,9900,34700,4900,5900,107720200
5878,2022/02/01,372,91,662,261,1274,538,76000,12600,44300,6300,7600,86835400
5879,2022/02/02,160,44,405,101,889,599,133900,22300,78100,11100,13300,90579800
5880,2022/02/03,839,76,744,230,1602,647,76200,12700,44400,6300,7600,90158400
5881,2022/02/04,094,87,561,215,1206,567,91800,15300,53500,7600,9100,94566800
5882,2022/02/07,138,125,952,287,1735,1082,69400,11500,40400,5700,6900,108681000
5883,2022/02/08,355,114,269,207,275,527,88400,29400,58900,14700,8800,86517200
5884,2022/02/09,008,40,250,142,379,452,122800,40900,81800,20400,12200,89103400
5885,2022/02/10,577,68,274,143,396,848,94000,31300,62600,15600,9400,84743600
5886,2022/02/11,888,453,0,0,0,912,74400,0,0,0,7400,90038000
5887,2022/02/14,973,79,674,174,1408,632,100800,16800,58800,8400,10000,106129000
5888,2022/02/15,280,61,486,137,921,430,122600,20400,71500,10200,12200,93122200
5889,2022/02/16,494,117,268,136,303,390,108100,36000,72000,18000,10800,92912200
5890,2022/02/17,719,198,535,281,933,583,72000,12000,42000,6000,7200,94045600
5891,2022/02/18,098,98,759,275,1682,821,73600,12200,42900,6100,7300,99320200
5892,2022/02/21,991,82,440,176,577,479,100100,33300,66700,16600,10000,109086400
5893,2022/02/22,481,48,568,138,1092,477,115400,19200,67300,9600,11500,92845000
5894,2022/02/23,520,68,431,179,786,482,110800,18400,64600,9200,11000,88149800
5895,2022/02/24,811,116,261,188,460,678,84200,28000,56100,14000,8400,88554800
5896,2022/02/25,951,52,592,194,1206,500,105600,17600,61600,8800,10500,97306400
5897,2022/02/28,358,520,1304,1054,1798,771,32300,5300,18800,2600,3200,113477800
5898,2022/03/01,463,113,696,258,1340,638,75400,12500,43900,6200,7500,92996800
5899,2022/03/02,735,108,878,331,1595,548,67100,11100,39100,5500,6700,94744200
5900,2022/03/03,907,139,572,261,971,496,81500,13500,47500,6700,8100,93657800
5901,2022/03/04,432,77,548,198,1195,530,102100,17000,59500,8500,10200,99024600
5902,2022/03/07,493,75,708,224,1297,715,98400,16400,57400,8200,9800,110046400
5903,2022/03/08,348,71,557,212,1081,852,85900,14300,50100,7100,8500,88371400
5904,2022/03/09,516,134,561,308,1112,732,73000,12100,42500,6000,7300,92966800
5905,2022/03/10,920,196,519,216,945,575,76400,12700,44500,6300,7600,92583800
5906,2022/03/11,790,67,462,153,927,615,116200,19300,67700,9600,11600,96094400
5907,2022/03/14,552,67,262,151,376,603,131200,43700,87400,21800,13100,110255400
5908,2022/03/15,805,106,576,265,1028,552,79400,13200,46300,6600,7900,87806400
5909,2022/03/16,567,155,436,288,730,650,80900,13400,47100,6700,8000,93817800
5910,2022/03/17,798,256,627,276,1402,778,57000,9500,33200,4700,5700,90719000
5911,2022/03/18,529,90,581,329,1148,681,76900,12800,44800,6400,7600,92750200
5912,2022/03/21,133,94,310,124,558,940,99700,33200,66400,16600,9900,103510200
5913,2022/03/22,428,78,537,297,972,579,78600,13100,45800,6500,7800,83788000
5914,2022/03/23,028,113,446,103,792,456,112700,18700,65700,9300,11200,89947400
5915,2022/03/24,959,90,192,148,218,421,118000,39300,78600,19600,11800,86890200
5916,2022/03/25,928,311,639,440,1212,730,54000,9000,31500,4500,5400,101843600
5917,2022/03/28,943,122,716,246,1316,876,96100,16000,56000,8000,9600,124415800
5918,2022/03/29,515,145,243,218,306,650,83300,27700,55500,13800,8300,90294000
5919,2022/03/30,522,122,298,183,391,776,88300,29400,58800,14700,8800,95389000
5920,2022/03/31,733,47,353,146,441,812,105500,35100,70300,17500,10500,97743400
5921,2022/04/01,194,236,536,227,1090,835,77600,12900,45200,6400,7700,109101000
5922,2022/04/04,060,88,264,149,314,658,125700,41900,83800,20900,12500,109922200
5923,2022/04/05,106,88,542,274,992,546,82600,13700,48100,6800,8200,87285200
5924,2022/04/06,922,104,238,206,282,581,91400,30400,60900,15200,9100,86533800
5925,2022/04/07,622,371,282,238,439,548,52500,17500,35000,8700,5200,87840800
5926,2022/04/08,683,81,590,198,1308,1201,78600,13100,45800,6500,7800,91545200
5927,2022/04/11,391,106,766,266,1638,480,81200,13500,47300,6700,8100,103490400
5928,2022/04/12,338,82,210,143,265,448,109300,36400,72800,18200,10900,81757000
5929,2022/04/13,882,64,297,164,358,474,97100,32300,64700,16100,9700,81917600
5930,2022/04/14,859,179,419,151,983,418,81200,13500,47300,6700,8100,83156400
5931,2022/04/15,451,75,981,205,2052,431,74300,12300,43300,6100,7400,94558200
5932,2022/04/18,950,91,714,264,1302,513,92200,15300,53700,7600,9200,107411600
5933,2022/04/19,124,98,515,269,1024,472,81600,13600,47600,6800,8100,85899800
5934,2022/04/20,162,43,602,168,1438,428,97100,16100,56600,8000,9700,87230400
5935,2022/04/21,040,69,214,121,257,657,118200,39400,78800,19700,11800,86630000
5936,2022/04/22,193,127,651,310,1257,628,71700,11900,41800,5900,7100,93121200
5937,2022/04/25,696,74,339,215,351,783,104000,34600,69300,17300,10400,107986400
5938,2022/04/26,939,53,298,144,268,665,103900,34600,69200,17300,10300,83071600
5939,2022/04/27,183,120,650,237,1524,587,73400,12200,42800,6100,7300,90141600
5940,2022/04/28,621,118,553,249,1079,890,76300,12700,44500,6300,7600,90691000
5941,2022/04/29,226,173,406,326,404,571,60200,20000,40100,10000,6000,86989200
5942,2022/05/02,468,107,720,368,1193,794,81300,13500,47400,6700,8100,112204400
5943,2022/05/03,985,61,444,126,944,552,107700,17900,62800,8900,10700,81954000
5944,2022/05/04,394,173,702,251,1183,563,66700,11100,38900,5500,6600,87660400
5945,2022/05/05,655,203,250,89,338,858,80500,26800,53600,13400,8000,87303600
5946,2022/05/06,529,132,680,376,1186,678,67300,11200,39200,5600,6700,94449600
5947,2022/05/09,283,128,740,269,1401,731,80900,13400,47100,6700,8000,107648800
5948,2022/05/10,408,112,383,233,702,509,98700,16400,57500,8200,9800,92419600
5949,2022/05/11,713,107,760,323,1568,525,64700,10700,37700,5300,6400,87026000
5950,2022/05/12,264,78,703,189,1387,511,80400,13400,46900,6700,8000,84389800
5951,2022/05/13,612,96,675,272,1336,481,77000,12800,44900,6400,7700,90154800
5952,2022/05/16,981,65,664,167,1542,655,103600,17200,60400,8600,10300,107592800
5953,2022/05/17,150,71,458,134,1102,489,109100,18100,63600,9000,10900,88864800
5954,2022/05/18,007,116,318,213,342,433,85500,28500,57000,14200,8500,88243800
5955,2022/05/19,603,81,428,224,905,390,96600,16100,56300,8000,9600,85395000
5956,2022/05/20,941,47,544,149,1157,541,111000,18500,64700,9200,11100,92601800
5957,2022/05/23,319,157,1124,485,1900,679,55600,9200,32400,4600,5500,105574200
5958,2022/05/24,123,145,600,428,1022,824,57400,9500,33400,4700,5700,84496000
5959,2022/05/25,940,59,363,115,876,592,122700,20400,71500,10200,12200,86936400
5960,2022/05/26,544,61,312,100,464,720,105100,35000,70000,17500,10500,88989600
5961,2022/05/27,431,55,554,197,1286,582,94800,15800,55300,7900,9400,90157000
5962,2022/05/30,250,84,576,179,1035,485,110500,18400,64400,9200,11000,102940800
5963,2022/05/31,790,51,464,131,929,436,116200,19300,67700,9600,11600,84151000
5964,2022/06/01,030,43,218,122,314,541,134000,44600,89300,22300,13400,90357400
5965,2022/06/02,044,121,325,156,393,605,86100,28700,57400,14300,8600,87945600
5966,2022/06/03,677,88,208,120,284,889,111400,37100,74200,18500,11100,92487000
5967,2022/06/06,739,101,672,275,1232,747,82500,13700,48100,6800,8200,100992400
5968,2022/06/07,936,93,700,236,1733,585,68800,11400,40100,5700,6800,84215400
5969,2022/06/08,640,63,517,190,927,660,95900,15900,55900,7900,9500,86010400
5970,2022/06/09,415,134,593,400,1111,492,65000,10800,37900,5400,6500,87838000
5971,2022/06/10,274,109,759,298,1553,747,73200,12200,42700,6100,7300,99816000
5972,2022/06/13,272,80,400,158,586,589,97700,32500,65100,16200,9700,103221400
5973,2022/06/14,753,74,603,249,1139,610,75000,12500,43700,6200,7500,79321800
5974,2022/06/15,492,55,555,182,1193,523,101800,16900,59300,8400,10100,91788600
5975,2022/06/16,597,45,501,198,1067,537,105100,17500,61300,8700,10500,90364200
5976,2022/06/17,087,65,468,159,1091,630,113100,18800,65900,9400,11300,97958400
5977,2022/06/20,112,148,366,256,454,609,83800,27900,55800,13900,8300,107565600
5978,2022/06/21,445,57,150,150,192,535,135700,45200,90400,22600,13500,88231400
5979,2022/06/22,377,104,283,138,395,681,92300,30700,61500,15300,9200,87091200
5980,2022/06/23,844,72,228,115,327,726,113100,37700,75400,18800,11300,88437800
5981,2022/06/24,959,83,456,148,591,582,86500,28800,57600,14400,8600,94284200
5982,2022/06/27,953,100,713,213,1353,600,91200,15200,53200,7600,9100,104615600
5983,2022/06/28,098,181,502,186,1107,652,72600,12100,42300,6000,7200,85630400
5984,2022/06/29,483,78,446,154,811,557,103400,17200,60300,8600,10300,84044600
5985,2022/06/30,134,69,434,161,981,676,101800,16900,59300,8400,10100,87045600
5986,2022/07/01,089,174,463,163,951,622,87600,14600,51100,7300,8700,94944400
5987,2022/07/04,671,67,632,240,1279,738,94600,15700,55100,7800,9400,103659400
5988,2022/07/05,640,58,338,103,713,686,125300,20800,73000,10400,12500,84263800
5989,2022/07/06,771,74,246,152,393,365,107400,35800,71600,17900,10700,85788200
5990,2022/07/07,628,78,581,261,1224,669,80400,13400,46900,6700,8000,88632000
5991,2022/07/08,641,55,573,169,1338,556,98900,16400,57600,8200,9800,91522000
5992,2022/07/11,606,85,347,200,510,514,103100,34300,68700,17100,10300,107792400
5993,2022/07/12,043,66,386,150,715,576,113500,18900,66200,9400,11300,84522200
5994,2022/07/13,689,56,315,138,698,562,125200,20800,73000,10400,12500,84441800
5995,2022/07/14,949,90,280,128,295,522,99300,33100,66200,16500,9900,81660800
5996,2022/07/15,359,73,583,231,1057,469,89000,14800,51900,7400,8900,87047000
5997,2022/07/18,994,77,203,149,252,754,120500,40100,80300,20000,12000,96790200
5998,2022/07/19,459,112,751,360,1301,538,58700,9700,34200,4800,5800,79595000
5999,2022/07/20,941,55,539,198,1103,504,93700,15600,54600,7800,9300,83862000
6000,2022/07/21,217,268,1015,467,2198,683,41600,6900,24200,3400,4100,88900400
6001,2022/07/22,414,85,306,186,290,560,96000,32000,64000,16000,9600,88666200
6002,2022/07/25,370,68,730,209,1346,524,94000,15600,54800,7800,9400,99481200
6003,2022/07/26,208,35,430,195,904,476,104700,17400,61000,8700,10400,79907600
6004,2022/07/27,047,92,638,203,1258,600,76500,12700,44600,6300,7600,81961000
6005,2022/07/28,691,185,583,191,1341,465,69400,11500,40400,5700,6900,85122200
6006,2022/07/29,705,135,517,358,929,380,72100,12000,42000,6000,7200,87429800
6007,2022/08/01,827,105,649,283,1249,717,81400,13500,47400,6700,8100,100331000
6008,2022/08/02,890,62,592,232,1188,446,82600,13700,48100,6800,8200,80718400
6009,2022/08/03,818,139,313,295,345,526,66900,22300,44600,11100,6600,81850600
6010,2022/08/04,475,70,396,187,783,544,98700,16400,57500,8200,9800,80041000
6011,2022/08/05,509,93,534,266,986,819,78700,13100,45900,6500,7800,87705000
6012,2022/08/08,546,149,485,155,1067,695,92400,15400,53900,7700,9200,98304600
6013,2022/08/09,498,67,489,248,1138,683,77100,12800,44900,6400,7700,78214200
6014,2022/08/10,257,75,542,231,1167,552,82300,13700,48000,6800,8200,82792200
6015,2022/08/11,802,56,371,176,797,546,101900,16900,59400,8400,10100,77353600
6016,2022/08/12,731,121,704,316,1322,576,65800,10900,38300,5400,6500,86430400
6017,2022/08/15,033,89,341,143,405,1145,95100,31700,63400,15800,9500,101444600
6018,2022/08/16,624,102,633,279,1156,626,71000,11800,41400,5900,7100,83569600
6019,2022/08/17,287,180,630,132,1193,569,76900,12800,44800,6400,7600,88669800
6020,2022/08/18,302,99,419,214,784,459,95500,15900,55700,7900,9500,85985400
6021,2022/08/19,462,79,565,152,1176,607,98100,16300,57200,8100,9800,91757600
6022,2022/08/22,849,74,505,171,1093,605,114300,19000,66600,9500,11400,104095600
6023,2022/08/23,048,46,497,154,921,647,107200,17800,62500,8900,10700,85806600
6024,2022/08/24,877,82,286,165,353,675,93100,31000,62000,15500,9300,85610000
6025,2022/08/25,252,66,238,137,407,517,109600,36500,73000,18200,10900,86762200
6026,2022/08/26,514,129,547,355,1154,624,72800,12100,42400,6000,7200,94791200
6027,2022/08/29,988,87,310,134,320,718,113700,37900,75800,18900,11300,102352200
6028,2022/08/30,879,67,678,258,1199,619,77000,12800,44900,6400,7700,84342000
6029,2022/08/31,685,284,409,167,834,369,72200,12000,42100,6000,7200,89299800
6030,2022/09/01,353,66,260,152,308,573,106700,35500,71100,17700,10600,86040200
6031,2022/09/02,347,68,555,254,1122,657,89600,14900,52200,7400,8900,93169200
6032,2022/09/05,591,81,729,225,1312,771,91700,15200,53400,7600,9100,106013200
6033,2022/09/06,114,89,227,211,261,482,93900,31300,62600,15600,9300,82861400
6034,2022/09/07,892,48,429,157,1080,358,112200,18700,65400,9300,11200,84033000
6035,2022/09/08,020,131,229,185,289,551,87400,29100,58200,14500,8700,84318200
6036,2022/09/09,566,86,174,116,236,1442,100500,33500,67000,16700,10000,90486800
6037,2022/09/12,411,91,255,175,340,685,109100,36300,72700,18100,10900,101303000
6038,2022/09/13,170,171,397,158,907,371,85300,14200,49700,7100,8500,83839800
6039,2022/09/14,318,145,532,362,1216,511,61500,10200,35800,5100,6100,81629000
6040,2022/09/15,988,56,219,147,281,626,109400,36400,72900,18200,10900,81830600
6041,2022/09/16,979,56,338,148,410,767,98200,32700,65400,16300,9800,89994800
6042,2022/09/19,445,176,254,180,258,630,80700,26900,53800,13400,8000,87331200
6043,2022/09/20,232,36,292,147,468,679,91800,30600,61200,15300,9100,76959000
6044,2022/09/21,281,30,519,126,1226,419,110000,18300,64100,9100,11000,81703800
6045,2022/09/22,595,33,256,128,267,522,125700,41900,83800,20900,12500,83911600
6046,2022/09/23,278,42,467,172,945,691,101900,16900,59400,8400,10100,83403200
6047,2022/09/26,222,648,0,0,0,759,61000,0,0,0,6100,98188000
6048,2022/09/27,443,84,204,149,270,440,101500,33800,67600,16900,10100,76833000
6049,2022/09/28,727,214,330,292,360,479,60300,20100,40200,10000,6000,84055400
6050,2022/09/29,274,85,664,282,1492,504,67600,11200,39400,5600,6700,80416600
6051,2022/09/30,125,116,503,308,1030,503,76800,12800,44800,6400,7600,88024000
6052,2022/10/03,394,68,689,281,1327,588,86700,14400,50500,7200,8600,99505000
6053,2022/10/04,009,100,283,172,365,560,85200,28400,56800,14200,8500,80712800
6054,2022/10/05,146,53,426,136,1104,625,101700,16900,59300,8400,10100,80906600
6055,2022/10/06,432,69,398,164,996,416,99200,16500,57800,8200,9900,78431800
6056,2022/10/07,031,62,523,178,1161,468,94400,15700,55000,7800,9400,83269000
6057,2022/10/10,139,62,766,251,1793,601,74800,12400,43600,6200,7400,90719400
6058,2022/10/11,601,73,355,135,781,335,111600,18600,65100,9300,11100,76822600
6059,2022/10/12,630,86,469,208,942,429,86700,14400,50500,7200,8600,78441400
6060,2022/10/13,280,39,387,119,930,392,120600,20100,70300,10000,12000,77621000
6061,2022/10/14,595,97,255,183,310,593,100000,33300,66600,16600,10000,92290400
6062,2022/10/17,763,108,570,229,1012,713,93600,15600,54600,7800,9300,102488600
6063,2022/10/18,809,82,564,281,1222,378,76800,12800,44800,6400,7600,81937000
6064,2022/10/19,002,100,194,177,219,385,106200,35400,70800,17700,10600,84469800
6065,2022/10/20,804,47,337,180,720,544,115200,19200,67200,9600,11500,82627800
6066,2022/10/21,570,93,415,157,949,505,103900,17300,60600,8600,10300,88517800
6067,2022/10/24,030,112,261,217,365,445,99300,33100,66200,16500,9900,99094400
6068,2022/10/25,046,184,417,178,873,474,78000,13000,45500,6500,7800,82778000
6069,2022/10/26,605,85,418,164,920,491,99600,16600,58100,8300,9900,83315800
6070,2022/10/27,850,64,476,188,1006,635,93700,15600,54600,7800,9300,83393600
6071,2022/10/28,849,83,436,152,1116,490,104100,17300,60700,8600,10400,89443600
6072,2022/10/31,986,66,462,150,890,544,125500,20900,73200,10400,12500,100152200
6073,2022/11/01,281,36,490,134,1143,432,113500,18900,66200,9400,11300,84342400
6074,2022/11/02,746,76,451,203,990,504,97600,16200,56900,8100,9700,87333000
6075,2022/11/03,065,43,359,94,793,536,132400,22000,77200,11000,13200,81612800
6076,2022/11/04,763,63,437,207,952,539,106800,17800,62300,8900,10600,92588400
6077,2022/11/07,089,100,1088,308,2183,672,66700,11100,38900,5500,6600,105338800
6078,2022/11/08,800,87,352,210,459,1166,70300,23400,46800,11700,7000,84008200
6079,2022/11/09,054,57,446,164,1090,879,92700,15400,54000,7700,9200,83590000
6080,2022/11/10,394,163,575,230,1092,553,71300,11800,41500,5900,7100,85562800
6081,2022/11/11,754,56,424,126,908,525,123200,20500,71800,10200,12300,89912200
6082,2022/11/14,659,202,533,167,991,628,85800,14300,50000,7100,8500,101773200
6083,2022/11/15,641,90,485,166,1003,613,88500,14700,51600,7300,8800,81162600
6084,2022/11/16,824,108,553,252,1077,585,79100,13100,46100,6500,7900,87097800
6085,2022/11/17,930,185,422,265,969,437,71000,11800,41400,5900,7100,84426200
6086,2022/11/18,947,52,549,210,1145,512,96200,16000,56100,8000,9600,88277800
6087,2022/11/21,590,65,657,221,1449,592,90800,15100,52900,7500,9000,97539000
6088,2022/11/22,348,65,412,166,817,593,103300,17200,60200,8600,10300,82215400
6089,2022/11/23,533,54,247,111,297,697,100800,33600,67200,16800,10000,73828600
6090,2022/11/24,438,99,385,156,751,580,98200,16300,57200,8100,9800,81860400
6091,2022/11/25,424,338,261,193,318,558,61600,20500,41000,10200,6100,90821600
6092,2022/11/28,754,78,574,194,1017,588,104700,17400,61000,8700,10400,100160200
6093,2022/11/29,386,66,533,216,1204,386,83100,13800,48400,6900,8300,77594400
6094,2022/11/30,589,107,546,296,899,522,75500,12500,44000,6200,7500,83542400
6095,2022/12/01,978,88,548,169,986,546,92800,15400,54100,7700,9200,85526800
6096,2022/12/02,447,91,246,188,310,622,100000,33300,66600,16600,10000,91644000
6097,2022/12/05,468,127,806,414,1402,580,67100,11100,39100,5500,6700,101181800
6098,2022/12/06,658,61,483,150,1009,556,101300,16800,59000,8400,10100,83057400
6099,2022/12/07,745,103,650,259,1456,566,70100,11600,40800,5800,7000,84279200
6100,2022/12/08,671,201,420,138,957,490,81000,13500,47200,6700,8100,86501400
6101,2022/12/09,742,79,684,247,1428,980,73900,12300,43100,6100,7300,91014200
6102,2022/12/12,636,276,317,149,350,774,79400,26400,52900,13200,7900,108883600
6103,2022/12/13,638,95,700,307,1198,535,68500,11400,39900,5700,6800,82916800
6104,2022/12/14,799,54,141,98,233,1036,123000,41000,82000,20500,12300,84441400
6105,2022/12/15,613,219,615,279,1318,731,63200,10500,36800,5200,6300,93735200
6106,2022/12/16,559,97,243,152,270,536,112900,37600,75200,18800,11200,94870400
6107,2022/12/19,460,103,545,192,1047,655,103500,17200,60300,8600,10300,105498600
6108,2022/12/20,229,106,266,165,350,556,93400,31100,62200,15500,9300,86966200
6109,2022/12/21,947,72,473,203,949,561,98400,16400,57400,8200,9800,88458800
6110,2022/12/22,035,73,456,161,1002,564,103100,17100,60100,8500,10300,87720400
6111,2022/12/23,329,131,589,275,1137,750,78100,13000,45500,6500,7800,97128000
6112,2022/12/26,857,80,648,183,1231,555,111100,18500,64800,9200,11100,111846200
6113,2022/12/27,929,115,286,260,284,686,82500,27500,55000,13700,8200,91685400
6114,2022/12/28,958,385,613,250,1226,593,55600,9200,32400,4600,5500,98265400
6115,2022/12/29,194,82,500,242,952,666,92600,15400,54000,7700,9200,93141200
6116,2022/12/30,953,106,865,273,1947,633,72200,12000,42100,6000,7200,101940600
6117,2023/01/04,091,55,483,140,1190,436,118600,19700,69100,9800,11800,94912000
6118,2023/01/05,433,258,294,112,261,651,74600,24800,49700,12400,7400,89486800
6119,2023/01/06,185,167,687,224,1309,565,80000,13300,46600,6600,8000,102714600
6120,2023/01/09,661,67,280,163,418,688,120400,40100,80200,20000,12000,109024800
6121,2023/01/10,203,64,416,173,797,436,113900,18900,66400,9400,11300,87204200
6122,2023/01/11,895,77,476,169,1056,624,102600,17100,59800,8500,10200,92467000
6123,2023/01/12,055,75,233,96,337,744,116900,38900,77900,19400,11600,90204200
6124,2023/01/13,118,150,308,360,357,576,69700,23200,46400,11600,6900,94509200
6125,2023/01/16,169,98,779,283,1514,802,78100,13000,45500,6500,7800,104132000
6126,2023/01/17,625,152,566,297,1127,647,65900,10900,38400,5400,6500,84746200
6127,2023/01/18,963,116,772,272,1635,559,69200,11500,40300,5700,6900,91700000
6128,2023/01/19,611,102,277,202,402,640,84000,28000,56000,14000,8400,85915800
6129,2023/01/20,630,88,541,244,1052,588,88500,14700,51600,7300,8800,91860400
6130,2023/01/23,606,132,427,222,599,597,80900,26900,53900,13400,8000,104607400
6131,2023/01/24,167,95,403,164,1028,810,105700,17600,61600,8800,10500,99721800
6132,2023/01/25,252,80,237,144,339,499,102100,34000,68000,17000,10200,82005400
6133,2023/01/26,637,171,473,200,1089,755,72700,12100,42400,6000,7200,86136400
6134,2023/01/27,310,125,455,283,904,753,77600,12900,45200,6400,7700,89077600
6135,2023/01/30,108,134,614,366,1041,631,78100,13000,45500,6500,7800,104190200
6136,2023/01/31,482,232,479,151,1092,521,71400,11900,41600,5900,7100,86197200
6137,2023/02/01,226,175,325,347,363,746,62000,20600,41300,10300,6200,89532400
6138,2023/02/02,596,65,426,211,845,539,102200,17000,59600,8500,10200,87128800
6139,2023/02/03,566,61,217,130,299,820,119900,39900,79900,19900,11900,93803400
6140,2023/02/06,514,150,695,362,1331,709,73800,12300,43000,6100,7300,108097800
6141,2023/02/07,168,166,626,390,1120,553,62100,10300,36200,5100,6200,89278000
6142,2023/02/08,716,102,472,317,871,670,77700,12900,45300,6400,7700,87246600
6143,2023/02/09,310,99,410,211,797,404,96500,16000,56200,8000,9600,85255200
6144,2023/02/10,470,67,450,136,1132,494,109100,18100,63600,9000,10900,88586400
6145,2023/02/13,309,148,547,246,988,799,86100,14300,50200,7100,8600,104351400
6146,2023/02/14,727,101,250,194,262,568,87800,29200,58500,14600,8700,80842000
6147,2023/02/15,268,103,566,266,1180,510,79400,13200,46300,6600,7900,88614600
6148,2023/02/16,657,48,447,165,815,458,118700,19700,69200,9800,11800,87749400
6149,2023/02/17,986,40,519,157,1130,523,118500,19700,69100,9800,11800,96011400
6150,2023/02/20,800,97,320,224,355,808,96300,32100,64200,16000,9600,105571400
6151,2023/02/21,520,78,411,172,770,549,101400,16900,59100,8400,10100,82459200
6152,2023/02/22,460,70,406,188,819,494,108000,18000,63000,9000,10800,87633000
6153,2023/02/23,909,71,203,171,247,571,108600,36200,72400,18100,10800,84701200
6154,2023/02/24,432,69,509,212,1028,620,98700,16400,57500,8200,9800,93312000
6155,2023/02/27,424,99,325,217,336,643,99100,33000,66000,16500,9900,104060200
6156,2023/02/28,715,258,624,445,1283,706,50500,8400,29400,4200,5000,89779200
6157,2023/03/01,989,78,279,216,400,548,95200,31700,63400,15800,9500,92341800
6158,2023/03/02,474,45,204,120,269,679,130000,43300,86600,21600,13000,88365600
6159,2023/03/03,609,72,497,243,974,696,96500,16000,56200,8000,9600,96017000
6160,2023/03/06,145,313,691,189,1435,1260,64700,10700,37700,5300,6400,112824800
6161,2023/03/07,276,84,501,222,1169,1035,80000,13300,46600,6600,8000,88605400
6162,2023/03/08,175,107,523,245,1094,682,82400,13700,48000,6800,8200,90939600
6163,2023/03/09,092,107,418,168,974,888,95200,15800,55500,7900,9500,94142000
6164,2023/03/10,429,154,556,296,935,1571,69600,11600,40600,5800,6900,101318800
6165,2023/03/13,674,133,558,193,1264,999,91900,15300,53600,7600,9100,111166400
6166,2023/03/14,144,61,193,126,332,858,111100,37000,74000,18500,11100,86532800
6167,2023/03/15,134,76,662,184,1386,601,83300,13800,48500,6900,8300,86933800
6168,2023/03/16,232,61,313,123,525,600,99900,33300,66600,16600,9900,87700400
6169,2023/03/17,161,78,219,102,446,534,115800,38600,77200,19300,11500,89238400
6170,2023/03/20,675,99,467,146,858,718,116600,19400,68000,9700,11600,105028400
6171,2023/03/21,337,66,263,172,348,484,109900,36600,73200,18300,10900,91522600
6172,2023/03/22,928,120,442,305,894,699,75400,12500,43900,6200,7500,86549400
6173,2023/03/23,325,158,515,382,1084,534,59900,9900,34900,4900,5900,81255600
6174,2023/03/24,484,177,287,189,313,1345,72000,24000,48000,12000,7200,93712800
6175,2023/03/27,321,366,780,376,1361,909,52200,8700,30400,4300,5200,106717600
6176,2023/03/28,137,67,485,190,1104,628,88900,14800,51800,7400,8800,81757400
6177,2023/03/29,320,98,408,271,795,378,87500,14500,51000,7200,8700,83318200
6178,2023/03/30,839,51,564,195,1189,710,86900,14400,50600,7200,8600,82887000
6179,2023/03/31,694,85,485,281,1147,874,80000,13300,46600,6600,8000,91254800
6180,2023/04/03,009,127,347,177,426,926,92300,30700,61500,15300,9200,107534600
6181,2023/04/04,911,139,383,253,509,582,65100,21700,43400,10800,6500,83793000
6182,2023/04/05,644,120,212,160,259,616,96800,32200,64500,16100,9600,86562800
6183,2023/04/06,258,253,561,285,1151,710,58300,9700,34000,4800,5800,88079400
6184,2023/04/07,278,78,534,239,1193,650,81200,13500,47300,6700,8100,85030600
6185,2023/04/10,847,122,421,162,984,982,99000,16500,57700,8200,9900,102712400
6186,2023/04/11,600,56,180,112,186,598,128800,42900,85800,21400,12800,80582800
6187,2023/04/12,890,111,869,295,2200,510,56200,9300,32700,4600,5600,82838200
6188,2023/04/13,101,146,255,223,328,546,75200,25000,50100,12500,7500,81796200
6189,2023/04/14,543,58,491,148,965,658,113800,18900,66300,9400,11300,94218600
6190,2023/04/17,072,66,529,247,977,845,103800,17300,60500,8600,10300,107102400
6191,2023/04/18,188,204,290,134,407,740,73700,24500,49100,12200,7300,87109600
6192,2023/04/19,733,61,216,106,317,983,107200,35700,71400,17800,10700,84521400
6193,2023/04/20,423,115,528,289,1092,800,69800,11600,40700,5800,6900,84197200
6194,2023/04/21,962,55,524,182,1197,634,98500,16400,57400,8200,9800,90162400
6195,2023/04/24,178,298,769,429,1405,943,54400,9000,31700,4500,5400,107436800
6196,2023/04/25,273,71,583,221,1474,833,73400,12200,42800,6100,7300,82176400
6197,2023/04/26,799,58,194,94,199,705,130200,43400,86800,21700,13000,83628400
6198,2023/04/27,958,79,488,208,994,559,93800,15600,54700,7800,9300,87639400
6199,2023/04/28,953,90,485,203,1055,739,96100,16000,56000,8000,9600,96337800
6200,2023/05/01,237,291,730,227,1479,1249,68800,11400,40100,5700,6800,121424200
6201,2023/05/02,372,290,555,228,1169,417,63500,10500,37000,5200,6300,92466400
6202,2023/05/03,828,108,239,266,271,778,78700,26200,52400,13100,7800,85366600
6203,2023/05/04,019,60,424,149,1042,731,100000,16600,58300,8300,10000,83941800
6204,2023/05/05,788,66,224,115,274,697,120300,40100,80200,20000,12000,88945200
6205,2023/05/08,734,78,583,210,1222,1168,96500,16000,56200,8000,9600,110812800
6206,2023/05/09,675,65,421,151,867,913,102700,17100,59900,8500,10200,88316200
6207,2023/05/10,746,51,422,222,1049,898,95000,15800,55400,7900,9500,90401800
6208,2023/05/11,218,84,506,246,1205,801,82900,13800,48300,6900,8200,90727400
6209,2023/05/12,140,46,471,151,1128,943,110300,18300,64300,9100,11000,98293400
6210,2023/05/15,055,99,272,154,399,1567,93500,31100,62300,15500,9300,107212800
6211,2023/05/16,464,50,195,143,222,820,116800,38900,77800,19400,11600,85514400
6212,2023/05/17,620,80,328,223,705,731,99000,16500,57700,8200,9900,87280600
6213,2023/05/18,350,213,386,134,980,640,75600,12600,44100,6300,7500,84228600
6214,2023/05/19,138,61,570,233,1472,718,80300,13300,46800,6600,8000,86814400
6215,2023/05/22,292,74,385,181,576,1015,92100,30700,61400,15300,9200,106555000
6216,2023/05/23,931,82,610,247,1494,648,68700,11400,40000,5700,6800,78952400
6217,2023/05/24,584,74,455,176,989,527,93500,15500,54500,7700,9300,80610800
6218,2023/05/25,908,94,566,338,1225,651,66400,11000,38700,5500,6600,81574400
6219,2023/05/26,277,59,232,156,393,1134,92700,30900,61800,15400,9200,86386000
6220,2023/05/29,022,75,247,127,395,1151,103500,34500,69000,17200,10300,97279200
6221,2023/05/30,041,45,335,96,762,608,122500,20400,71400,10200,12200,76548600
6222,2023/05/31,047,75,369,173,918,477,101200,16800,59000,8400,10100,81393000
6223,2023/06/01,608,67,371,210,875,468,103900,17300,60600,8600,10300,85743400
6224,2023/06/02,322,210,247,156,320,550,78000,26000,52000,13000,7800,87519400
6225,2023/06/05,753,115,771,332,1403,1877,73800,12300,43000,6100,7300,121782200
6226,2023/06/06,076,70,301,132,756,470,116700,19400,68000,9700,11600,79666200
6227,2023/06/07,995,60,215,150,256,626,112100,37300,74700,18600,11200,83946800
6228,2023/06/08,232,75,200,120,335,701,106700,35500,71100,17700,10600,82442200
6229,2023/06/09,583,95,857,240,1668,855,66300,11000,38600,5500,6600,88754200
6230,2023/06/12,088,101,341,208,549,1522,83700,27900,55800,13900,8300,111057400
6231,2023/06/13,370,37,424,119,1012,542,113000,18800,65900,9400,11300,79284800
6232,2023/06/14,809,98,566,394,1431,931,55700,9200,32400,4600,5500,78604400
6233,2023/06/15,469,76,410,215,923,586,95500,15900,55700,7900,9500,86031200
6234,2023/06/16,377,208,300,177,366,914,73600,24500,49000,12200,7300,94713000
6235,2023/06/19,893,96,658,306,1187,937,81900,13600,47700,6800,8100,104977000
6236,2023/06/20,499,88,204,141,302,689,100400,33400,66900,16700,10000,82438000
6237,2023/06/21,941,204,485,190,1040,562,72500,12000,42200,6000,7200,86818000
6238,2023/06/22,357,243,463,242,962,480,63100,10500,36800,5200,6300,82755200
6239,2023/06/23,781,41,480,124,1195,472,119100,19800,69400,9900,11900,90035600
6240,2023/06/26,600,101,300,203,286,1379,91300,30400,60800,15200,9100,105988600
6241,2023/06/27,305,86,492,194,935,459,89800,14900,52300,7400,8900,80854000
6242,2023/06/28,342,60,504,100,1079,756,102700,17100,59900,8500,10200,84030600
6243,2023/06/29,795,202,362,158,835,393,82400,13700,48000,6800,8200,84931800
6244,2023/06/30,455,235,289,125,416,885,71500,23800,47600,11900,7100,90971600
6245,2023/07/03,430,136,520,226,1033,842,90800,15100,52900,7500,9000,105919000
6246,2023/07/04,921,105,585,289,1361,521,68800,11400,40100,5700,6800,82089800
6247,2023/07/05,574,81,494,205,995,550,88000,14600,51300,7300,8800,82300600
6248,2023/07/06,893,70,445,230,991,492,92600,15400,54000,7700,9200,84414400
6249,2023/07/07,637,205,584,196,1064,659,73900,12300,43100,6100,7300,93934400
6250,2023/07/10,888,453,0,0,0,1269,78200,0,0,0,7800,100898800
6251,2023/07/11,688,55,178,106,266,624,127400,42400,84900,21200,12700,82621200
6252,2023/07/12,339,100,313,248,348,646,74300,24700,49500,12300,7400,81376400
6253,2023/07/13,112,101,264,219,375,604,78600,26200,52400,13100,7800,79993600
6254,2023/07/14,642,70,573,133,1213,509,100700,16700,58700,8300,10000,88429800
6255,2023/07/17,974,77,462,156,1043,866,101900,16900,59400,8400,10100,94794000
6256,2023/07/18,097,96,450,188,860,995,78600,13100,45800,6500,7800,78946000
6257,2023/07/19,857,123,380,107,808,500,104700,17400,61000,8700,10400,85247600
6258,2023/07/20,430,75,268,163,578,452,118500,19700,69100,9800,11800,81142800
6259,2023/07/21,831,158,619,339,1233,641,62100,10300,36200,5100,6200,86449200
6260,2023/07/24,785,57,379,120,813,734,132000,22000,77000,11000,13200,97239600
6261,2023/07/25,023,55,383,145,971,893,103300,17200,60200,8600,10300,85848200
6262,2023/07/26,199,81,233,156,357,1149,91200,30400,60800,15200,9100,88596200
6263,2023/07/27,243,96,482,119,1068,459,100200,16700,58400,8300,10000,84814400
6264,2023/07/28,558,203,218,142,219,734,82300,27400,54800,13700,8200,87854200
6265,2023/07/31,353,106,291,178,358,862,95300,31700,63500,15800,9500,99058200
6266,2023/08/01,684,120,542,229,1130,583,75600,12600,44100,6300,7500,83409800
6267,2023/08/02,507,90,402,238,831,876,83500,13900,48700,6900,8300,84075800
6268,2023/08/03,427,165,545,308,1310,466,61700,10200,35900,5100,6100,81109200
6269,2023/08/04,485,161,567,177,1179,428,83800,13900,48800,6900,8300,93175800
6270,2023/08/07,555,454,0,0,0,780,81300,0,0,0,8100,96128000
6271,2023/08/08,422,233,240,180,320,773,63600,21200,42400,10600,6300,79721400
6272,2023/08/09,840,52,361,103,789,406,123100,20500,71800,10200,12300,76217000
6273,2023/08/10,692,91,380,138,869,392,110600,18400,64500,9200,11000,85180000
6274,2023/08/11,485,72,540,158,916,389,98000,16300,57100,8100,9800,80497400
6275,2023/08/14,622,128,312,204,459,742,79100,26300,52700,13100,7900,91274600
6276,2023/08/15,747,81,218,138,350,581,93800,31200,62500,15600,9300,75544800
6277,2023/08/16,748,72,484,215,1075,662,88600,14700,51600,7300,8800,85466000
6278,2023/08/17,068,52,343,119,826,520,125900,20900,73400,10400,12500,83806200
6279,2023/08/18,035,49,487,160,1005,646,110900,18400,64600,9200,11000,91679800
6280,2023/08/21,846,113,725,230,1368,781,81400,13500,47400,6700,8100,101348600
6281,2023/08/22,935,114,496,237,928,423,81000,13500,47200,6700,8100,81860000
6282,2023/08/23,326,263,488,300,1034,725,57200,9500,33300,4700,5700,86312000
6283,2023/08/24,758,85,468,261,951,665,81900,13600,47700,6800,8100,83997400
6284,2023/08/25,901,96,572,209,1057,490,93500,15500,54500,7700,9300,93630400
6285,2023/08/28,075,181,475,118,972,784,95400,15900,55600,7900,9500,103623400
6286,2023/08/29,672,59,363,170,907,448,107600,17900,62700,8900,10700,81137400
6287,2023/08/30,216,144,544,312,1217,542,64600,10700,37600,5300,6400,82175400
6288,2023/08/31,052,69,356,113,761,458,124600,20700,72600,10300,12400,84053400
6289,2023/09/01,781,158,568,126,1169,614,88700,14700,51700,7300,8800,95603200
6290,2023/09/04,940,86,601,195,1354,818,95100,15800,55400,7900,9500,104599200
6291,2023/09/05,007,96,246,157,328,349,99500,33100,66300,16500,9900,82326600
6292,2023/09/06,117,263,433,487,571,765,41200,13700,27400,6800,4100,82878600
6293,2023/09/07,164,95,493,248,975,464,83700,13900,48800,6900,8300,83697000
6294,2023/09/08,928,103,450,329,1048,598,74100,12300,43200,6100,7400,85231800
6295,2023/09/11,286,168,631,224,1271,599,78600,13100,45800,6500,7800,99612400
6296,2023/09/12,917,126,524,322,1039,436,67000,11100,39000,5500,6700,79216800
6297,2023/09/13,751,71,584,168,1298,907,79100,13100,46100,6500,7900,81823800
6298,2023/09/14,580,62,407,176,873,601,99400,16500,57900,8200,9900,80743000
6299,2023/09/15,579,173,470,217,901,712,75400,12500,43900,6200,7500,87841800
6300,2023/09/18,577,77,325,138,356,702,103500,34500,69000,17200,10300,93642200
6301,2023/09/19,484,48,223,122,327,436,114200,38000,76100,19000,11400,76620200
6302,2023/09/20,669,113,270,180,277,460,88000,29300,58600,14600,8800,81248600
6303,2023/09/21,876,47,473,198,998,473,94200,15700,54900,7800,9400,77873400
6304,2023/09/22,017,265,402,195,934,542,67500,11200,39300,5600,6700,86727800
6305,2023/09/25,951,96,602,221,1238,945,86400,14400,50400,7200,8600,100405400
6306,2023/09/26,251,75,432,123,1028,795,104300,17300,60800,8600,10400,88992200
6307,2023/09/27,305,67,467,234,935,418,90400,15000,52700,7500,9000,80644800
6308,2023/09/28,184,58,445,163,1092,474,98900,16400,57600,8200,9800,80401200
6309,2023/09/29,103,177,482,265,985,503,72400,12000,42200,6000,7200,87673800
6310,2023/10/02,951,81,533,165,1094,700,108200,18000,63100,9000,10800,102775200
6311,2023/10/03,220,73,224,139,254,510,110200,36700,73400,18300,11000,81764000
6312,2023/10/04,484,72,197,140,280,590,107300,35700,71500,17800,10700,80316000
6313,2023/10/05,068,229,380,151,748,551,76800,12800,44800,6400,7600,85043400
6314,2023/10/06,235,92,529,227,1160,727,81900,13600,47700,6800,8100,87793600
6315,2023/10/09,209,92,419,142,888,800,101600,16900,59200,8400,10100,90088800
6316,2023/10/10,414,108,198,151,238,520,93500,31100,62300,15500,9300,76193200
6317,2023/10/11,590,286,371,152,914,508,65300,10800,38000,5400,6500,81830600
6318,2023/10/12,550,88,233,122,343,442,104900,34900,69900,17400,10400,81276600
6319,2023/10/13,549,156,677,338,1481,963,60000,10000,35000,5000,6000,91548800
6320,2023/10/16,149,70,618,187,1418,701,101500,16900,59200,8400,10100,106141000
6321,2023/10/17,844,45,270,107,408,892,107000,35600,71300,17800,10700,86458800
6322,2023/10/18,373,110,368,254,449,593,71000,23600,47300,11800,7100,84666200
6323,2023/10/19,985,36,472,134,1064,584,109200,18200,63700,9100,10900,82501000
6324,2023/10/20,712,91,635,267,1407,635,75300,12500,43900,6200,7500,89321400
6325,2023/10/23,110,190,297,218,328,826,84000,28000,56000,14000,8400,106755000
6326,2023/10/24,509,88,409,257,783,797,76900,12800,44800,6400,7600,77151000
6327,2023/10/25,880,68,231,157,342,444,106600,35500,71000,17700,10600,83213400
6328,2023/10/26,878,72,192,127,215,537,124600,41500,83000,20700,12400,85901200
6329,2023/10/27,374,103,587,297,1025,593,77800,12900,45300,6400,7700,89704400
6330,2023/10/30,400,90,259,175,295,1054,102100,34000,68000,17000,10200,101599600
6331,2023/10/31,645,93,428,155,780,565,98000,16300,57100,8100,9800,82018200
6332,2023/11/01,208,74,425,228,977,636,93100,15500,54300,7700,9300,87504800
6333,2023/11/02,840,73,508,194,1079,535,93300,15500,54400,7700,9300,85944000
6334,2023/11/03,006,59,251,114,254,395,128000,42600,85300,21300,12800,85484200
6335,2023/11/06,282,73,317,138,497,551,111400,37100,74200,18500,11100,101199600
6336,2023/11/07,595,58,260,184,287,481,100600,33500,67000,16700,10000,81261600
6337,2023/11/08,114,245,253,277,338,654,61400,20400,40900,10200,6100,86772000
6338,2023/11/09,866,63,244,150,340,1050,93400,31100,62200,15500,9300,84318800
6339,2023/11/10,060,188,259,153,313,448,84900,28300,56600,14100,8400,89341800
6340,2023/11/13,566,69,222,116,272,671,129600,43200,86400,21600,12900,95899400
6341,2023/11/14,208,54,373,190,838,408,105600,17600,61600,8800,10500,79249000
6342,2023/11/15,802,93,404,224,968,491,86300,14300,50300,7100,8600,80707200
6343,2023/11/16,105,350,428,279,927,419,54200,9000,31600,4500,5400,84755600
6344,2023/11/17,158,71,416,170,1034,541,97400,16200,56800,8100,9700,82244200
6345,2023/11/20,502,92,577,271,1000,784,91000,15100,53000,7500,9100,102767200
6346,2023/11/21,109,125,456,293,870,653,71000,11800,41400,5900,7100,80501400
6347,2023/11/22,584,65,390,142,932,557,106200,17700,61900,8800,10600,81712400
6348,2023/11/23,443,64,171,135,254,457,116800,38900,77800,19400,11600,77629400
6349,2023/11/24,470,376,405,139,945,495,63100,10500,36800,5200,6300,91557400
6350,2023/11/27,770,110,340,223,403,456,89500,29800,59600,14900,8900,96433400
6351,2023/11/28,041,46,415,122,915,421,115000,19100,67000,9500,11500,77892600
6352,2023/11/29,949,302,194,127,254,431,70600,23500,47000,11700,7000,84225200
6353,2023/11/30,060,35,257,117,296,360,125600,41800,83700,20900,12500,79309600
6354,2023/12/01,082,69,646,174,1609,399,90100,15000,52500,7500,9000,90543200
6355,2023/12/04,511,197,375,228,537,793,74100,24700,49400,12300,7400,105976200
6356,2023/12/05,557,85,234,180,278,476,96200,32000,64100,16000,9600,80659600
6357,2023/12/06,204,112,553,237,1128,742,74400,12400,43400,6200,7400,84445800
6358,2023/12/07,384,383,335,185,820,587,58200,9700,33900,4800,5800,87229200
6359,2023/12/08,183,117,652,200,1419,450,82400,13700,48000,6800,8200,92631400
6360,2023/12/11,558,477,289,167,251,1116,59600,19800,39700,9900,5900,111006400
6361,2023/12/12,544,78,249,149,376,765,93700,31200,62400,15600,9300,83269800
6362,2023/12/13,104,131,460,329,841,968,72300,12000,42100,6000,7200,91103200
6363,2023/12/14,169,58,433,272,1201,582,86400,14400,50400,7200,8600,85847200
6364,2023/12/15,230,77,457,186,992,713,103400,17200,60300,8600,10300,95563600
6365,2023/12/18,532,76,653,167,1377,861,101600,16900,59200,8400,10100,109159600
6366,2023/12/19,118,213,299,357,379,516,61500,20500,41000,10200,6100,91037400
6367,2023/12/20,153,118,764,243,1740,659,69500,11500,40500,5700,6900,92466000
6368,2023/12/21,304,332,421,249,855,791,61400,10200,35800,5100,6100,95291600
6369,2023/12/22,850,60,520,150,999,534,111900,18600,65200,9300,11100,92232200
6370,2023/12/25,049,132,496,243,1031,1340,88300,14700,51500,7300,8800,113210200
6371,2023/12/26,906,89,443,216,868,567,97300,16200,56700,8100,9700,90366000
6372,2023/12/27,451,126,747,285,1650,671,67800,11300,39500,5600,6700,93617600
6373,2023/12/28,090,454,405,256,514,628,50500,16800,33600,8400,5000,101939600
6374,2023/12/29,429,121,495,298,1106,1226,80200,13300,46700,6600,8000,105635600
6375,2024/01/04,013,87,654,175,1415,750,92600,15400,54000,7700,9200,101076600
6376,2024/01/05,491,372,576,210,1257,502,57800,9600,33700,4800,5700,95841200
6377,2024/01/08,565,87,268,139,346,851,113600,37800,75700,18900,11300,103989000
6378,2024/01/09,389,43,431,154,930,501,115000,19100,67000,9500,11500,84986200
6379,2024/01/10,460,110,395,168,819,389,103300,17200,60200,8600,10300,87489000
6380,2024/01/11,341,103,525,186,1079,452,88700,14700,51700,7300,8800,85625600
6381,2024/01/12,919,125,223,190,271,519,96400,32100,64200,16000,9600,90645600
6382,2024/01/15,833,96,238,139,333,1179,106000,35300,70600,17600,10600,103987400
6383,2024/01/16,780,33,381,166,944,422,118300,19700,69000,9800,11800,82643800
6384,2024/01/17,320,93,402,240,817,655,92500,15400,53900,7700,9200,89189200
6385,2024/01/18,604,131,373,151,818,617,97400,16200,56800,8100,9700,88988000
6386,2024/01/19,091,73,730,212,1512,446,83800,13900,48800,6900,8300,91097000
6387,2024/01/22,385,137,1017,388,1942,596,61100,10100,35600,5000,6100,102491400
6388,2024/01/23,715,122,589,287,1104,487,69300,11500,40400,5700,6900,81433000
6389,2024/01/24,725,133,531,294,1036,546,68400,11400,39900,5700,6800,81177000
6390,2024/01/25,796,46,337,140,866,553,121100,20100,70600,10000,12100,83788400
6391,2024/01/26,101,245,248,241,306,504,73200,24400,48800,12200,7300,96004400
6392,2024/01/29,419,101,641,317,1139,830,82100,13600,47800,6800,8200,104219000
6393,2024/01/30,802,89,535,287,1286,514,73600,12200,42900,6100,7300,82528000
6394,2024/01/31,723,169,675,400,1201,541,57600,9600,33600,4800,5700,85667200
6395,2024/02/01,310,180,637,394,1093,608,58900,9800,34300,4900,5800,87547200
6396,2024/02/02,546,84,473,142,987,520,109200,18200,63700,9100,10900,92227000
6397,2024/02/05,458,83,502,282,1034,831,89000,14800,51900,7400,8900,99068000
6398,2024/02/06,945,192,377,232,946,560,70100,11600,40800,5800,7000,81795000
6399,2024/02/07,791,49,480,144,1079,427,109900,18300,64100,9100,10900,84438000
6400,2024/02/08,948,80,421,151,909,571,104600,17400,61000,8700,10400,86336400
6401,2024/02/09,706,68,376,145,839,644,119500,19900,69700,9900,11900,92895400
6402,2024/02/12,916,408,575,404,1175,1839,57200,9500,33300,4700,5700,129975800
6403,2024/02/13,055,64,191,151,298,737,101800,33900,67800,16900,10100,79574600
6404,2024/02/14,692,176,372,127,916,370,90500,15000,52700,7500,9000,85642800
6405,2024/02/15,963,102,655,335,1576,587,66800,11100,38900,5500,6600,88604200
6406,2024/02/16,394,132,653,285,1285,512,74700,12400,43500,6200,7400,93886800
6407,2024/02/19,920,116,518,311,975,585,90500,15000,52700,7500,9000,105320600
6408,2024/02/20,541,125,568,221,1298,439,77800,12900,45300,6400,7700,86611600
6409,2024/02/21,105,110,533,308,943,594,72400,12000,42200,6000,7200,83188800
6410,2024/02/22,633,45,232,149,320,818,111600,37200,74400,18600,11100,88493400
6411,2024/02/23,834,58,413,136,822,720,118700,19700,69200,9800,11800,91458000
6412,2024/02/26,834,395,497,194,872,1070,72100,12000,42000,6000,7200,123493000
6413,2024/02/27,358,332,910,758,1391,814,34100,5600,19800,2800,3400,85185600
6414,2024/02/28,983,54,619,188,1459,477,88900,14800,51800,7400,8800,86164200
6415,2024/02/29,414,94,198,166,265,520,107600,35800,71700,17900,10700,87791000
6416,2024/03/01,367,61,389,185,838,728,115500,19200,67300,9600,11500,96619400
6417,2024/03/04,017,348,596,284,1245,728,64300,10700,37500,5300,6400,112933400
6418,2024/03/05,566,53,141,98,221,507,147300,49100,98200,24500,14700,82818400
6419,2024/03/06,395,84,436,208,1028,567,93100,15500,54300,7700,9300,86987800
6420,2024/03/07,956,118,440,214,1036,1223,75500,12500,44000,6200,7500,88155000
6421,2024/03/08,810,136,517,296,1030,449,79300,13200,46200,6600,7900,92645400
6422,2024/03/11,366,155,241,234,351,674,94700,31500,63100,15700,9400,108858000
6423,2024/03/12,494,115,183,160,351,400,94000,31300,62600,15600,9400,79696600
6424,2024/03/13,388,73,239,160,309,916,98000,32600,65300,16300,9800,87685000
6425,2024/03/14,833,180,376,339,398,1121,54500,18100,36300,9000,5400,86100400
6426,2024/03/15,957,117,393,193,893,533,113400,18900,66100,9400,11300,106546200
6427,2024/03/18,378,362,650,311,1235,738,56400,9400,32900,4700,5600,103921200
6428,2024/03/19,991,49,230,93,338,435,131500,43800,87600,21900,13100,84028200
6429,2024/03/20,978,86,411,175,903,361,97400,16200,56800,8100,9700,79702400
6430,2024/03/21,495,71,421,179,933,420,102200,17000,59600,8500,10200,83031200
6431,2024/03/22,059,69,469,222,1090,738,91300,15200,53200,7600,9100,89619600
6432,2024/03/25,391,95,769,202,1519,592,83500,13900,48700,6900,8300,97855000
6433,2024/03/26,504,84,413,219,876,507,85100,14100,49600,7000,8500,76540600
6434,2024/03/27,346,273,449,188,1015,739,63400,10500,36900,5200,6300,86837600
6435,2024/03/28,578,83,411,189,893,456,96500,16000,56200,8000,9600,81912400
6436,2024/03/29,150,176,380,159,986,466,91100,15100,53100,7500,9100,93357800
6437,2024/04/01,603,380,568,311,1154,1455,63700,10600,37100,5300,6300,127098600
6438,2024/04/02,440,84,289,202,357,550,86900,28900,57900,14400,8600,83027000
6439,2024/04/03,992,112,190,109,318,457,106000,35300,70600,17600,10600,81679400
6440,2024/04/04,965,42,340,113,814,376,137600,22900,80200,11400,13700,82567400
6441,2024/04/05,639,75,782,244,1923,744,68400,11400,39900,5700,6800,88589400
6442,2024/04/08,881,104,271,122,383,635,116200,38700,77400,19300,11600,104097000
6443,2024/04/09,018,82,516,181,1108,678,80300,13300,46800,6600,8000,77482200
6444,2024/04/10,668,48,171,126,220,449,137200,45700,91400,22800,13700,82509200
6445,2024/04/11,627,101,405,216,908,688,84900,14100,49500,7000,8400,82867200
6446,2024/04/12,490,423,378,216,856,479,56300,9300,32800,4600,5600,91552600
6447,2024/04/15,089,245,800,370,1970,789,57600,9600,33600,4800,5700,107283200
6448,2024/04/16,081,75,548,141,1205,418,96700,16100,56400,8000,9600,84006400
6449,2024/04/17,180,115,615,215,1314,463,77900,12900,45400,6400,7700,86440400
6450,2024/04/18,736,70,349,177,818,830,101900,16900,59400,8400,10100,86668800
6451,2024/04/19,910,146,702,331,1356,454,66200,11000,38600,5500,6600,90471200
6452,2024/04/22,941,105,672,187,1580,555,88300,14700,51500,7300,8800,100797400
6453,2024/04/23,806,64,435,199,970,417,98500,16400,57400,8200,9800,82164800
6454,2024/04/24,975,123,313,170,777,581,95700,15900,55800,7900,9500,84546200
6455,2024/04/25,981,62,604,258,1568,346,80200,13300,46700,6600,8000,85291600
6456,2024/04/26,279,147,947,347,1350,448,62200,10300,36200,5100,6200,91924200
6457,2024/04/29,898,71,380,216,552,1046,78400,26100,52200,13000,7800,93811600
6458,2024/04/30,020,83,195,122,234,431,120500,40100,80300,20000,12000,83455400
6459,2024/05/01,907,240,434,188,962,525,73200,12200,42700,6100,7300,90251400
6460,2024/05/02,313,100,228,250,294,435,91400,30400,60900,15200,9100,88418800
6461,2024/05/03,666,426,0,0,0,603,78600,0,0,0,7800,85023000
6462,2024/05/06,827,118,532,265,1110,527,83300,13800,48500,6900,8300,93849800
6463,2024/05/07,282,398,261,126,433,505,53200,17700,35400,8800,5300,81901600
6464,2024/05/08,412,90,411,197,965,433,90700,15100,52900,7500,9000,80058000
6465,2024/05/09,271,304,604,258,1349,1003,49800,8300,29000,4100,4900,85146000
6466,2024/05/10,473,57,480,150,1080,450,107500,17900,62700,8900,10700,85895000
6467,2024/05/13,186,115,591,191,1234,516,89600,14900,52200,7400,8900,95519400
6468,2024/05/14,772,49,289,153,466,366,96700,32200,64400,16100,9600,77734600
6469,2024/05/15,219,108,578,242,1316,479,74100,12300,43200,6100,7400,82864000
6470,2024/05/16,943,212,546,194,1117,419,66200,11000,38600,5500,6600,81180000
6471,2024/05/17,872,149,534,180,1248,470,78000,13000,45500,6500,7800,85635000
6472,2024/05/20,156,418,628,238,1278,550,53600,8900,31200,4400,5300,98060400
6473,2024/05/21,526,506,399,305,914,513,41600,6900,24200,3400,4100,81277000
6474,2024/05/22,719,84,392,250,833,379,85900,14300,50100,7100,8500,76846000
6475,2024/05/23,268,72,548,220,1077,410,83600,13900,48700,6900,8300,78547000
6476,2024/05/24,267,70,592,197,1271,382,88200,14700,51400,7300,8800,83881400
6477,2024/05/27,161,66,273,112,501,532,116600,38800,77700,19400,11600,95465000
6478,2024/05/28,564,167,252,109,593,370,95200,15800,55500,7900,9500,76025800
6479,2024/05/29,419,152,511,346,985,678,59500,9900,34700,4900,5900,77979600
6480,2024/05/30,933,441,249,143,398,745,49300,16400,32800,8200,4900,83408600
6481,2024/05/31,904,42,350,189,780,434,114400,19000,66700,9500,11400,81160400
6482,2024/06/03,199,132,331,176,491,1008,81700,27200,54400,13600,8100,98559600
6483,2024/06/04,478,59,261,141,741,453,118300,19700,69000,9800,11800,76764400
6484,2024/06/05,712,83,543,222,1137,437,80600,13400,47000,6700,8000,79116600
6485,2024/06/06,781,70,517,172,1396,518,85500,14200,49800,7100,8500,80765800
6486,2024/06/07,455,69,165,115,280,593,130200,43400,86800,21700,13000,88763800
6487,2024/06/10,760,441,337,115,759,556,65400,10900,38100,5400,6500,99345400
6488,2024/06/11,529,404,412,283,873,617,46100,7600,26800,3800,4600,79235400
6489,2024/06/12,788,263,205,126,251,696,69700,23200,46400,11600,6900,81650800
6490,2024/06/13,435,62,316,120,745,417,117100,19500,68300,9700,11700,75118400
6491,2024/06/14,632,244,513,141,1405,456,71000,11800,41400,5900,7100,90751000
6492,2024/06/17,421,289,535,230,1164,662,64600,10700,37600,5300,6400,96999600
6493,2024/06/18,119,430,260,261,269,687,43900,14600,29200,7300,4300,78505000
6494,2024/06/19,665,248,171,110,243,357,83100,27700,55400,13800,8300,83994000
6495,2024/06/20,017,83,384,154,827,402,100300,16700,58500,8300,10000,77167200
6496,2024/06/21,668,87,171,126,235,498,118300,39400,78800,19700,11800,83367400
6497,2024/06/24,484,77,339,209,368,549,96400,32100,64200,16000,9600,95467200
6498,2024/06/25,018,245,508,188,1141,530,60600,10100,35300,5000,6000,79206000
6499,2024/06/26,426,144,567,251,1020,494,72500,12000,42200,6000,7200,83667800
6500,2024/06/27,280,38,491,136,1319,395,108200,18000,63100,9000,10800,83854200
6501,2024/06/28,364,112,424,161,936,422,96600,16100,56300,8000,9600,85234800
6502,2024/07/01,724,264,774,391,1381,891,56200,9300,32700,4600,5600,103183000
6503,2024/07/02,732,178,613,193,1398,368,69500,11500,40500,5700,6900,84410000
6504,2024/07/03,094,155,294,97,748,343,108000,18000,63000,9000,10800,85743600
6505,2024/07/04,575,178,182,94,227,513,95400,31800,63600,15900,9500,82815200
6506,2024/07/05,993,66,232,117,255,457,124900,41600,83200,20800,12400,85955400
6507,2024/07/08,810,152,649,342,1201,471,74300,12300,43300,6100,7400,100311200
6508,2024/07/09,273,192,456,143,1068,313,75800,12600,44200,6300,7500,79458200
6509,2024/07/10,224,174,227,184,306,439,80700,26900,53800,13400,8000,83845000
6510,2024/07/11,335,86,318,258,308,469,75700,25200,50400,12600,7500,77832400
6511,2024/07/12,475,112,470,221,964,409,84600,14100,49300,7000,8400,82900000
6512,2024/07/15,098,463,607,223,1473,503,47200,7800,27500,3900,4700,91083600
6513,2024/07/16,884,195,218,146,271,392,75900,25300,50600,12600,7500,75794200
6514,2024/07/17,100,487,254,173,306,862,44800,14900,29800,7400,4400,82105400
6515,2024/07/18,864,83,384,134,877,382,99800,16600,58200,8300,9900,74653000
6516,2024/07/19,086,242,414,138,934,355,75000,12500,43700,6200,7500,84152200
6517,2024/07/22,937,99,487,189,1068,559,89700,14900,52300,7400,8900,86867000
6518,2024/07/23,620,63,231,179,622,352,111100,18500,64800,9200,11100,72332200
6519,2024/07/24,643,301,376,100,872,425,63400,10500,36900,5200,6300,75787600
6520,2024/07/25,503,71,426,221,844,338,94000,15600,54800,7800,9400,78366400
6521,2024/07/26,498,68,391,173,1023,378,103100,17100,60100,8500,10300,81828800
6522,2024/07/29,853,85,1227,186,2324,498,64800,10800,37800,5400,6400,92405200
6523,2024/07/30,343,66,195,127,248,309,111800,37200,74500,18600,11100,71563600
6524,2024/07/31,392,248,363,148,854,372,70800,11800,41300,5900,7000,79180000
6525,2024/08/01,098,293,515,155,1206,407,60800,10100,35400,5000,6000,82594800
6526,2024/08/02,127,322,617,299,1283,487,51100,8500,29800,4200,5100,85755600
6527,2024/08/05,280,160,639,206,1489,454,73600,12200,42900,6100,7300,91048400
6528,2024/08/06,802,147,649,401,1229,422,51000,8500,29700,4200,5100,71842000
6529,2024/08/07,862,224,478,145,1006,530,65100,10800,37900,5400,6500,75973400
6530,2024/08/08,036,248,399,156,826,411,69700,11600,40600,5800,6900,79841800
6531,2024/08/09,270,32,427,137,953,361,117500,19500,68500,9700,11700,77992000
6532,2024/08/12,580,144,429,123,774,404,96100,16000,56000,8000,9600,83774600
6533,2024/08/13,701,54,318,125,688,395,113700,18900,66300,9400,11300,69978800
6534,2024/08/14,051,59,399,122,922,417,105800,17600,61700,8800,10500,74166800
6535,2024/08/15,337,70,256,149,337,354,108800,36200,72500,18100,10800,83713800
6536,2024/08/16,322,83,306,166,418,673,85700,28500,57100,14200,8500,82393200
6537,2024/08/19,684,193,533,167,1042,506,83000,13800,48400,6900,8300,95361000
6538,2024/08/20,772,47,205,93,307,348,138800,46200,92500,23100,13800,81263800
6539,2024/08/21,803,98,472,243,1099,350,77500,12900,45200,6400,7700,76730200
6540,2024/08/22,801,153,699,258,1551,310,60600,10100,35300,5000,6000,78259800
6541,2024/08/23,067,66,313,134,649,350,131500,21900,76700,10900,13100,83442000
6542,2024/08/26,900,153,292,166,342,715,86700,28900,57800,14400,8600,94366000
6543,2024/08/27,376,54,372,138,716,336,119900,19900,69900,9900,11900,77206800
6544,2024/08/28,656,52,168,100,205,343,143600,47800,95700,23900,14300,77638600
6545,2024/08/29,355,131,293,188,284,549,71400,23800,47600,11900,7100,72486000
6546,2024/08/30,864,105,377,158,933,471,91400,15200,53300,7600,9100,78189600
6547,2024/09/02,398,72,692,319,1355,552,80300,13300,46800,6600,8000,96666200
6548,2024/09/03,216,252,502,223,1060,397,60600,10100,35300,5000,6000,80063800
6549,2024/09/04,385,232,729,307,1454,477,52600,8700,30600,4300,5200,82032400
6550,2024/09/05,666,323,0,0,0,498,94500,0,0,0,9400,78314200
6551,2024/09/06,827,259,766,696,1271,582,39600,6600,23100,3300,3900,84398800
6552,2024/09/09,500,79,292,151,354,669,104500,34800,69600,17400,10400,93601200
6553,2024/09/10,811,490,273,188,420,682,41200,13700,27400,6800,4100,77427800
6554,2024/09/11,508,75,396,178,749,398,101500,16900,59200,8400,10100,78313800
6555,2024/09/12,527,103,442,193,907,398,83700,13900,48800,6900,8300,75303600
6556,2024/09/13,215,156,445,206,967,400,78500,13000,45700,6500,7800,82174000
6557,2024/09/16,319,249,603,418,1328,584,53100,8800,30900,4400,5300,90056600
6558,2024/09/17,669,73,198,153,229,419,102100,34000,68000,17000,10200,72867200
6559,2024/09/18,430,90,296,185,633,435,96800,16100,56400,8000,9600,73912000
6560,2024/09/19,297,88,434,221,1018,449,76600,12700,44600,6300,7600,71373400
6561,2024/09/20,776,94,200,124,208,368,111500,37100,74300,18500,11100,78037200
6562,2024/09/23,808,299,326,405,313,473,49500,16500,33000,8200,4900,85554800
6563,2024/09/24,844,217,328,115,441,633,64100,21300,42700,10600,6400,76932000
6564,2024/09/25,835,483,726,214,1701,397,38400,6400,22400,3200,3800,77743800
6565,2024/09/26,841,42,369,175,929,277,108800,18100,63400,9000,10800,75182400
6566,2024/09/27,171,55,292,107,526,408,102700,34200,68400,17100,10200,80377000
6567,2024/09/30,549,354,590,173,1152,510,60800,10100,35400,5000,6000,94744600
6568,2024/10/01,484,331,360,306,541,437,48100,16000,32000,8000,4800,84471600
6569,2024/10/02,190,122,473,122,1090,348,87400,14500,50900,7200,8700,77229600
6570,2024/10/03,097,63,332,112,730,292,119200,19800,69500,9900,11900,72523400
6571,2024/10/04,610,95,449,240,860,514,82400,13700,48000,6800,8200,79345200
6572,2024/10/07,477,76,234,140,265,851,105100,35000,70000,17500,10500,87991600
6573,2024/10/08,014,57,406,126,953,401,101600,16900,59200,8400,10100,71751400
6574,2024/10/09,113,129,266,258,324,532,66200,22000,44100,11000,6600,73157000
6575,2024/10/10,264,68,465,130,968,403,100600,16700,58600,8300,10000,76573000
6576,2024/10/11,751,118,561,161,1426,444,77700,12900,45300,6400,7700,81022200
6577,2024/10/14,202,76,221,174,301,457,101400,33800,67600,16900,10100,81486200
6578,2024/10/15,582,134,445,127,1133,331,83200,13800,48500,6900,8300,75799800
6579,2024/10/16,983,33,494,126,1292,374,105100,17500,61300,8700,10500,78034000
6580,2024/10/17,546,47,315,120,716,504,127200,21200,74200,10600,12700,79037800
6581,2024/10/18,411,89,259,187,442,541,85700,28500,57100,14200,8500,81537600
6582,2024/10/21,934,306,544,183,1039,464,66300,11000,38600,5500,6600,93867200
6583,2024/10/22,731,573,426,217,1010,441,39000,6500,22700,3200,3900,78024800
6584,2024/10/23,691,51,400,135,1060,429,102400,17000,59700,8500,10200,74586800
6585,2024/10/24,021,29,397,105,1017,389,120500,20000,70200,10000,12000,75032200
6586,2024/10/25,783,66,370,128,944,322,120800,20100,70400,10000,12000,84091400
6587,2024/10/28,830,117,486,248,1013,429,85600,14200,49900,7100,8500,89477000
6588,2024/10/29,161,52,198,83,350,318,122700,40900,81800,20400,12200,71896600
6589,2024/10/30,060,497,340,182,282,308,45100,15000,30000,7500,4500,81194600
6590,2024/10/31,133,330,289,158,477,809,51900,17300,34600,8600,5100,79842600
6591,2024/11/01,241,472,562,192,1226,459,47800,7900,27800,3900,4700,87801200
6592,2024/11/04,187,347,537,160,1212,966,57300,9500,33400,4700,5700,92626800
6593,2024/11/05,290,165,392,136,868,377,84000,14000,49000,7000,8400,78403800
6594,2024/11/06,359,80,415,262,907,556,78600,13100,45800,6500,7800,75670000
6595,2024/11/07,395,42,342,160,820,454,108800,18100,63400,9000,10800,74031800
6596,2024/11/08,984,65,407,176,968,521,101100,16800,58900,8400,10100,82753800
6597,2024/11/11,230,75,446,131,924,443,117700,19600,68600,9800,11700,90817200
6598,2024/11/12,518,346,398,234,748,485,53200,8800,31000,4400,5300,77991600
6599,2024/11/13,091,193,500,139,1157,394,70500,11700,41100,5800,7000,77333800
6600,2024/11/14,530,99,453,239,1007,348,77200,12800,45000,6400,7700,74297600
6601,2024/11/15,091,95,452,114,1160,428,95100,15800,55400,7900,9500,79585400
6602,2024/11/18,035,506,876,223,2077,461,42700,7100,24900,3500,4200,95198800
6603,2024/11/19,956,39,289,112,639,337,133800,22300,78000,11100,13300,71232400
6604,2024/11/20,406,54,340,156,688,451,116200,19300,67700,9600,11600,78570400
6605,2024/11/21,138,152,561,323,1308,554,55400,9200,32300,4600,5500,73781200
6606,2024/11/22,147,589,599,245,1324,635,38000,6300,22100,3100,3800,85001600
6607,2024/11/25,566,151,286,180,284,596,84000,28000,56000,14000,8400,88343400
6608,2024/11/26,814,78,365,202,802,381,89000,14800,51900,7400,8900,71545600
6609,2024/11/27,638,163,454,250,1002,439,64400,10700,37500,5300,6400,73299000
6610,2024/11/28,878,30,185,124,256,441,125700,41900,83800,20900,12500,72986600
6611,2024/11/29,656,299,240,153,269,390,66900,22300,44600,11100,6600,84032000
6612,2024/12/02,175,126,598,231,1155,579,82300,13700,48000,6800,8200,94169600
6613,2024/12/03,340,544,341,104,783,481,46400,7700,27000,3800,4600,80050600
6614,2024/12/04,179,113,372,155,942,391,92600,15400,54000,7700,9200,78868600
6615,2024/12/05,710,121,425,255,866,385,75500,12500,44000,6200,7500,75790600
6616,2024/12/06,281,662,540,206,1356,567,36400,6000,21200,3000,3600,84395400
6617,2024/12/09,692,54,521,158,1103,561,104100,17300,60700,8600,10400,88165200
6618,2024/12/10,205,57,352,164,778,342,107000,17800,62400,8900,10700,73862800
6619,2024/12/11,431,138,483,130,1145,426,77900,12900,45400,6400,7700,74936200
6620,2024/12/12,989,531,262,166,402,397,42600,14200,28400,7100,4200,79294400
6621,2024/12/13,409,91,449,249,975,777,84500,14000,49200,7000,8400,88360000
6622,2024/12/16,632,46,574,159,1222,600,110000,18300,64100,9100,11000,96880800
6623,2024/12/17,264,76,535,156,1143,441,88500,14700,51600,7300,8800,77801800
6624,2024/12/18,108,137,659,391,1326,424,57500,9500,33500,4700,5700,80264400
6625,2024/12/19,873,74,360,170,863,432,102400,17000,59700,8500,10200,79295600
6626,2024/12/20,052,98,386,116,838,588,103900,17300,60600,8600,10300,82824400
6627,2024/12/23,495,187,500,236,1135,456,82300,13700,48000,6800,8200,100297200
6628,2024/12/24,496,68,377,174,950,475,97400,16200,56800,8100,9700,77759800
6629,2024/12/25,404,90,193,167,319,443,105100,35000,70000,17500,10500,84833400
6630,2024/12/26,315,224,742,536,1358,488,47900,7900,27900,3900,4700,87563200
6631,2024/12/27,953,272,580,184,1153,465,69700,11600,40600,5800,6900,95893800
6632,2024/12/30,303,620,378,303,518,626,44300,14700,29500,7300,4400,108147000
6633,2025/01/06,188,172,274,170,466,939,88700,29500,59100,14700,8800,108110600
6634,2025/01/07,238,202,481,227,1174,469,68100,11300,39700,5600,6800,84684400
6635,2025/01/08,462,112,553,174,1141,391,81700,13600,47600,6800,8100,79867200
6636,2025/01/09,207,630,424,193,896,446,39900,6600,23200,3300,3900,82871400
6637,2025/01/10,669,88,145,151,210,512,113400,37800,75600,18900,11300,81458600
6638,2025/01/13,265,55,497,159,1078,367,111800,18600,65200,9300,11100,88801000
6639,2025/01/14,606,139,239,191,339,466,74400,24800,49600,12400,7400,74309600
6640,2025/01/15,216,111,576,270,1285,513,67300,11200,39200,5600,6700,78292600
6641,2025/01/16,100,73,170,149,207,718,103200,34400,68800,17200,10300,76941800
6642,2025/01/17,944,289,189,97,299,623,70600,23500,47000,11700,7000,83023800
6643,2025/01/20,672,61,505,145,994,482,114100,19000,66500,9500,11400,91550400
6644,2025/01/21,496,65,379,191,812,386,102100,17000,59500,8500,10200,78506600
6645,2025/01/22,842,45,455,110,1001,616,104400,17400,60900,8700,10400,76581600
6646,2025/01/23,239,137,415,167,938,709,76400,12700,44500,6300,7600,76928000
6647,2025/01/24,557,122,203,155,242,506,101300,33700,67500,16800,10100,86448400
6648,2025/01/27,169,195,530,298,1103,679,67900,11300,39600,5600,6700,93102200
6649,2025/01/28,763,266,380,179,777,482,65800,10900,38300,5400,6500,80001000
6650,2025/01/29,314,136,346,295,749,421,72200,12000,42100,6000,7200,75481400
6651,2025/01/30,577,161,195,99,263,509,92600,30800,61700,15400,9200,79663600
6652,2025/01/31,020,56,176,147,267,893,111600,37200,74400,18600,11100,85940200
6653,2025/02/03,168,323,694,501,1161,529,48200,8000,28100,4000,4800,94356400
6654,2025/02/04,799,141,154,96,244,692,90100,30000,60000,15000,9000,73396800
6655,2025/02/05,973,57,320,125,743,412,116400,19400,67900,9700,11600,74093000
6656,2025/02/06,033,183,191,164,355,674,72300,24100,48200,12000,7200,77584200
6657,2025/02/07,100,68,192,106,236,896,107300,35700,71500,17800,10700,79099200
6658,2025/02/10,249,116,520,213,1087,497,88700,14700,51700,7300,8800,92115000
6659,2025/02/11,086,27,288,104,655,381,147400,24500,85900,12200,14700,74839600
6660,2025/02/12,427,111,479,303,873,490,68100,11300,39700,5600,6800,74096200
6661,2025/02/13,354,158,310,156,701,1133,70300,11700,41000,5800,7000,73899800
6662,2025/02/14,720,86,435,192,889,415,103400,17200,60300,8600,10300,88726000
6663,2025/02/17,796,58,442,154,922,511,124500,20700,72600,10300,12400,96743200
6664,2025/02/18,804,165,368,207,732,421,77700,12900,45300,6400,7700,77751800
6665,2025/02/19,157,75,539,171,1323,324,85300,14200,49700,7100,8500,77207000
6666,2025/02/20,770,47,245,187,358,418,101400,33800,67600,16900,10100,79962400
6667,2025/02/21,531,104,542,242,1064,461,81100,13500,47300,6700,8100,84807000
6668,2025/02/24,423,137,606,279,1139,584,70600,11700,41100,5800,7000,86952000
6669,2025/02/25,185,63,378,138,952,452,104100,17300,60700,8600,10400,76651200
6670,2025/02/26,996,107,222,219,274,537,84700,28200,56400,14100,8400,80312800
6671,2025/02/27,372,94,541,230,1247,394,76800,12800,44800,6400,7600,78825800
6672,2025/02/28,394,92,522,232,1071,468,84800,14100,49400,7000,8400,84880000
6673,2025/03/03,422,84,300,221,378,839,90800,30200,60500,15100,9000,96571000
6674,2025/03/04,638,91,454,213,883,447,83100,13800,48400,6900,8300,75574600
6675,2025/03/05,052,45,382,104,844,398,127000,21100,74000,10500,12700,78877000
6676,2025/03/06,417,151,596,322,1294,624,58100,9600,33800,4800,5800,78598000
6677,2025/03/07,128,116,489,345,1103,903,64300,10700,37500,5300,6400,83062200
6678,2025/03/10,959,53,216,172,320,559,132300,44100,88200,22000,13200,102599000
6679,2025/03/11,036,79,451,170,1046,472,88900,14800,51800,7400,8800,76669000
6680,2025/03/12,312,226,723,582,1345,468,40300,6700,23500,3300,4000,75812600
6681,2025/03/13,946,71,363,185,890,475,95300,15800,55500,7900,9500,76476600
6682,2025/03/14,766,105,196,96,302,728,103200,34400,68800,17200,10300,82008200
6683,2025/03/17,187,70,564,163,1314,731,90300,15000,52600,7500,9000,88708000
6684,2025/03/18,150,69,387,93,904,448,106200,17700,61900,8800,10600,72693200
6685,2025/03/19,099,226,203,140,319,532,67200,22400,44800,11200,6700,73770000
6686,2025/03/20,320,297,594,672,929,569,34600,5700,20100,2800,3400,70950000
6687,2025/03/21,146,58,575,182,1191,423,90600,15100,52800,7500,9000,80869800
6688,2025/03/24,948,61,421,159,999,689,108100,18000,63000,9000,10800,90356800
6689,2025/03/25,990,355,162,126,242,341,60600,20200,40400,10100,6000,76530800
6690,2025/03/26,029,82,380,198,878,688,84900,14100,49500,7000,8400,75996200
6691,2025/03/27,725,110,516,280,1036,586,67700,11200,39400,5600,6700,75920200
6692,2025/03/28,730,166,422,200,950,454,74800,12400,43600,6200,7400,79469000
6693,2025/03/31,337,181,312,172,372,533,78300,26100,52200,13000,7800,89651000
6694,2025/04/01,515,84,210,197,236,334,92300,30700,61500,15300,9200,73471400
6695,2025/04/02,964,82,449,152,925,425,93800,15600,54700,7800,9300,76160400
6696,2025/04/03,129,165,458,353,1009,412,58900,9800,34300,4900,5800,75060000
6697,2025/04/04,214,140,485,248,1043,420,74000,12300,43100,6100,7400,81346200
6698,2025/04/07,623,167,598,296,1096,475,70400,11700,41000,5800,7000,90509200
6699,2025/04/08,457,167,420,160,826,415,74100,12300,43200,6100,7400,72626800
6700,2025/04/09,046,133,320,163,689,500,86900,14400,50600,7200,8600,75150800
6701,2025/04/10,467,160,348,250,777,367,70700,11700,41200,5800,7000,73131600
6702,2025/04/11,543,59,306,97,757,364,133900,22300,78100,11100,13300,79183600
6703,2025/04/14,313,150,281,212,353,473,80200,26700,53400,13300,8000,87563800
6704,2025/04/15,574,69,296,136,738,1109,95400,15900,55600,7900,9500,78526200
6705,2025/04/16,629,97,470,245,1025,469,79700,13200,46400,6600,7900,79829400
6706,2025/04/17,249,59,439,137,1008,414,104800,17400,61100,8700,10400,78602600
6707,2025/04/18,440,121,266,194,355,417,87400,29100,58200,14500,8700,85470800
6708,2025/04/21,637,82,530,192,1015,434,102000,17000,59500,8500,10200,93082200
6709,2025/04/22,020,100,125,87,214,460,120200,40000,80100,20000,12000,75150400
6710,2025/04/23,896,148,286,122,694,491,90700,15100,52900,7500,9000,75402000
6711,2025/04/24,978,58,458,151,972,447,100400,16700,58500,8300,10000,77727000
6712,2025/04/25,446,65,198,114,234,555,125400,41800,83600,20900,12500,84021000
6713,2025/04/28,718,262,512,264,1119,620,63100,10500,36800,5200,6300,92117600
6714,2025/04/29,253,102,482,146,1241,414,79100,13100,46100,6500,7900,72556800
6715,2025/04/30,878,194,200,130,243,322,88700,29500,59100,14700,8800,82846800
6716,2025/05/01,752,107,477,140,1065,323,98700,16400,57500,8200,9800,85389000
6717,2025/05/02,652,161,466,123,1116,340,87700,14600,51100,7300,8700,85256400
6718,2025/05/05,133,58,279,118,411,901,104000,34600,69300,17300,10400,89757400
6719,2025/05/06,157,78,531,165,1105,380,82600,13700,48100,6800,8200,72112000
6720,2025/05/07,990,99,252,141,337,387,96500,32100,64300,16000,9600,79807200
6721,2025/05/08,990,88,280,192,399,334,87700,29200,58400,14600,8700,79793200
6722,2025/05/09,190,394,835,262,1724,574,43000,7100,25000,3500,4300,84940600
6723,2025/05/12,502,83,511,182,966,547,103400,17200,60300,8600,10300,94102600
6724,2025/05/13,152,74,675,225,1488,433,70100,11600,40800,5800,7000,75600800
6725,2025/05/14,122,109,285,217,368,587,74400,24800,49600,12400,7400,77522400
6726,2025/05/15,371,218,395,239,1053,485,65500,10900,38200,5400,6500,81523600
6727,2025/05/16,611,103,255,191,364,836,82200,27400,54800,13700,8200,83985000
6728,2025/05/19,870,95,404,156,925,335,108200,18000,63100,9000,10800,87516400
6729,2025/05/20,263,56,345,101,907,312,115400,19200,67300,9600,11500,71653600
6730,2025/05/21,355,113,171,159,253,962,79000,26300,52600,13100,7900,72797800
6731,2025/05/22,680,40,314,116,733,411,124500,20700,72600,10300,12400,72566200
6732,2025/05/23,752,81,577,207,1150,527,84100,14000,49000,7000,8400,83518200
6733,2025/05/26,902,188,491,206,927,500,80300,13300,46800,6600,8000,92348400
6734,2025/05/27,238,94,372,162,966,411,88700,14700,51700,7300,8800,73363400
6735,2025/05/28,564,226,389,127,803,460,71100,11800,41400,5900,7100,75543000
6736,2025/05/29,849,65,377,155,928,528,95800,15900,55800,7900,9500,74234200
6737,2025/05/30,549,44,431,148,1049,449,105200,17500,61300,8700,10500,78255800
6738,2025/06/02,898,71,249,185,350,562,108600,36200,72400,18100,10800,94585400
6739,2025/06/03,800,63,233,148,252,742,91400,30400,60900,15200,9100,72249400
6740,2025/06/04,819,138,539,362,1039,545,58700,9700,34200,4800,5800,75705400
6741,2025/06/05,066,63,239,151,365,578,95200,31700,63400,15800,9500,76615800
6742,2025/06/06,227,279,291,266,330,756,54200,18000,36100,9000,5400,82521000
6743,2025/06/09,490,47,377,143,845,560,127800,21300,74500,10600,12700,90810600
6744,2025/06/10,284,43,401,131,871,445,105400,17500,61400,8700,10500,71051000
6745,2025/06/11,918,159,350,161,751,437,77700,12900,45300,6400,7700,72136000
6746,2025/06/12,535,39,194,121,332,463,112800,37600,75200,18800,11200,71738200
6747,2025/06/13,069,60,413,188,953,583,100900,16800,58800,8400,10000,84434000
6748,2025/06/16,040,108,206,135,273,510,117200,39000,78100,19500,11700,94604400
6749,2025/06/17,482,116,484,164,1003,349,82200,13700,47900,6800,8200,75132200
6750,2025/06/18,120,350,358,256,730,507,52200,8700,30400,4300,5200,77850000
6751,2025/06/19,695,45,350,123,680,419,120500,20000,70200,10000,12000,73328600
6752,2025/06/20,536,59,438,157,965,455,103600,17200,60400,8600,10300,80531200
6753,2025/06/23,870,56,403,157,889,475,119200,19800,69500,9900,11900,89093600
6754,2025/06/24,652,76,422,117,951,527,95600,15900,55700,7900,9500,73670800
6755,2025/06/25,306,106,379,178,765,328,97800,16300,57000,8100,9700,80395400
6756,2025/06/26,458,201,359,228,803,900,62300,10300,36300,5100,6200,76351800
6757,2025/06/27,621,240,517,272,1156,434,59300,9800,34500,4900,5900,82397600
6758,2025/06/30,149,74,615,180,1225,618,93000,15500,54200,7700,9300,92075000
6759,2025/07/01,307,80,451,208,956,361,88100,14600,51300,7300,8800,76816800
6760,2025/07/02,897,34,324,106,657,559,134400,22400,78400,11200,13400,77853200
6761,2025/07/03,108,106,566,444,1078,462,57800,9600,33700,4800,5700,76480000
6762,2025/07/04,407,88,568,235,1181,368,81200,13500,47300,6700,8100,82105200
6763,2025/07/07,190,92,635,244,1442,681,83000,13800,48400,6900,8300,97496200
6764,2025/07/08,614,90,383,253,876,479,79800,13300,46500,6600,7900,74981400
6765,2025/07/09,843,41,327,129,823,404,120700,20100,70400,10000,12000,75073600
6766,2025/07/10,364,130,398,173,948,423,81100,13500,47300,6700,8100,75499200
6767,2025/07/11,324,150,443,236,872,570,77100,12800,44900,6400,7700,84216000
6768,2025/07/14,588,160,232,170,334,822,83100,27700,55400,13800,8300,90321600
6769,2025/07/15,548,73,392,160,954,410,92600,15400,54000,7700,9200,72526000
6770,2025/07/16,693,71,571,229,1422,796,70200,11700,40900,5800,7000,77764400
6771,2025/07/17,442,57,147,104,292,427,125900,41900,83900,20900,12500,74623600
6772,2025/07/18,601,126,355,158,824,607,90700,15100,52900,7500,9000,82020800
6773,2025/07/21,224,103,200,205,320,390,92600,30800,61700,15400,9200,82082200
6774,2025/07/22,168,153,379,327,841,366,63800,10600,37200,5300,6300,72863800
6775,2025/07/23,801,80,539,194,1194,318,80300,13300,46800,6600,8000,73951200
6776,2025/07/24,671,229,401,124,1080,324,71000,11800,41400,5900,7100,77468600
6777,2025/07/25,294,84,445,184,1005,408,91600,15200,53400,7600,9100,79481600
6778,2025/07/28,648,223,651,293,1302,607,60100,10000,35000,5000,6000,89782600
6779,2025/07/29,524,159,790,274,971,426,57100,9500,33300,4700,5700,72843600
6780,2025/07/30,491,72,382,151,994,470,91400,15200,53300,7600,9100,71889200
6781,2025/07/31,244,77,206,154,273,777,90500,30100,60300,15000,9000,74765600
6782,2025/08/01,808,154,266,279,255,670,70600,23500,47000,11700,7000,84456600
6783,2025/08/04,856,189,390,198,933,566,82700,13700,48200,6800,8200,92658200
6784,2025/08/05,361,79,496,182,1135,401,83400,13900,48600,6900,8300,74657600
6785,2025/08/06,300,236,203,153,247,685,67500,22500,45000,11200,6700,77383400
6786,2025/08/07,207,47,361,195,811,384,103700,17200,60400,8600,10300,75339600
6787,2025/08/08,657,43,314,111,752,475,138400,23000,80700,11500,13800,83134000
6788,2025/08/11,090,79,252,155,355,620,98900,32900,65900,16400,9800,85206200
6789,2025/08/12,462,110,459,168,1151,319,78400,13000,45700,6500,7800,71888400
6790,2025/08/13,766,32,121,83,168,473,157900,52600,105200,26300,15700,71243800
6791,2025/08/14,142,58,390,122,988,336,103100,17100,60100,8500,10300,71084800
6792,2025/08/15,486,67,523,230,1109,459,87600,14600,51100,7300,8700,83128600
6793,2025/08/18,776,87,232,223,314,530,99700,33200,66400,16600,9900,92742600
6794,2025/08/19,631,152,323,111,946,404,88600,14700,51600,7300,8800,76802800
6795,2025/08/20,218,106,501,261,1085,447,71300,11800,41500,5900,7100,75634400
6796,2025/08/21,741,179,597,213,1287,443,61300,10200,35700,5100,6100,75576400
6797,2025/08/22,461,113,550,235,1210,427,77400,12900,45100,6400,7700,83514600
6798,2025/08/25,313,120,253,276,346,513,83900,27900,55900,13900,8300,92821800
6799,2025/08/26,650,63,296,122,699,390,119100,19800,69400,9900,11900,74358400
6800,2025/08/27,038,101,389,132,972,428,95100,15800,55400,7900,9500,77532600
6801,2025/08/28,186,43,509,190,1275,368,91300,15200,53200,7600,9100,77488200
6802,2025/08/29,805,81,377,218,766,534,97100,16100,56600,8000,9700,83774000
6803,2025/09/01,229,115,281,222,409,839,83900,27900,55900,13900,8300,94936800
6804,2025/09/02,275,49,527,179,1202,546,87800,14600,51200,7300,8700,77272600
6805,2025/09/03,806,48,363,236,888,458,97600,16200,56900,8100,9700,79428800
6806,2025/09/04,131,227,228,159,422,375,70200,23400,46800,11700,7000,80707400
6807,2025/09/05,856,66,345,189,845,420,102600,17100,59800,8500,10200,78970000
6808,2025/09/08,572,74,692,185,1277,460,94300,15700,55000,7800,9400,94305600
6809,2025/09/09,891,166,410,153,1007,388,79100,13100,46100,6500,7900,78474400
6810,2025/09/10,777,434,0,0,0,664,69100,0,0,0,6900,76864400
6811,2025/09/11,827,496,562,411,1081,490,36600,6100,21300,3000,3600,78882400
6812,2025/09/12,411,73,215,170,374,502,99800,33200,66500,16600,9900,82243000
6813,2025/09/15,573,70,629,170,1183,441,90900,15100,53000,7500,9000,84230600
6814,2025/09/16,672,41,400,128,982,263,108700,18100,63400,9000,10800,70182400
6815,2025/09/17,578,46,414,148,889,375,106300,17700,62000,8800,10600,73918400
6816,2025/09/18,368,93,455,225,1107,409,76400,12700,44500,6300,7600,73577800
6817,2025/09/19,630,96,374,230,823,400,93200,15500,54300,7700,9300,83073000
6818,2025/09/22,064,66,416,133,921,443,120100,20000,70000,10000,12000,89189200
6819,2025/09/23,072,274,324,171,735,339,63400,10500,36900,5200,6300,73759200
6820,2025/09/24,055,134,195,108,260,485,91500,30500,61000,15200,9100,73813400
6821,2025/09/25,439,156,420,237,932,500,71800,11900,41800,5900,7100,78523800
6822,2025/09/26,049,257,384,178,1006,523,65100,10800,37900,5400,6500,81265800
6823,2025/09/29,789,144,362,177,756,494,95400,15900,55600,7900,9500,89111600
6824,2025/09/30,194,88,453,209,1032,412,84800,14100,49400,7000,8400,77767400
6825,2025/10/01,213,128,472,248,1089,472,73200,12200,42700,6100,7300,79675400
6826,2025/10/02,936,89,504,165,1185,452,81800,13600,47700,6800,8100,75150800
6827,2025/10/03,279,67,479,214,1190,400,88300,14700,51500,7300,8800,80685600
6828,2025/10/06,523,122,552,263,1042,671,78000,13000,45500,6500,7800,90475800
6829,2025/10/07,654,42,395,143,926,502,104100,17300,60700,8600,10400,73755400
6830,2025/10/08,404,52,207,111,280,448,114300,38100,76200,19000,11400,72781400
6831,2025/10/09,636,185,139,97,229,367,87600,29200,58400,14600,8700,72272000
6832,2025/10/10,708,77,332,177,774,394,106500,17700,62100,8800,10600,80358400
6833,2025/10/13,278,87,510,220,995,400,86100,14300,50200,7100,8600,81013000
6834,2025/10/14,404,331,121,101,237,342,63400,21100,42200,10500,6300,72276400
6835,2025/10/15,374,94,416,213,912,431,85200,14200,49700,7100,8500,77053200
6836,2025/10/16,157,137,466,223,1117,429,70300,11700,41000,5800,7000,75113600
6837,2025/10/17,729,111,433,273,907,484,83000,13800,48400,6900,8300,86109200
6838,2025/10/20,518,157,497,258,885,626,81500,13500,47500,6700,8100,95497800
6839,2025/10/21,204,177,347,186,920,623,71700,11900,41800,5900,7100,76867400
6840,2025/10/22,139,216,463,187,1266,422,60900,10100,35500,5000,6000,74522800
6841,2025/10/23,209,65,412,226,924,717,78700,13100,45900,6500,7800,72446000
6842,2025/10/24,472,97,652,212,1389,413,76800,12800,44800,6400,7600,83111400
6843,2025/10/27,631,99,641,210,1424,470,80600,13400,47000,6700,8000,88487400
6844,2025/10/28,656,55,173,124,240,428,123700,41200,82400,20600,12300,76467600
6845,2025/10/29,652,154,415,129,993,329,83700,13900,48800,6900,8300,77036600
6846,2025/10/30,013,51,467,138,1224,374,95600,15900,55700,7900,9500,74136400
6847,2025/10/31,395,143,375,190,912,417,81800,13600,47700,6800,8100,78931800
6848,2025/11/03,810,397,721,392,1375,509,45700,7600,26600,3800,4500,92692800
6849,2025/11/04,684,151,465,186,1030,430,73300,12200,42700,6100,7300,75940400
6850,2025/11/05,344,61,149,115,312,572,118500,39500,79000,19700,11800,78125200
6851,2025/11/06,199,256,192,148,311,854,62900,20900,41900,10400,6200,77810800
6852,2025/11/07,289,129,574,246,1256,447,71300,11800,41500,5900,7100,82084800
6853,2025/11/10,256,106,468,247,1036,450,86800,14400,50600,7200,8600,88632000
6854,2025/11/11,758,426,332,187,697,430,50700,8400,29500,4200,5000,78016400
6855,2025/11/12,663,272,147,112,217,462,73300,24400,48800,12200,7300,77960200
6856,2025/11/13,790,186,348,138,709,429,81200,13500,47300,6700,8100,76971000
6857,2025/11/14,706,87,309,137,670,390,112100,18600,65300,9300,11200,78050600
6858,2025/11/17,567,334,481,255,838,415,63200,10500,36800,5200,6300,94783200
6859,2025/11/18,143,141,397,134,1005,368,81800,13600,47700,6800,8100,73833400
6860,2025/11/19,379,410,318,146,720,301,53400,8900,31100,4400,5300,75767800
6861,2025/11/20,909,98,244,159,318,561,81000,27000,54000,13500,8100,71077200
6862,2025/11/21,619,113,474,314,976,466,70100,11600,40800,5800,7000,78453200
6863,2025/11/24,836,119,556,241,1156,489,77300,12800,45000,6400,7700,85537800
6864,2025/11/25,873,202,380,190,878,394,67100,11100,39100,5500,6700,72908000
6865,2025/11/26,106,165,308,169,659,397,80300,13300,46800,6600,8000,73093800
6866,2025/11/27,861,54,468,137,1210,331,94100,15600,54800,7800,9400,72384200
6867,2025/11/28,656,459,224,178,289,481,52700,17500,35100,8700,5200,87728200
6868,2025/12/01,886,62,281,191,336,444,110100,36700,73400,18300,11000,93885800
6869,2025/12/02,584,60,382,147,855,354,107300,17800,62500,8900,10700,75390600
6870,2025/12/03,156,95,439,196,1049,450,82900,13800,48300,6900,8200,76444000
6871,2025/12/04,973,814,358,100,748,327,36400,6000,21200,3000,3600,83273200
6872,2025/12/05,835,96,857,253,1892,406,61600,10200,35900,5100,6100,80161800
6873,2025/12/08,412,224,574,257,1150,441,70300,11700,41000,5800,7000,95340800
6874,2025/12/09,735,207,494,190,1137,291,63300,10500,36900,5200,6300,73715200
6875,2025/12/10,983,310,501,195,1218,440,55000,9100,32000,4500,5500,79908200
6876,2025/12/11,270,39,376,128,905,339,120600,20100,70300,10000,12000,76600600
6877,2025/12/12,567,115,391,198,755,376,91500,15200,53300,7600,9100,80569800
6878,2025/12/15,355,177,270,227,328,727,79400,26400,52900,13200,7900,96306400
6879,2025/12/16,003,393,180,106,281,450,62300,20700,41500,10300,6200,85254800
6880,2025/12/17,249,394,433,170,970,436,55200,9200,32200,4600,5500,84696400
6881,2025/12/18,558,182,140,131,233,437,90800,30200,60500,15100,9000,80417600
6882,2025/12/19,837,404,484,175,1029,692,57000,9500,33200,4700,5700,94051800
6883,2025/12/22,919,185,227,253,358,536,82700,27500,55100,13700,8200,99772800
6884,2025/12/23,112,99,235,236,446,308,81400,27100,54200,13500,8100,79578400
6885,2025/12/24,862,53,474,124,1234,352,103100,17100,60100,8500,10300,78499600
6886,2025/12/25,319,383,491,252,1066,401,51400,8500,29900,4200,5100,84660800
6887,2025/12/26,395,58,534,218,1169,394,95500,15900,55700,7900,9500,87263800
6888,2025/12/29,089,341,743,301,1636,550,58100,9600,33800,4800,5800,107531400
6889,2025/12/30,921,265,697,313,1468,609,55100,9100,32100,4500,5500,91591200
6890,2026/01/05,622,441,365,242,583,808,53400,17800,35600,8900,5300,107208200
6891,2026/01/06,696,55,190,132,298,434,125200,41700,83400,20800,12500,83323400
6892,2026/01/07,620,782,445,237,962,484,35300,5800,20500,2900,3500,88273600
6893,2026/01/08,649,53,471,151,994,397,101200,16800,59000,8400,10100,76976400
6894,2026/01/09,673,554,452,163,1022,453,47700,7900,27800,3900,4700,90644000
6895,2026/01/12,982,360,503,142,1136,436,66800,11100,38900,5500,6600,98831800
6896,2026/01/13,784,89,429,156,848,380,95500,15900,55700,7900,9500,76436200
6897,2026/01/14,325,138,416,313,869,472,69500,11500,40500,5700,6900,78751600
6898,2026/01/15,345,150,377,276,671,891,76700,12700,44700,6300,7600,88487000
6899,2026/01/16,597,574,352,173,819,395,50500,8400,29400,4200,5000,94595200
6900,2026/01/19,590,63,501,233,967,559,100300,16700,58500,8300,10000,93444400
6901,2026/01/20,932,520,387,138,968,519,44700,7400,26000,3700,4400,79343400
6902,2026/01/21,949,94,152,114,218,404,114000,38000,76000,19000,11400,75345800
6903,2026/01/22,527,594,517,261,1047,469,37200,6200,21700,3100,3700,80089800
6904,2026/01/23,443,61,146,158,195,336,127800,42600,85200,21300,12700,79873800
6905,2026/01/26,643,383,577,196,1151,425,60000,10000,35000,5000,6000,97750400
6906,2026/01/27,073,34,324,84,784,324,137100,22800,79900,11400,13700,71520200
6907,2026/01/28,447,65,211,134,220,649,104400,34800,69600,17400,10400,75687400
6908,2026/01/29,461,141,384,171,968,381,80700,13400,47000,6700,8000,76019200
6909,2026/01/30,388,70,168,124,242,600,126500,42100,84300,21000,12600,86869200
6910,2026/02/02,037,267,498,122,1005,643,78300,13000,45600,6500,7800,99148200
6911,2026/02/03,105,256,338,233,788,380,67400,11200,39300,5600,6700,82731400
6912,2026/02/04,160,451,371,134,829,500,55600,9200,32400,4600,5500,87805400
6913,2026/02/05,470,39,348,121,865,343,129100,21500,75300,10700,12900,78655200
6914,2026/02/06,388,67,134,143,271,465,123500,41100,82300,20500,12300,81983600
6915,2026/02/09,316,255,776,477,1225,580,47900,7900,27900,3900,4700,87611200
6916,2026/02/10,293,53,350,155,862,343,108900,18100,63500,9000,10800,74508600
6917,2026/02/11,224,82,240,223,260,525,80000,26600,53300,13300,8000,72292000
6918,2026/02/12,827,78,532,237,1029,404,77100,12800,44900,6400,7700,73889000
6919,2026/02/13,493,495,583,206,1176,359,50300,8300,29300,4100,5000,94673400
6920,2026/02/16,758,112,478,225,818,671,91500,15200,53300,7600,9100,93210600
6921,2026/02/17,269,91,451,206,1104,484,81700,13600,47600,6800,8100,77519600
6922,2026/02/18,979,144,156,113,231,395,108800,36200,72500,18100,10800,84538200
6923,2026/02/19,135,72,462,180,1050,369,94300,15700,55000,7800,9400,79362000
6924,2026/02/20,918,76,381,218,1042,482,91600,15200,53400,7600,9100,81815200
6925,2026/02/23,843,62,521,200,947,566,102800,17100,59900,8500,10200,91624800
6926,2026/02/24,490,513,352,154,859,394,45100,7500,26300,3700,4500,77570800
6927,2026/02/25,099,97,277,128,444,469,83600,27800,55700,13900,8300,73515000
6928,2026/02/26,123,127,422,313,973,477,67100,11100,39100,5500,6700,75915000
6929,2026/02/27,682,124,504,187,1122,405,86000,14300,50100,7100,8600,86215400
6930,2026/03/02,132,52,708,192,1471,519,93500,15500,54500,7700,9300,94880800
6931,2026/03/03,731,215,475,241,1089,460,59100,9800,34400,4900,5900,75174400
6932,2026/03/04,971,52,391,131,976,335,111500,18500,65000,9200,11100,76483600
6933,2026/03/05,903,97,558,241,1171,349,87600,14600,51100,7300,8700,90228400
6934,2026/03/06,314,122,492,382,928,483,70200,11700,40900,5800,7000,86245800
6935,2026/03/09,413,232,661,338,1183,611,60900,10100,35500,5000,6000,94708800
6936,2026/03/10,917,127,439,231,889,466,73000,12100,42500,6000,7300,73910600
6937,2026/03/11,540,104,302,130,774,327,109400,18200,63800,9100,10900,79633200
6938,2026/03/12,614,94,496,245,1010,357,77000,12800,44900,6400,7700,75275000
6939,2026/03/13,670,483,314,137,700,281,55500,9200,32300,4600,5500,86547400
6940,2026/03/16,423,107,568,286,982,477,81000,13500,47200,6700,8100,89673200
6941,2026/03/17,834,47,339,156,722,627,108900,18100,63500,9000,10800,76803200
6942,2026/03/18,128,181,433,283,922,509,63500,10500,37000,5200,6300,77115200
6943,2026/03/19,690,332,302,132,790,477,63700,10600,37100,5300,6300,81146800
6944,2026/03/20,319,140,667,452,1329,536,50200,8300,29200,4100,5000,75908600
6945,2026/03/23,191,135,315,152,576,443,82100,27300,54700,13600,8200,87975000
6946,2026/03/24,619,225,552,366,1119,510,53300,8800,31000,4400,5300,79926800
6947,2026/03/25,141,72,191,98,379,323,112700,37500,75100,18700,11200,74300800
6948,2026/03/26,413,608,685,387,1354,466,34400,5700,20000,2800,3400,84655800
6949,2026/03/27,048,56,357,136,711,405,122200,20300,71200,10100,12200,80023000
6950,2026/03/30,860,77,511,184,1000,345,106300,17700,62000,8800,10600,91563600
6951,2026/03/31,048,66,392,153,863,350,97000,16100,56500,8000,9700,70613800
6952,2026/04/01,063,329,422,102,1064,342,65800,10900,38300,5400,6500,85058600
6953,2026/04/02,095,100,281,110,703,439,111600,18600,65100,9300,11100,77767200
6954,2026/04/03,479,125,360,206,877,367,90600,15100,52800,7500,9000,83553600
6955,2026/04/06,881,555,252,150,341,536,51800,17200,34500,8600,5100,97926000
6956,2026/04/07,228,107,223,188,282,406,83200,27700,55400,13800,8300,72921200
6957,2026/04/08,941,275,577,180,1223,321,60700,10100,35400,5000,6000,82411600
6958,2026/04/09,944,52,201,113,338,572,105600,35200,70400,17600,10500,72301400
6959,2026/04/10,047,757,366,189,845,457,36400,6000,21200,3000,3600,84499800
6960,2026/04/13,528,130,572,311,985,434,74000,12300,43100,6100,7400,87572200
6961,2026/04/14,186,38,481,154,1163,372,93900,15600,54700,7800,9300,71451600
6962,2026/04/15,099,201,287,158,403,371,70700,23500,47100,11700,7000,79561600
6963,2026/04/16,039,93,486,154,1149,535,83800,13900,48800,6900,8300,76959200
6964,2026/04/17,133,101,282,164,506,996,76500,25500,51000,12700,7600,83056800
6965,2026/04/20,231,446,1076,212,2019,546,46300,7700,27000,3800,4600,100074200
6966,2026/04/21,202,455,185,172,308,422,52100,17300,34700,8600,5200,84030200
6967,2026/04/22,801,739,600,224,1417,397,33200,5500,19300,2700,3300,83292000
6968,2026/04/23,377,48,177,111,283,421,116800,38900,77800,19400,11600,70151000
6969,2026/04/24,137,125,735,305,1534,530,59300,9800,34500,4900,5900,79940400
6970,2026/04/27,425,242,552,410,955,436,60400,10000,35200,5000,6000,93553800
6971,2026/04/28,837,517,316,155,759,319,48000,8000,28000,4000,4800,80667400
6972,2026/04/29,818,110,189,182,289,438,81000,27000,54000,13500,8100,69563400
6973,2026/04/30,035,58,334,134,822,305,118200,19700,68900,9800,11800,76436200
6974,2026/05/01,706,51,300,139,645,611,127800,21300,74500,10600,12700,84341400
6975,2026/05/04,791,693,592,130,1240,428,46400,7700,27000,3800,4600,104565200
6976,2026/05/05,579,49,278,161,648,375,113300,18800,66000,9400,11300,70701000
6977,2026/05/06,369,670,525,486,1037,392,31000,5100,18000,2500,3100,80547400
6978,2026/05/07,256,67,444,246,1016,563,82700,13700,48200,6800,8200,78255000
6979,2026/05/08,647,56,357,217,748,400,108000,18000,63000,9000,10800,82707800
6980,2026/05/11,971,51,533,151,1109,413,108600,18100,63300,9000,10800,87330600
6981,2026/05/12,760,55,297,120,686,302,122800,20400,71600,10200,12200,71477000
6982,2026/05/13,848,56,167,123,248,426,121500,40500,81000,20200,12100,74958800
